trade_date,daily_return,equity
2020-02-07,-0.0204708676956607,0.9795291323043394
2020-02-10,0.005217753042865092,0.9846400734149953
2020-02-11,-0.011214607868136883,0.9735977211003926
2020-02-12,0.011816923926354417,0.9851026513055079
2020-02-13,-0.017253089588862236,0.9681065870083082
2020-02-14,-0.0018085151693759682,0.9663557515601309
2020-02-17,0.03260105971256261,0.9978599731203209
2020-02-18,0.0013905541941795219,0.9992475514911472
2020-02-19,-0.013067392745522433,0.9861899912858106
2020-02-20,0.02591149519646968,1.0117436485078193
2020-02-21,0.016828380636266238,1.0287696557312338
2020-02-24,-0.014313015208673036,1.0140448600025314
2020-02-25,0.006230177599352765,1.0203625395740579
2020-02-26,-0.027639910999731704,0.9921598097927706
2020-02-27,0.0038159037054144584,0.9959457960873221
2020-02-28,-0.0650350589901191,0.931174402487822
2020-03-02,0.035938916555712797,0.9646398016376477
2020-03-03,0.03059109734249235,0.9941491917099875
2020-03-04,-0.008941538108902608,0.9852599688263779
2020-03-05,0.023376897713824923,1.0082922903391585
2020-03-06,-0.02185370267314829,0.9862573704184588
2020-03-09,-0.05540948691550299,0.9316093555569389
2020-03-10,0.034640057427984816,0.9638803571338792
2020-03-11,-0.011785598398458358,0.9525204503405367
2020-03-12,-0.027634028992767845,0.926198472599622
2020-03-13,-0.007100121511886215,0.9196223509000412
2020-03-16,-0.06690770643223862,0.8580925286174961
2020-03-17,-0.011617261728468664,0.8481238431253031
2020-03-18,-0.02924679142499484,0.8233189419828523
2020-03-19,-0.020449064925603944,0.8064828394837654
2020-03-20,0.012836494197851767,0.8168352517734658
2020-03-23,-0.05100815412001186,0.7751699933603462
2020-03-24,0.03721302889595235,0.8040164167225399
2020-03-25,0.040263527432129576,0.8363889537731303
2020-03-26,0.002362893561257434,0.8383652518467076
2020-03-27,0.001309777129265527,0.8394633234795474
2020-03-30,-0.012377623892587092,0.8290727621898965
2020-03-31,-0.005200366740369583,0.8247612797720577
2020-04-01,0.0005503474292095356,0.8252151850220918
2020-04-02,0.02104593358532425,0.8425826089996677
2020-04-03,-0.021557846564494165,0.8244183423969418
2020-04-07,0.027754640984620438,0.8472997775113047
2020-04-08,-0.009329168192515613,0.8393951753774207
2020-04-09,0.00029714191766316844,0.8396445948695096
2020-04-10,-0.011174731604733812,0.8302617918784774
2020-04-13,-0.02407091613157125,0.8102766299189225
2020-04-14,0.04422340261245972,0.8461098195512939
2020-04-15,-0.00011680938591221435,0.8460109859828578
2020-04-16,0.004644770882262089,0.8499405131766249
2020-04-17,0.017253591174488603,0.8646050393136094
2020-04-20,-0.0030108056414538953,0.8620018815836145
2020-04-21,-0.004389065194786906,0.8582184991273151
2020-04-22,0.002337887764884139,0.860224917656022
2020-04-23,-0.006447266354682402,0.8546788184869589
2020-04-24,-0.002656995362394804,0.852407940829902
2020-04-27,0.013412331929701399,0.863840719071826
2020-04-28,0.00989059966840053,0.8723846218014286
2020-04-29,0.017429214533530635,0.8875896005305587
2020-04-30,0.019078731479753003,0.9045236841833024
2020-05-06,-0.0013564704866874666,0.9032967245011979
2020-05-07,-0.008999463572791383,0.8951675385336276
2020-05-08,0.0119968227047072,0.9059067047844247
2020-05-11,-0.010730395174910284,0.8961859678504871
2020-05-12,-0.007253534347250429,0.8896854521511598
2020-05-13,-0.0046153660580802724,0.8855792281129334
2020-05-14,-0.0170159096993088,0.8705102919357802
2020-05-15,0.01650938327996626,0.8848818799945034
2020-05-18,-0.008543958075193897,0.8773214863103316
2020-05-19,0.018648182623587306,0.8936819376066437
2020-05-20,0.015590816473905672,0.9076151686819133
2020-05-21,-0.01928956214822153,0.8901076694789549
2020-05-22,-0.030198964261573702,0.8632273397794074
2020-05-25,0.0016962721881323695,0.8646916083079107
2020-05-26,0.019154109206723557,0.8812540058035778
2020-05-27,0.000620937989159881,0.8818012098938807
2020-05-28,0.005644951460383546,0.8867789349214391
2020-05-29,-0.0035218495765546587,0.8836558329049885
2020-06-01,0.029084091601374484,0.9093561600932861
2020-06-02,0.005798005774198534,0.9146286123603099
2020-06-03,-0.00014015546553294844,0.9145004221613549
2020-06-04,0.0010996154655653068,0.9155060209688295
2020-06-05,0.004350497303547973,0.9194889274444363
2020-06-08,0.00242104026362297,0.9217150471597347
2020-06-09,0.007061572360573726,0.9282238046610829
2020-06-10,0.012056027443142353,0.9394144963234549
2020-06-11,-0.002679595196041773,0.9368972457520145
2020-06-12,-0.007979560118848289,0.9294212178543529
2020-06-15,-0.018879010358516718,0.9118746650550554
2020-06-16,0.016293748666581953,0.9267325216628861
2020-06-17,-0.004146260026256177,0.9228900476532838
2020-06-18,0.0008385274946730858,0.9236639163328013
2020-06-19,0.01901182858551259,0.9412244563807437
2020-06-22,-0.0049350942871838055,0.9365794249431014
2020-06-23,-0.006201554916702934,0.9307711762054627
2020-06-24,0.0235820108248271,0.9527206321581769
2020-06-29,-0.0048538131881924835,0.9480963041891445
2020-06-30,0.012028859184632479,0.9595008211257062
2020-07-01,0.014853051783007701,0.9737523365077247
2020-07-02,0.01811986956907516,0.991396601837827
2020-07-03,0.024028967390498812,1.0152188384544394
2020-07-06,0.08995621860563079,1.1065440862190015
2020-07-07,0.0005177653442417496,1.1071170163987212
2020-07-08,0.012543803136667808,1.1210044743016818
2020-07-09,0.0012624187643300866,1.122419651384938
2020-07-10,-0.04071414768872424,1.0767212919297253
2020-07-13,0.006702118562599502,1.0839376056871137
2020-07-14,-0.02944148012807768,1.0520248782092005
2020-07-15,-0.02787517613793289,1.0226994994276317
2020-07-16,-0.018003979108181894,1.0042868390059887
2020-07-17,0.004335525936243719,1.0086409506439273
2020-07-20,0.030921749824156814,1.0398298937821384
2020-07-21,-0.0037000892281302913,1.0359824303930674
2020-07-22,0.0010499835180703225,1.0370701948699905
2020-07-23,-0.024619101405482624,1.0115384585778826
2020-07-24,-0.041846433833046315,0.9692091814014215
2020-07-27,-0.009675966337653072,0.9598311459880371
2020-07-28,0.004298124840556472,0.963956620079348
2020-07-29,0.021673362176706457,0.9848488010289616
2020-07-30,-0.017781343775355524,0.9673368659311188
2020-07-31,0.0011724765830657402,0.9684710457543594
2020-08-03,0.019957626491808506,0.987799429153656
2020-08-04,0.020565496827733676,1.0081140151803525
2020-08-05,-0.014109017038567115,0.9938905173633545
2020-08-06,0.016423783567535526,1.0102139601103564
2020-08-07,-0.01581958157562195,0.9942327979595585
2020-08-10,0.011442003966010805,1.0056088135769499
2020-08-11,-0.00828882082179013,0.9972735023043975
2020-08-12,0.006851202493357837,1.004106025009945
2020-08-13,-0.005290714984722111,0.9987935862171751
2020-08-14,0.028350879032494374,1.0271102623584496
2020-08-17,0.03413361222174527,1.062169245762768
2020-08-18,-0.010295004468022858,1.0512342086318438
2020-08-19,-0.011890348988389587,1.0387346670226776
2020-08-20,-0.021779004563324784,1.016112059969507
2020-08-21,0.010804260894916965,1.0270903997638892
2020-08-24,-0.006687234326116768,1.0202220055865632
2020-08-25,0.00254808225232069,1.0228216151724254
2020-08-26,-0.018228209727719585,1.0041774082570176
2020-08-27,0.002781455499864194,1.0069704830320534
2020-08-28,0.02512156161436141,1.0322671540653865
2020-08-31,-0.0036725142358944676,1.028476138246835
2020-09-01,0.004810272084835643,1.0334233883045632
2020-09-02,-0.0014100923587081482,1.0319661658814046
2020-09-03,-0.02148692702179041,1.009792384186154
2020-09-04,-0.002730213606540577,1.007035435279068
2020-09-07,-0.011506124458984099,0.9954483602261398
2020-09-08,0.01735426200941063,1.0127236318863424
2020-09-09,-0.021011805209384542,0.9914444802022061
2020-09-10,-0.00173432983015324,0.9897249884652507
2020-09-11,-0.00869813063829187,0.9811162312195981
2020-09-14,0.009972083909964588,0.9909000046027482
2020-09-15,0.00028078028646301895,0.9911782297898968
2020-09-16,0.0027749176086771707,0.9939286677130782
2020-09-17,0.0010603982149586615,0.9949826278981173
2020-09-18,0.022297351260679592,1.0171681050506358
2020-09-21,-0.006948436243075025,1.010100377324202
2020-09-22,-0.020965044525994014,0.9889235779378769
2020-09-23,-0.001310332061754978,0.9876277596670794
2020-09-24,-0.023679514862268564,0.9642412134536538
2020-09-25,0.0011809758975579454,0.9653799590861747
2020-09-28,-0.001967803621471642,0.9634802809065888
2020-09-29,-0.009971953445406282,0.9538725003998213
2020-09-30,0.005891179252972963,0.9594919342841582
2020-10-09,0.0141734922317062,0.9730912857611196
2020-10-12,0.031589502500715204,1.0038307553660946
2020-10-13,0.006894284109404292,1.0107514497913463
2020-10-14,-0.00328932032509599,1.0074267645039274
2020-10-15,0.011386541680483697,1.0188978713479862
2020-10-16,0.014752749466845275,1.033929416376285
2020-10-19,0.002966386542750129,1.036996450683177
2020-10-20,0.0005898460439836736,1.0376081189372377
2020-10-21,0.005400134269227734,1.0432113420983398
2020-10-22,-0.009797665438381639,1.032990306386935
2020-10-23,0.014677632602531595,1.048152158586059
2020-10-26,-0.007958776246519528,1.039810150083566
2020-10-27,0.0033740771030376835,1.043318549702469
2020-10-28,0.011904118505700612,1.055738337357323
2020-10-29,0.0027652538830375737,1.058657721894172
2020-10-30,-0.006075510678437479,1.0522258355999936
2020-11-02,0.01601502197801763,1.0690772554829653
2020-11-03,0.00960521595580858,1.0793459733953223
2020-11-04,0.008108104958007956,1.088097423833615
2020-11-05,-0.0076571644001969625,1.0797656829758902
2020-11-06,0.0045580041473640325,1.0846872594370756
2020-11-09,0.011146158981986268,1.0967773560764962
2020-11-10,0.004110939168373499,1.1012861410685764
2020-11-11,-0.012761211932833158,1.0872323952237082
2020-11-12,0.024938724311573957,1.1143465841908045
2020-11-13,-0.024257563359161183,1.0873152513207311
2020-11-16,0.005034019914135286,1.0927888179488225
2020-11-17,0.0029588649525110386,1.096022232482747
2020-11-18,0.021201887107893613,1.1192599721235879
2020-11-19,0.009825658471392643,1.1302574383503747
2020-11-20,-0.0025423281938545816,1.1273839529985428
2020-11-23,0.026667207547617904,1.1574481348590089
2020-11-24,-0.025275422265029768,1.1281931445005764
2020-11-25,-0.011799274872020407,1.1148812834798851
2020-11-26,0.013549545188681086,1.1299874178104106
2020-11-27,0.014497940573176363,1.146369908242263
2020-11-30,-0.005592530158613718,1.1399587999574907
2020-12-01,0.022674952111549535,1.1658073111556662
2020-12-02,-0.010557654516228143,1.1534991203319918
2020-12-03,0.0017861661488799419,1.1555594614134916
2020-12-04,-0.01311536519505363,1.1404038770724543
2020-12-07,-0.017106161625363714,1.1208959440330615
2020-12-08,-0.003713733321671094,1.11673323541558
2020-12-09,-0.010194371666531143,1.1053488417613857
2020-12-10,-0.002375052494764033,1.1027235802371758
2020-12-11,-0.00433322141274628,1.0979452348069518
2020-12-14,0.008910229394981354,1.1077281787122084
2020-12-15,0.0007001641169970263,1.1085037702343292
2020-12-16,0.0018427760515646134,1.1105464944351862
2020-12-17,-0.0016808358125396012,1.108679848115849
2020-12-18,-0.005991967741573882,1.102036674230206
2020-12-21,0.008903564382684212,1.1118487287112937
2020-12-22,-0.02519290899120752,1.0838380248768802
2020-12-23,0.0024070805448650847,1.0864469103003462
2020-12-24,0.004553265512604783,1.091393791548293
2020-12-25,-0.01065351404718177,1.0797666124590264
2020-12-28,0.0052134116141735465,1.0853958802570172
2020-12-29,0.006798198101531076,1.09277461646959
2020-12-30,0.006039248008991656,1.0993741533963806
2020-12-31,0.038200289446623716,1.1413705642662593
2021-01-04,-0.010369096480278358,1.1295355827656326
2021-01-05,0.0013604780010501398,1.1310722910773885
2021-01-06,0.030786351135188312,1.1658938797897789
2021-01-07,0.011757320101439558,1.1796016673387766
2021-01-08,0.002274755554409887,1.1822849727835465
2021-01-11,0.0027940216550182604,1.1855883025999063
2021-01-12,0.026629298447285937,1.2171596873454504
2021-01-13,0.013073334555661878,1.2330720231457823
2021-01-14,-0.02105133471407687,1.2071142112599766
2021-01-15,0.013690080974326077,1.2236397025573855
2021-01-18,0.03562023922198417,1.267226041483997
2021-01-19,0.018387407580745602,1.290527043205698
2021-01-20,-0.002465892088185743,1.2873447427802676
2021-01-21,0.029412207672029272,1.325208393700416
2021-01-22,-0.01048467287972125,1.3113140171950064
2021-01-25,-0.004325785989623743,1.305641553391427
2021-01-26,-0.015397526211212561,1.2855379033506342
2021-01-27,0.01828964257302627,1.309049932116995
2021-01-28,-0.024836707460805574,1.276537441901418
2021-01-29,0.017495135921065257,1.2988706379558124
2021-02-01,0.05154788238801614,1.3658246688384061
2021-02-02,-0.017398900638760744,1.3420608211353184
2021-02-03,-0.005623297044316818,1.3345140144865348
2021-02-04,0.0024311817473633792,1.3377584606001551
2021-02-05,0.010429297654688289,1.3517103417758316
2021-02-08,0.0025762910774085324,1.3551927410685896
2021-02-09,0.02904987936226096,1.3945609267092438
2021-02-10,0.022718165696372267,1.4262427929159107
2021-02-18,0.00564085440167994,1.4342880208521946
2021-02-19,-0.006831132515557521,1.4244902093162766
2021-02-22,-0.031966532569201754,1.3789541966456587
2021-02-23,0.028963070775218758,1.4188929446388916
2021-02-24,-0.03615187012576101,1.3675973111819477
2021-02-25,-0.006515200913702501,1.358687139930558
2021-02-26,-0.028708138764946822,1.3196817609792828
2021-03-01,0.010402200194430907,1.3334093548499284
2021-03-02,0.001831162700969206,1.335851044325653
2021-03-03,0.0396743329352377,1.388850043410114
2021-03-04,-0.01649843758475485,1.3659361876543281
2021-03-05,-0.009108544652832506,1.3534944968961589
2021-03-08,-0.02794526291689144,1.3156707373238299
2021-03-09,-0.009205571395192588,1.3035592364188298
2021-03-10,-0.0095345571692849,1.2911303763556452
2021-03-11,0.026526608562350045,1.3253796864521912
2021-03-12,0.017625063921253032,1.3487395881458413
2021-03-15,-0.007325370340471686,1.3388595711698177
2021-03-16,-0.008068330961359097,1.3280572090388363
2021-03-17,-0.01181881061996215,1.3123611523927308
2021-03-18,0.016598159307818088,1.3341439318695372
2021-03-19,-0.04534484833037411,1.273647377628024
2021-03-22,0.0412238539302221,1.326152031081972
2021-03-23,-0.01244227304193235,1.309651685416137
2021-03-24,-0.023139560983692187,1.279346920374055
2021-03-25,0.002257379943381007,1.2822348924527336
2021-03-26,0.026723942308299147,1.3165012637443287
2021-03-29,-4.802938473528565e-05,1.3164380329986278
2021-03-30,0.03194021491893192,1.35848534670006
2021-03-31,0.003012181665097239,1.3625773513536932
2021-04-01,-0.0058191658138963724,1.3546482878119062
2021-04-02,-0.009553660594937822,1.3417064378446377
2021-04-06,0.0029346968739104216,1.3456439395334858
2021-04-07,-0.008801631279769628,1.3338000777438555
2021-04-08,-0.008238134834370156,1.322812052861308
2021-04-09,-0.010689493984802864,1.3086718613792223
2021-04-12,-0.014483530041420334,1.2897176731605748
2021-04-13,0.0057242097395072316,1.2971002876264952
2021-04-14,0.005817588470473385,1.304646283304839
2021-04-15,-0.022790245857206865,1.2749130737516303
2021-04-16,0.004901695400630087,1.2811623093014417
2021-04-19,0.03502676331616331,1.3260372782789327
2021-04-20,0.009496078517122161,1.3386294323901002
2021-04-21,0.034013185855054605,1.3841604840650308
2021-04-22,-0.006738731877603284,1.374832997687343
2021-04-23,0.0068688504172375415,1.3842765198971398
2021-04-26,-0.011386771910110985,1.368514078904549
2021-04-27,0.004630631046353899,1.3748511626856967
2021-04-28,0.005545022987484531,1.3824747439871587
2021-04-29,0.01832438887515749,1.4078077488060632
2021-04-30,-0.02805613368089895,1.3683101064085548
2021-05-06,-0.0010355105873987396,1.366893206806524
2021-05-07,-0.0028649413134116766,1.3629771379873223
2021-05-10,-0.004748085971525688,1.3565056053589346
2021-05-11,0.028105357517876055,1.3946306803725503
2021-05-12,0.006933716749243961,1.4043006544800591
2021-05-13,-0.011874718929038167,1.3876249789162443
2021-05-14,0.015601165827545449,1.409273546318761
2021-05-17,0.003703055166476029,1.4144921640054346
2021-05-18,0.012454521903529544,1.432108987644411
2021-05-19,-0.01628213559167428,1.4087911949255294
2021-05-20,0.015279584773412772,1.4303169394164317
2021-05-21,-0.014543123436286609,1.409515663613487
2021-05-24,0.017322694783572585,1.433932273246928
2021-05-25,0.058058109590144014,1.5171836703119423
2021-05-26,0.001749675454378245,1.5198382493396705
2021-05-27,-0.006565380232095149,1.5098599333414737
2021-05-28,0.0028785001621033737,1.5142060654043508
2021-05-31,-0.006761660969832994,1.5039675173516218
2021-06-01,-0.012786543453441915,1.4847369713384402
2021-06-02,-0.0035425646903088914,1.4794771945693805
2021-06-03,-0.0099140608191323,1.4648095676819006
2021-06-04,0.012635105185970849,1.4833175906469778
2021-06-07,0.0010653615567921177,1.4848978601845666
2021-06-08,0.002722965636617558,1.4889411860317363
2021-06-09,-0.0005471876205290771,1.488126455847044
2021-06-10,0.006869356167478635,1.498348926494505
2021-06-11,-0.03508732042589121,1.445775877600802
2021-06-15,0.0027432386722145985,1.4497419858995917
2021-06-16,-0.004011550051987944,1.443926273360687
2021-06-17,0.01998826879193827,1.472787859828362
2021-06-18,0.013559728708876229,1.4927584636533608
2021-06-21,-0.009832233070413846,1.4780813145208882
2021-06-22,0.012865735808603581,1.4970979182171473
2021-06-23,-0.003821327681473511,1.491377016500388
2021-06-24,-0.00893090765682684,1.478057666084509
2021-06-25,0.006866697798555717,1.4882070414063497
2021-06-28,-0.008188531503048916,1.4760208111647346
2021-06-29,-0.011154692268012653,1.4595562532350095
2021-06-30,0.027214166597386253,1.4992768602688038
2021-07-01,-0.00016348813386228103,1.4990317462927756
2021-07-02,-0.03851998291846866,1.4412890690313356
2021-07-05,0.015579978650316462,1.4637443219557784
2021-07-06,0.007886487745443501,1.475288123613345
2021-07-07,0.00031816847913605323,1.4757575137919225
2021-07-08,-0.015319487807240684,1.4531496645529434
2021-07-09,-0.0253015818797081,1.4163826793317866
2021-07-12,0.0009854574758597263,1.4177784642318123
2021-07-13,0.0006880997180201224,1.4187540371932652
2021-07-14,-0.01822033775860162,1.3929038594392242
2021-07-15,0.023481786176210218,1.4256117300305942
2021-07-16,-0.005466153611535389,1.4178191173238404
2021-07-19,0.0029121899254663797,1.4219480758734444
2021-07-20,-0.02214623783757182,1.3904572755924733
2021-07-21,0.010114603379048607,1.4045211994506037
2021-07-22,0.022286505421792262,1.4358230687771818
2021-07-23,-0.020771457814907895,1.405998930474405
2021-07-26,-0.03229185449794081,1.360596617587265
2021-07-27,-0.05479754402156752,1.286039264539431
2021-07-28,0.0019253929323254833,1.2885153954500683
2021-07-29,0.009575427714344534,1.3008534814780204
2021-07-30,-0.014604545443751005,1.281855107692113
2021-08-02,0.019827638399637415,1.3072712672481606
2021-08-03,-0.00690984499007663,1.2982382254314948
2021-08-04,-0.002732366180579001,1.2946909632099908
2021-08-05,-0.015795078163028053,1.274241218249123
2021-08-06,0.002650379807711175,1.2776184414441236
2021-08-09,0.027459873065450946,1.3127016816722585
2021-08-10,0.018298860265269168,1.336722626315163
2021-08-11,-0.003210099067389227,1.3324316142590706
2021-08-12,-0.0023569516761172693,1.3292911373325311
2021-08-13,-0.011357008742250726,1.3141943662648492
2021-08-16,-0.0031056241047994204,1.3101129725625855
2021-08-17,-0.0169341545600387,1.287927316994099
2021-08-18,0.024561386381932726,1.319560597458637
2021-08-19,-0.004061320475618024,1.3142014389853596
2021-08-20,-0.019565628300568145,1.2884882621181002
2021-08-23,0.005231888008569959,1.295229488405859
2021-08-24,-0.0023761505610626252,1.2921518281302786
2021-08-25,0.00031777733908833206,1.29256244469992
2021-08-26,-0.015503312494363467,1.2725234452012588
2021-08-27,-0.005768945476825937,1.26518232682791
2021-08-30,-0.027813951173713287,1.2299926073636736
2021-08-31,0.009204252233045551,1.24131376956663
2021-09-01,0.00375036740021506,1.2459691522614509
2021-09-02,0.001717830543913797,1.24810951612798
2021-09-03,-0.010415045144918866,1.2351103991717043
2021-09-06,0.02362890445790659,1.2642947047886992
2021-09-07,0.02161305995808475,1.2916199820479866
2021-09-08,0.0015523052103683839,1.2936249704759355
2021-09-09,-0.009959060746380644,1.2807416808119307
2021-09-10,0.03886130945915611,1.3305129796072028
2021-09-13,-0.009262430937410082,1.3181891950222635
2021-09-14,-0.027937925106620336,1.2813617240153754
2021-09-15,0.001044463112150303,1.2827000590694306
2021-09-16,-0.01644483005809161,1.2616062745825298
2021-09-17,-0.005791247955811614,1.2542999998238147
2021-09-22,-0.014301015704104839,1.2363622358286757
2021-09-23,-0.003720138215626297,1.2317627974268122
2021-09-24,0.0036870457772203804,1.2363043632476018
2021-09-27,0.008913766829164413,1.2473244920714694
2021-09-28,0.00661188248335709,1.255571655031659
2021-09-29,0.0035873874051134402,1.2600758769731368
2021-09-30,-0.00858985689894487,1.249252005508125
2021-10-08,0.030658820276137828,1.2875525982246034
2021-10-11,0.0163999601355298,1.3086684095078847
2021-10-12,-0.005955199842457885,1.3008750276017538
2021-10-13,0.0049618226286634775,1.3073297387507712
2021-10-14,-0.011143062769014889,1.2927620814120715
2021-10-15,0.016869645642530646,1.3145705196255935
2021-10-18,-0.014275589464698831,1.2958042505650227
2021-10-19,0.005106340543817829,1.3024210683465345
2021-10-20,-0.010498104691395449,1.2887481156187535
2021-10-21,0.009042321153243734,1.300401389965816
2021-10-22,0.010916272651089779,1.3145969260945392
2021-10-25,-0.003954338721014176,1.3093985645671573
2021-10-26,0.018359026632058646,1.333437847686025
2021-10-27,-0.014436519693499239,1.3141876459378483
2021-10-28,0.007926068933622021,1.324603987811266
2021-10-29,-0.0064090702947845095,1.3161145077406318
2021-11-01,-0.013217838171863542,1.2987183191616742
2021-11-02,-0.03580639787966581,1.2522158942921606
2021-11-03,0.009372108646284794,1.2639517977020713
2021-11-04,-0.0015492421007486195,1.2619936303637544
2021-11-05,-0.0047763183580736834,1.2559659470192759
2021-11-08,-0.004803301926192567,1.2499331633667259
2021-11-09,0.008160066049036704,1.2601327005366796
2021-11-10,-0.0039757700643597476,1.255122702668765
2021-11-11,0.024310217137883578,1.2856350081053298
2021-11-12,-0.003907251840078933,1.2806117083542403
2021-11-15,0.006830173138535993,1.2893585080455363
2021-11-16,-0.009204205591475648,1.277490987256367
2021-11-17,-0.004881442976924351,1.2712549878485402
2021-11-18,-0.01507331244110995,1.2520929642243797
2021-11-19,0.0137855520047759,1.2693537568975088
2021-11-22,0.003021555815654886,1.2731891801237858
2021-11-23,-0.006022600732252951,1.2655212700352758
2021-11-24,-0.010913693038087646,1.25170975936094
2021-11-25,-0.008654222065152354,1.2408771851423122
2021-11-26,-0.007076938954643712,1.23209557305285
2021-11-29,-0.0058811850700496065,1.2248493909637372
2021-11-30,-0.0029352819446049803,1.221254112661581
2021-12-01,0.007948125066158532,1.2309607930865758
2021-12-02,-0.006327942265199764,1.2231713442571994
2021-12-03,0.00409351403105888,1.2281784133173055
2021-12-06,0.0049606760223570205,1.2342710085234252
2021-12-07,0.00886952636886825,1.2452184077798534
2021-12-08,0.007565341553802951,1.2546389103437907
2021-12-09,0.011383734575306356,1.268921386686996
2021-12-10,-0.00724217403524204,1.259731637167568
2021-12-13,-0.006410583553685438,1.2516560222522843
2021-12-14,-0.01629854126052162,1.231255854929625
2021-12-15,-0.0014590530794406826,1.2294593872829105
2021-12-16,0.002921012651171321,1.2330506537072654
2021-12-17,-0.015241031848186926,1.2142576894236852
2021-12-20,-0.002584188019708056,1.211119819249838
2021-12-21,0.0003855532538777536,1.2115867704369856
2021-12-22,-0.006424593216329562,1.2038028182906415
2021-12-23,-0.004130145138554549,1.1988309379329
2021-12-24,-0.0005726285340598528,1.198144453130326
2021-12-27,0.0014039535460977914,1.1998265922840359
2021-12-28,-0.0003703246156668838,1.1993822669623815
2021-12-29,-0.014857324362036165,1.1815626555880472
2021-12-30,0.007335397048142456,1.190229886804043
2021-12-31,-0.00322617521588342,1.1863899966420322
2022-01-04,0.008611259493413717,1.196606308763507
2022-01-05,0.012897324058989986,1.2120393280986619
2022-01-06,-0.013927370282451093,1.1951588075793387
2022-01-07,-0.0008697113822920081,1.1941193643607404
2022-01-10,0.00260625549839281,1.197231544519843
2022-01-11,-0.0012011294704479998,1.1957935144287701
2022-01-12,-0.013146098698272731,1.180073494865335
2022-01-13,-0.010239198348863554,1.1679904882851724
2022-01-14,-0.022580115756348773,1.1416171278573788
2022-01-17,0.003961538750487104,1.1461396883476056
2022-01-18,0.01691001383859514,1.1655209263385267
2022-01-19,-0.0027487584547683333,1.1623171908380443
2022-01-20,0.027169333611085866,1.1938965743578234
2022-01-21,-0.006365866866559118,1.1862963877130204
2022-01-24,-0.0034474691042260717,1.1822066675679248
2022-01-25,-0.026530107615861498,1.1508425974531589
2022-01-26,-0.002739822408591238,1.1476894931158954
2022-01-27,-0.02713110676451676,1.116551406945654
2022-01-28,-0.02277964414909021,1.091116763221266
2022-02-07,0.024975567960008254,1.118368024093403
2022-02-08,0.021943933101770712,1.1429094171972682
2022-02-09,0.008899594340642728,1.1530808473784242
2022-02-10,0.00904766525938753,1.1635135369025151
2022-02-11,0.009093413745391965,1.1740938468919342
2022-02-14,-0.004061536185371047,1.169325222247761
2022-02-15,-0.00923081876428733,1.158531393044682
2022-02-16,0.007393764634750759,1.1670973014868242
2022-02-17,-0.0023916594071266375,1.1643060022466911
2022-02-18,0.02426811965706044,1.1925615196266475
2022-02-21,-0.010257175082355685,1.1803292073233569
2022-02-22,-0.011306153757893197,1.1669842238204269
2022-02-23,-0.00167660217895312,1.1650276555279655
2022-02-24,-0.018329799005843157,1.1436729327658892
2022-02-25,-0.0007867431776466353,1.1427731558885765
2022-02-28,-0.007576313372217276,1.1341151483462069
2022-03-01,0.01279304393247808,1.1486239332634889
2022-03-02,-0.006062055985039949,1.1416609106742888
2022-03-03,-0.004069427177619267,1.1370150047367653
2022-03-04,-0.0093382972541148,1.1263972206401447
2022-03-07,-0.040965279166985745,1.0802540440437043
2022-03-08,-0.020481679983710494,1.058128626412492
2022-03-09,-0.02078887539120104,1.03613132225014
2022-03-10,0.024249329187217377,1.0612568117645707
2022-03-11,0.010160593606408641,1.0720398109409435
2022-03-14,-0.022034703840232688,1.0484177312019207
2022-03-15,-0.038215003672927995,1.0083524437532765
2022-03-16,0.03448174229110915,1.0431221928573873
2022-03-17,0.009880530955016361,1.0534287939737792
2022-03-18,0.013324535741931376,1.0674652435906624
2022-03-21,-0.002914695730728297,1.064353907202468
2022-03-22,0.01810501598721026,1.0836240517084184
2022-03-23,-0.008381064860034574,1.0745421282471568
2022-03-24,0.0023523501009717895,1.0770698275310375
2022-03-25,-0.012738861063488538,1.063349184642444
2022-03-28,-0.00483422862375249,1.0582087115770018
2022-03-29,-0.005640535328914176,1.052239847953987
2022-03-30,0.02877352136135906,1.0825164936963643
2022-03-31,0.003535545870665032,1.086343780415579
2022-04-01,0.011469228816368323,1.098803305806404
2022-04-06,0.014994181666407425,1.1152789621893142
2022-04-07,-0.011586067821794202,1.1023572644931685
2022-04-08,0.0034902621528294375,1.1062047803323256
2022-04-11,-0.030174861173017636,1.0728252046568691
2022-04-12,0.00040739470156055574,1.073262267960947
2022-04-13,-0.008867617019427176,1.0637449892072675
2022-04-14,0.006010148972220001,1.0701382550608556
2022-04-15,0.010351635707749995,1.081215936434173
2022-04-18,-0.028265600241605404,1.0506547190000715
2022-04-19,0.005748165736838414,1.0566940564570753
2022-04-20,-0.0008575714539693635,1.0557878657986786
2022-04-21,-0.010941428571355974,1.044236038278538
2022-04-22,-0.0017655302168556597,1.0423924079994276
2022-04-25,-0.07247431662602215,0.9668457305735154
2022-04-26,-0.016064791743545137,0.9513135552637162
2022-04-27,0.04260544275107999,0.9918446904808309
2022-04-28,0.0022998973834645144,0.9941258314892709
2022-04-29,0.014328125923524726,1.008369791586678
2022-05-05,-0.0014829785995293203,1.0068744007653432
2022-05-06,-0.020938079814487587,0.9857923841989541
2022-05-09,-0.018447616824946778,0.967606864026301
2022-05-10,0.005837649359978547,0.973255413616795
2022-05-11,0.0037289894262889276,0.9768846727632504
2022-05-12,-0.00926479978411828,0.9678340318579249
2022-05-13,0.012791531449998894,0.9802141113148148
2022-05-16,-0.013888150278447068,0.9666007504318203
2022-05-17,0.015158194285833723,0.9812526724036984
2022-05-18,-0.0005227041153578934,0.980739767593627
2022-05-19,-0.009876580900305002,0.9710534119368422
2022-05-20,0.022855923924196924,0.9932477348464026
2022-05-23,-0.004131526003146813,0.9891441060023181
2022-05-24,-0.032666348482770245,0.956832379935968
2022-05-25,0.0006033084790731206,0.9574096450238351
2022-05-26,-0.0021498424548940984,0.9553513651222377
2022-05-27,0.004034927960537431,0.9592061390575071
2022-05-30,-0.0005762758012896793,0.9586533717711196
2022-05-31,0.010419361666822077,0.9686419279647213
2022-06-01,-0.0026383683430267015,0.9660862937662509
2022-06-02,-0.0005796621919706979,0.9655262900675735
2022-06-06,0.021508554640145488,0.9862933650339888
2022-06-07,-0.004880815938708372,0.9814794486576885
2022-06-08,0.003910323540456136,0.9853173508502485
2022-06-09,-0.0003448398405152542,0.9849775741721244
2022-06-10,0.001661825835459818,0.9866144353522323
2022-06-13,-0.018430712375824426,0.9684304284684189
2022-06-14,0.01173169483653965,0.9797917587256296
2022-06-15,0.028937276746587488,1.0081442640018987
2022-06-16,-0.011640132918468105,0.9964093307679254
2022-06-17,0.003459528868412424,0.9998564376124726
2022-06-20,0.027531779135488876,1.0273842642200157
2022-06-21,0.006049642800024809,1.033599572036913
2022-06-22,-0.02275096293182795,1.010084186487148
2022-06-23,0.007543703172018024,1.0177039617687562
2022-06-24,0.0027214355613880046,1.0204735775212792
2022-06-27,0.009607807492249135,1.0302780912050304
2022-06-28,0.017033163566373705,1.047826986451377
2022-06-29,-0.01121038094346368,1.0360804467704154
2022-06-30,0.003933097479951335,1.040155452164635
2022-07-01,-0.0030569578550085166,1.0369757407847104
2022-07-04,0.008532604309264355,1.0458238444591328
2022-07-05,0.013254618648699553,1.0596858406911553
2022-07-06,-0.015565604830353408,1.043191189650636
2022-07-07,-0.010020228193680314,1.0327381758807
2022-07-08,0.0003299099525558846,1.0330788864833074
2022-07-11,-0.01369170161969672,1.0189342786199693
2022-07-12,-0.0043758958253388896,1.0144755283638616
2022-07-13,-0.014593676242396159,0.9996706009470856
2022-07-14,-0.021025483767320646,0.978652042954205
2022-07-15,-0.016875409301831807,0.962136889165279
2022-07-18,0.02387224698530299,0.9851052586171036
2022-07-19,0.004870627334872202,0.9899033392174504
2022-07-20,0.0035605835865569016,0.9934279727993459
2022-07-21,-0.017884936544162677,0.9756605765446335
2022-07-22,-0.0022062699742316414,0.9735080059095614
2022-07-25,0.0007928948063159839,0.9742798953513542
2022-07-26,0.010341229028024257,0.984355146886582
2022-07-27,0.0011481965551348727,0.9854853800752665
2022-07-28,0.004091104986639042,0.9895171042279522
2022-07-29,-0.018166907344501253,0.9715406386796439
2022-08-01,-0.005619795885591916,0.9660807785957067
2022-08-02,-0.025604009973484516,0.9413452367053505
2022-08-03,-0.009871079281273362,0.932053143242783
2022-08-04,0.008168718543774286,0.9396668230377734
2022-08-05,0.01756787176714421,0.9561747692887407
2022-08-08,-0.007213178591200446,0.9492777099134612
2022-08-09,-0.004817924051102855,0.9447041620036933
2022-08-10,-0.011331810034085454,0.9339989539014576
2022-08-11,0.018890174946755007,0.9516423575407422
2022-08-12,0.00397076380047523,0.9554211045650638
2022-08-15,-0.016599411427255666,0.9395616765641053
2022-08-16,-0.0052513552058775686,0.9346277044626373
2022-08-17,0.01718157555856159,0.9506860809859871
2022-08-18,-0.015324828351791128,0.9361169799784398
2022-08-19,0.005457066353847166,0.9412254324531452
2022-08-22,0.0008296615945671363,0.9420063310462814
2022-08-23,-0.005151287175672481,0.9371537859137604
2022-08-24,-0.01416402033393512,0.9238799206340536
2022-08-25,0.007276850181099211,0.9306028564018333
2022-08-26,-0.001200533505117211,0.9294856364927652
2022-08-29,-0.012377029996461064,0.9179813648886145
2022-08-30,0.008721479953627561,0.9259875209602941
2022-08-31,0.013438301225408825,0.9384312201979282
2022-09-01,-0.009293122809975,0.9297102636199143
2022-09-02,-0.002187671828176104,0.9276763626678267
2022-09-05,-0.0033268902589737395,0.9245900852133869
2022-09-06,0.0009532735384111998,0.9254714724754982
2022-09-07,-0.006555895678302319,0.919404178048704
2022-09-08,-0.0011485696185937015,0.9183481783425892
2022-09-09,0.02023772321388721,0.9369334545898641
2022-09-13,0.008459322208896372,0.9448592765705343
2022-09-14,-0.014752337325086776,0.9309203937978283
2022-09-15,0.0037970257445048374,0.9344551224991632
2022-09-16,-0.026566608717755624,0.9096298188954255
2022-09-19,-0.004758132440421299,0.9053016797453646
2022-09-20,-0.008140379543965256,0.897932180470448
2022-09-21,0.005017262209924415,0.9024373416665975
2022-09-22,-0.011665991788625115,0.8919095150489663
2022-09-23,-0.004256910149491218,0.8881127363819266
2022-09-26,-0.018005254302439266,0.8721220407141348
2022-09-27,0.013134314569832236,0.8835767659401582
2022-09-28,-0.0048754607054044925,0.8792689221376087
2022-09-29,-0.01917782388782648,0.8624064575988145
2022-09-30,-0.0010076921946146438,0.861537417342907
2022-10-10,-0.025612289140884387,0.8394714719042297
2022-10-11,-0.005883416369349859,0.8345325117048261
2022-10-12,0.010070476541655124,0.842936651787198
2022-10-13,-0.008776493256262027,0.8355386239473316
2022-10-14,0.02204427154682172,0.8539574642614842
2022-10-17,0.007608692834605746,0.8604549643008687
2022-10-18,-0.007623007623007642,0.8538957095487484
2022-10-19,-0.0144342627178361,0.8415703545434887
2022-10-20,-0.0006059496407896011,0.8410604052894539
2022-10-21,0.001941012943400137,0.8426929144223021
2022-10-24,-0.01733107106927952,0.8280881436328709
2022-10-25,-0.002305998452200734,0.8261785736553677
2022-10-26,0.010947679347714531,0.8352233117636989
2022-10-27,0.002195978950491284,0.8370574445752916
2022-10-28,-0.022817182512307094,0.8179581520891318
2022-10-31,-0.001688626507415562,0.8165769262715575
2022-11-01,0.022950545569950947,0.8353178122293234
2022-11-02,-0.00013973980700998645,0.8352010850794506
2022-11-03,-0.013540191606907856,0.8238923023571775
2022-11-04,0.025127685374035424,0.8445948089128983
2022-11-07,-0.003294404468982622,0.8418123719999361
2022-11-08,0.0007139371737859465,0.8424133731456597
2022-11-09,-0.0058518518518519596,0.8374836948879923
2022-11-10,-0.00755053301039077,0.8311602466040765
2022-11-11,0.03565893482914362,0.8607985356703062
2022-11-14,0.020942288074741893,0.8788256265786297
2022-11-15,0.011708239981726987,0.8891151279167039
2022-11-16,-0.009624108016376143,0.8805581878866394
2022-11-17,0.0013517586577663037,0.8817484900407822
2022-11-18,-0.01578495211715225,0.8678301323461171
2022-11-21,-0.013680817785778529,0.8559575064364817
2022-11-22,0.013187253264992224,0.8672452348579307
2022-11-23,0.0001612665203097515,0.8673850924792114
2022-11-24,-0.00906827538576808,0.8595194055951
2022-11-25,0.018248163750085793,0.8752040564547757
2022-11-28,-0.02604126972218294,0.8524126315586883
2022-11-29,0.06106587066154523,0.9044659510677185
2022-11-30,-0.002936883586162472,0.9018096398617849
2022-12-01,0.009598797315797011,0.91046592781225
2022-12-02,-0.005385677411609298,0.9055624520307917
2022-12-05,0.03070978975483755,0.9333720845425325
2022-12-06,-0.0028538812785388057,0.9307083514245459
2022-12-07,-0.0043875514204109916,0.9266248206752647
2022-12-08,0.006528742805421632,0.9326745158065736
2022-12-09,0.009479691497902657,0.9415159824843757
2022-12-12,-0.015829657108171708,0.9266121073197846
2022-12-13,-0.005052169180673305,0.9219307061887448
2022-12-14,0.006503856073183971,0.9279268108112454
2022-12-15,-0.005973224241693183,0.9223840958903906
2022-12-16,0.011651517826086607,0.9331312706261562
2022-12-19,-0.020674119662370354,0.9138396030765313
2022-12-20,-0.025349016059830125,0.8906746683020356
2022-12-21,0.0040905429148246535,0.8943180112558722
2022-12-22,0.015925655040754938,0.9085606113998672
2022-12-23,0.0022908519014184225,0.9106419892040465
2022-12-26,-0.01682160131863164,0.8953235327176503
2022-12-27,0.02037469601105964,0.9135654775283204
2022-12-28,0.00013343005298986169,0.9136873746183967
2022-12-29,-0.0016018514414067135,0.9122237831803691
2022-12-30,0.003286078400288902,0.9152214220505079
2023-01-03,0.03108326835681056,0.9436694951180056
2023-01-04,0.017542876536405887,0.9602241725620332
2023-01-05,0.009065645528403055,0.9689292245382847
2023-01-06,-0.0015235259915903725,0.9674530356806891
2023-01-09,0.005689396006233638,0.9729572591181094
2023-01-10,-0.011655701868052315,0.9616167593754714
2023-01-11,-0.0019080328821804808,0.9597819629785272
2023-01-12,-0.00048551165146907643,0.9593159776526313
2023-01-13,0.010526733470043662,0.9694144412629349
2023-01-16,0.022195422062455505,0.9909310039402053
2023-01-17,-0.0013057316743181335,0.9896371139412967
2023-01-18,0.002953880266075385,0.9925603834827437
2023-01-19,0.031253949703137884,1.0235818157854406
2023-01-20,-0.003752286301148544,1.019741043759964
2023-01-30,0.03623222835871761,1.056688534124232
2023-01-31,-0.01436735983743409,1.0415067097183783
2023-02-01,0.012059629342063838,1.0540668945948544
2023-02-02,-0.00345293900860999,1.0504272658968234
2023-02-03,-0.004402786187939212,1.0458024592390982
2023-02-06,0.02128953876861221,1.0680671112393791
2023-02-07,-0.003249706891916467,1.0645962061869552
2023-02-08,-0.007709949119791022,1.056388223604131
2023-02-09,0.0045860723910367,1.0612328964706184
2023-02-10,0.005773095021508061,1.0673594948218934
2023-02-13,-0.0008045304237194184,1.0665007716352635
2023-02-14,-0.0033074950375756216,1.0629733256255092
2023-02-15,0.014006906628693194,1.0778622937463371
2023-02-16,-0.01763456600818562,1.058854659979533
2023-02-17,-0.020528156805771986,1.0371183254849508
2023-02-20,0.05831235169843496,1.097595134033521
2023-02-21,-0.0015877828947944428,1.095852391254293
2023-02-22,-0.006701133662157151,1.0885089379065034
2023-02-23,-0.012562923160880183,1.0748340837596526
2023-02-24,-0.0030421609967215732,1.071564265432092
2023-02-27,-0.015085947071589167,1.0553987036399772
2023-02-28,0.007485353109487836,1.0632987356080181
2023-03-01,0.02593262872376867,1.0908728669409935
2023-03-02,0.009288311919179337,1.1010052343933108
2023-03-03,0.0043807693776771,1.1058284844088033
2023-03-06,-0.015426979433508459,1.0887688911228408
2023-03-07,-0.01543537715840774,1.0719633326500184
2023-03-08,-0.005946911263210453,1.0655884618333333
2023-03-09,-0.013893208285473765,1.0507840193864852
2023-03-10,-0.012708753164561363,1.0374298646548368
2023-03-13,0.0034818651337944853,1.0410420555293356
2023-03-14,-0.014733131750908846,1.025704245766985
2023-03-15,0.0090037162659804,1.0349393957686823
2023-03-16,0.0001696041513401895,1.0351149257865901
2023-03-17,0.020726487212255007,1.0565692220591203
2023-03-20,-0.01209974455550463,1.0437850043669967
2023-03-21,0.0023355798792567364,1.0462228476214663
2023-03-22,0.010322779322709716,1.0570227751998396
2023-03-23,0.03854391184904834,1.0977645678695784
2023-03-24,0.01714590681294544,1.1165867368528235
2023-03-27,-0.007475746117972674,1.1082394178894164
2023-03-28,-0.00942087757507922,1.097798830009603
2023-03-29,0.0013248528779495523,1.0992532519489508
2023-03-30,0.0036041446049785244,1.103215119626468
2023-03-31,0.023374757453886102,1.1290025054671964
2023-04-03,0.033926706479633216,1.1673058420849525
2023-04-04,-0.015955487388034133,1.1486809084435874
2023-04-06,-0.01353996801151273,1.1331278056878258
2023-04-07,0.011917939794016416,1.146632354654939
2023-04-10,-0.03270844600447013,1.1091277921957297
2023-04-11,-0.0008173052687438324,1.108221296207458
2023-04-12,0.010339759068386986,1.1196800374046987
2023-04-13,-0.009704044581473522,1.1088146124047376
2023-04-14,0.005631622552590088,1.1150590377825975
2023-04-17,0.008432771678085463,1.1244620760558037
2023-04-18,0.018796060479470356,1.1455975332442194
2023-04-19,-0.01200542766875834,1.1318441449213479
2023-04-20,0.03583732397366942,1.1724064102305949
2023-04-21,-0.04312065742153633,1.121851475056228
2023-04-24,-0.013459837867391689,1.106751536090677
2023-04-25,0.02321843663333915,1.1324485765002492
2023-04-26,-0.03317885668070808,1.0948752274822755
2023-04-27,-0.003943149248441191,1.0905579710518918
2023-04-28,0.047229751699328304,1.1420647532383958
2023-05-04,0.006306694709689475,1.1492674069757673
2023-05-05,-0.001296924612424773,1.1477768937894028
2023-05-08,0.06129209565192132,1.2181265449506082
2023-05-09,-0.00767033981945638,1.2087831004077367
2023-05-10,-0.015877736311238826,1.189590361081981
2023-05-11,-0.017470599180050745,1.1688075046950657
2023-05-12,-0.004269741935092182,1.1638169982782187
2023-05-15,0.013546424886870115,1.1795825578274572
2023-05-16,-0.032431654652427665,1.14132674367797
2023-05-17,-0.011521605448409078,1.128176827249595
2023-05-18,0.01998519478991101,1.1507236608996418
2023-05-19,-0.01869038891677033,1.1292161881416978
2023-05-22,-0.004655371105231991,1.1239592677278627
2023-05-23,-0.008694747431009064,1.114186725772227
2023-05-24,-0.029056484010557788,1.0818123769900505
2023-05-25,-0.007243162739406246,1.0739766338900076
2023-05-26,0.012301344978426979,1.0871879909622584
2023-05-29,-0.0037925828595198143,1.0830647404226592
2023-05-30,0.02045127907843843,1.1052147996890593
2023-05-31,-0.012541061871523337,1.0913542325048355
2023-06-01,0.02948399262949312,1.1235317126521742
2023-06-02,0.0208323024407866,1.1469374650919593
2023-06-05,0.0029142300194932393,1.1502799046832117
2023-06-06,-0.020313091628442193,1.1269141635810258
2023-06-07,0.014605758997544127,1.1433736002652093
2023-06-08,0.00790227153027275,1.1524088489150506
2023-06-09,0.002860603114300956,1.155705433257205
2023-06-12,0.0012029129539240142,1.1570956462937902
2023-06-13,0.03193287544052873,1.194045037439668
2023-06-14,-0.002204190128834956,1.1914131351547592
2023-06-15,-0.002688998145591981,1.188209427443694
2023-06-16,0.00618914903529566,1.1955634326752864
2023-06-19,-0.004850460641466177,1.1897643993007188
2023-06-20,-0.00852461335420951,1.1796221178140769
2023-06-21,-0.0146590297211416,1.1623300021293244
2023-06-26,-0.03376166386232297,1.123087807300341
2023-06-27,0.004870760455203553,1.128558098979861
2023-06-28,-0.012461912390012375,1.114494106823335
2023-06-29,-0.00717837872731882,1.106493846035192
2023-06-30,-0.00028970401172678795,1.1061732903290447
2023-07-03,0.0040084541877383195,1.1106073352870285
2023-07-04,-0.0028166741475693646,1.1074791163176245
2023-07-05,-0.012494339531526602,1.093641896214277
2023-07-06,0.007158267661928841,1.1014704776336783
2023-07-07,0.006483703121805092,1.1086120852080878
2023-07-10,-0.013253422988841764,1.0939191803122832
2023-07-11,0.020231104692876627,1.116050373774727
2023-07-12,-0.005498546577373216,1.1099137188118318
2023-07-13,0.015539273739250348,1.127160971915398
2023-07-14,0.01216290386685633,1.1408705224592774
2023-07-17,-0.006998693043379485,1.132885919870345
2023-07-18,-0.017326966934007444,1.1132564429967489
2023-07-19,0.006253114653467525,1.1202177631735188
2023-07-20,-0.017438727438392327,1.1006825909298903
2023-07-21,0.004496534176707072,1.1056318478177132
2023-07-24,-0.008262786544279995,1.0964962478626374
2023-07-25,0.027845311284427392,1.1270285272065794
2023-07-26,-0.008888092978902843,1.1170113928668914
2023-07-27,0.004729991071019642,1.1222948467813791
2023-07-28,0.023638196444436987,1.1488238728381768
2023-07-31,0.009203254777416348,1.1593967916342847
2023-08-01,-0.015752204901432847,1.1411337358103977
2023-08-02,-0.004579331690053275,1.1359081059314122
2023-08-03,0.01523275536598708,1.153211116227307
2023-08-04,0.006397812195518382,1.1605891443707135
2023-08-07,-0.004729981033471368,1.1550995797301873
2023-08-08,-0.003092243186582818,1.1515277309249419
2023-08-09,0.005685385566611985,1.1580746100658958
2023-08-10,-0.010641886424655503,1.1457505115942974
2023-08-11,-0.024254727873912845,1.1179606447241814
2023-08-14,-0.0030861192304438845,1.1145104848796188
2023-08-15,0.0057457690046717564,1.120914204679022
2023-08-16,-0.030392920422905423,1.0868463484553081
2023-08-17,-0.005322435193865512,1.0810616791999654
2023-08-18,-0.014126407854630893,1.0657901610035745
2023-08-21,-0.018386785342996575,1.0461937060925242
2023-08-22,0.01276109430429706,1.0595442826365329
2023-08-23,-0.021818723766101906,1.0364263786157337
2023-08-24,-0.011091147663409129,1.0249312206082541
2023-08-25,-0.0054375102255478,1.0193581466157136
2023-08-28,0.014945102836143328,1.034592558943746
2023-08-29,-0.0063565510634819855,1.0280161185129215
2023-08-30,0.013596813127410567,1.0419938615683075
2023-08-31,-0.006445719800768616,1.0352774611025173
2023-09-01,0.005411142537495972,1.0408794950104001
2023-09-04,0.006612693361406981,1.0477625119370801
2023-09-05,-0.014916137552849854,1.0321339421863072
2023-09-06,0.00041896998075237796,1.032566375324199
2023-09-07,-0.013039126162416573,1.0191026120852775
2023-09-08,-0.012343329025292745,1.0065234932337737
2023-09-11,0.014880675829042142,1.0215012430509005
2023-09-12,-0.0022351848992341696,1.0192179988978842
2023-09-13,-0.011434869988400043,1.0075633735906497
2023-09-14,0.0029794246617764752,1.0105653327542283
2023-09-15,-0.009104202510885876,1.001364941314353
2023-09-18,0.00024623380617723917,1.0016115112152253
2023-09-19,-0.008811998422540693,0.9927853121583982
2023-09-20,-0.003862728620218229,0.9889504519193917
2023-09-21,-0.004318400487293632,0.9846797678059137
2023-09-22,0.03133411943680856,1.0155338412573531
2023-09-25,-0.0055124830906374545,1.0099357281294519
2023-09-26,0.01254093562759806,1.0226012670839346
2023-09-27,-0.001804493417549513,1.020755989828704
2023-09-28,-0.002296015440438485,1.0184123183151372
2023-10-09,-0.0030096781580640775,1.0153472250048008
2023-10-10,-0.0014560780897798036,1.0138688001569527
2023-10-11,0.02393507731054097,1.0381358282714548
2023-10-12,0.0037235520052925075,1.042001381016581
2023-10-13,-0.011713410340682665,1.0297959912651757
2023-10-16,-0.0033494825185033847,1.026346707594808
2023-10-17,-0.0025098830172436415,1.0237706974236118
2023-10-18,0.0024001147489205086,1.0262278645740108
2023-10-19,-0.0214355623766536,1.0042300931702746
2023-10-20,-0.015278761674442901,0.9888867009104224
2023-10-23,-0.0006832917744541792,0.9882110027618233
2023-10-24,-0.03203485462308564,0.9565538069514146
2023-10-25,0.006527535003619615,0.9627977454091355
2023-10-26,-0.010811441292471543,0.9523885141081206
2023-10-27,0.0019400816108380292,0.9542362255507151
2023-10-30,-0.009382284053920498,0.9452833102280573
2023-10-31,0.0007400054256266145,0.9459828250063803
2023-11-01,-0.0014707259056994844,0.9445915435592966
2023-11-02,0.00010532883735914211,0.944691036288359
2023-11-03,0.009837843392552817,0.9539847587577123
2023-11-06,0.020658577550201212,0.9736927268782185
2023-11-07,-0.0001685447635578763,0.9735286160677888
2023-11-08,-0.0008175199885260461,0.9727327369647513
2023-11-09,0.0006280547546519225,0.9733436663852076
2023-11-10,-0.01743924042378442,0.9563692921721482
2023-11-13,0.013912267773338982,0.9696745578550457
2023-11-14,0.0025875536736419402,0.9721836428194607
2023-11-15,0.011448785977909623,0.9833139652773252
2023-11-16,-0.01409351059791634,0.9694556194866101
2023-11-17,-0.007627326143165895,0.9620612652954608
2023-11-20,0.0074683403339477206,0.9692462662467957
2023-11-21,0.0015912157944854381,0.9707885462143937
2023-11-22,-0.013787328221847214,0.9574039658937259
2023-11-23,-0.00029411345109516446,0.9571223805092247
2023-11-24,-0.01141924590417287,0.9461927646858026
2023-11-27,-0.011028557369854789,0.9357576234975238
2023-11-28,-0.004207341375324192,0.9318205717309076
2023-11-29,-0.0163964253183236,0.9165420453164441
2023-11-30,-0.002295413427771139,0.9144382023985079
2023-12-01,0.0173608001194208,0.9303135812519109
2023-12-04,-0.0027746475346204593,0.9277322889672663
2023-12-05,-0.02456684862811394,0.9049408302567938
2023-12-06,-0.005248038942490078,0.9001916655389569
2023-12-07,0.010023531213331216,0.9092147647964672
2023-12-08,0.007220377886259621,0.9157796389780644
2023-12-11,0.013318392315058603,0.927976351484117
2023-12-12,0.0012931031149640004,0.9291763205948341
2023-12-13,-0.015016284677535538,0.915223544449157
2023-12-14,-0.004340491697471083,0.9112510242531454
2023-12-15,-0.005146055535773224,0.9065616758753086
2023-12-18,-0.009908553730452777,0.8975789607999288
2023-12-19,0.003551135473099524,0.9007663852875333
2023-12-20,-0.01766244987192341,0.8848566441610786
2023-12-21,0.014326826147306774,0.8975338314672637
2023-12-22,-0.0064254126049909654,0.8917668062731482
2023-12-25,0.004517079778859882,0.895794988081223
2023-12-26,-0.015622698031488266,0.8818002534843095
2023-12-27,0.0022817125761052845,0.8838122682122974
2023-12-28,0.026525319262894254,0.9072556707950913
2023-12-29,-0.0034970711937286993,0.9040829331234068
2024-01-02,-0.01803390605462733,0.8877787864418674
2024-01-03,-0.011675800216501867,0.8774132586949237
2024-01-04,-0.017280050394809805,0.8622515133676011
2024-01-05,0.004355185727901352,0.866006778852481
2024-01-08,-0.017839313510313277,0.8505578124224751
2024-01-09,0.0037111453221414514,0.8537143560692576
2024-01-10,-0.01254425457650051,0.8430051458511116
2024-01-11,0.013333114904714968,0.8542450303260104
2024-01-12,-0.006017964693742088,0.8491042138937038
2024-01-15,-0.0011325345841442698,0.8481425740059265
2024-01-16,0.010866135801780086,0.8573586063943462
2024-01-17,-0.014582931504313112,0.8448558045626642
2024-01-18,0.007603527823086302,0.8512796891791524
2024-01-19,-0.005202206564265399,0.8468511563920789
2024-01-22,-0.01217640072746029,0.8365395573553358
2024-01-23,0.03788491489968308,0.8682317872959613
2024-01-24,0.014856048824272087,0.8811302811188152
2024-01-25,0.012217267729322115,0.8918952856676566
2024-01-26,0.004581704404928777,0.8959816862267354
2024-01-29,-0.006510142356159099,0.8901487179008878
2024-01-30,-0.005920185160696034,0.8848788726703584
2024-01-31,-0.02398833130911404,0.8636521051043065
2024-02-01,0.018851300136494237,0.8799330701511429
2024-02-02,-0.012655614971538701,0.868796976014586
2024-02-05,0.00404101186988733,0.8723077949071831
2024-02-06,0.03324761300937203,0.9013099468973158
2024-02-07,0.0004407091587828038,0.9017071624458155
2024-02-08,0.015918455926083725,0.9160609481694432
2024-02-19,0.037306097814941395,0.9502356075063003
2024-02-20,-0.0084079227928426,0.9422460998833774
2024-02-21,0.0436334937634398,0.9833595892062641
2024-02-22,0.011962822819151361,0.995123345739452
2024-02-23,0.001671926876844217,0.9967871192069689
2024-02-26,-0.01587305478384989,0.9809650626559607
2024-02-27,0.02113932081183671,1.0017019978206485
2024-02-28,-0.017366280675481145,0.9843061597733049
2024-02-29,0.018937071643474024,1.0029460360400448
2024-03-01,0.015780853106007447,1.0187733801080454
2024-03-04,-0.009589834044623028,1.0090035124637295
2024-03-05,0.009683666114714754,1.0187743655870027
2024-03-06,-0.00869911954134317,1.0099119255951055
2024-03-07,-0.008561619966023115,1.0012654434890056
2024-03-08,0.0025549254444713343,1.0038236020472455
2024-03-11,0.007358405410619088,1.011210143071857
2024-03-12,-0.0017047575320007964,1.0094862749640197
2024-03-13,-0.011328790071907013,0.9980500168744809
2024-03-14,-0.00827687620502419,0.9897892804383885
2024-03-15,0.020336050272569794,1.0099176850046343
2024-03-18,0.002541968781117269,1.0124848642314144
2024-03-19,-0.015248980599211906,0.9970455021797539
2024-03-20,0.01242341514410857,1.009432212370899
2024-03-21,0.006386724212472957,1.0158791775224982
2024-03-22,-0.014622488128310462,1.0010244963093777
2024-03-25,-0.010334508935299858,0.9906793997078144
2024-03-26,0.004852204249810847,0.9954863785012767
2024-03-27,-0.016668866917626073,0.9788927485397295
2024-03-28,0.026041858729129563,1.0043849352081704
2024-03-29,-0.0070209893813631226,0.9973331592432728
2024-04-01,0.015237334628822596,1.0125298583270834
2024-04-02,-0.006185448433841205,1.0062669071006767
2024-04-03,-0.013194707181683326,0.9929895099148651
2024-04-08,-0.0031949754531042096,0.9898169328054971
2024-04-09,-0.0010056062811297044,0.9888215666806994
2024-04-10,-0.012958204297190745,0.9760082148061827
2024-04-11,0.0010440714940543512,0.9770272371612246
2024-04-12,-0.015877943854146353,0.961514053545607
2024-04-15,0.016272610026543417,0.9771603967739956
2024-04-16,-0.0038738816194495707,0.9733749930736787
2024-04-17,0.028098727711949916,1.0007255919656772
2024-04-18,0.0017098114640309674,1.0024366440551693
2024-04-19,-0.01686571102913507,0.9855298372915189
2024-04-22,-0.01186067283801647,0.9738407903193005
2024-04-23,-0.013436164847707857,0.9607561049251483
2024-04-24,0.012208680788831971,0.9724856695261009
2024-04-25,0.002093207913427042,0.9745212842252474
2024-04-26,0.010805448012588573,0.9850514232991043
2024-04-29,0.016501384726913242,1.0013061358107564
2024-04-30,0.010287759090120066,1.0116073321114365
2024-05-06,0.013902359012609056,1.0256710604222374
2024-05-07,-0.0012470211045992146,1.0243920269635143
2024-05-08,-0.01555619967890065,1.008456380042596
2024-05-09,0.003582583225080871,1.0120692589529625
2024-05-10,0.0062263644164399405,1.01837077097388
2024-05-13,0.004669652909038498,1.0231262090070379
2024-05-14,-0.010141752373998761,1.0127499163479405
2024-05-15,-0.006463086155189164,1.0062044263849232
2024-05-16,0.017031853659059498,1.023341952926209
2024-05-17,0.017809070964134383,1.0415667223864478
2024-05-20,0.009004875614238609,1.050945901165468
2024-05-21,0.008549376616806326,1.0599308334784205
2024-05-22,0.008806325337157084,1.0692649292329155
2024-05-23,-0.015072949999902127,1.0531479524179388
2024-05-24,-0.013146491656473228,1.0393027516484445
2024-05-27,0.014045611759619492,1.0539003945988028
2024-05-28,-0.011788047322727424,1.041476966873831
2024-05-29,-0.006469463823121413,1.0347391693140267
2024-05-30,-0.0022526448073412566,1.032408269497319
2024-05-31,-0.0012010111786008304,1.0311683356247727
2024-06-03,-0.006848182391109514,1.0241067067864775
2024-06-04,0.0025471160580861074,1.026715225424527
2024-06-05,-0.005093561311819224,1.021485588474049
2024-06-06,-0.0036156123045945434,1.0177922926113963
2024-06-07,0.002121765360250364,1.019951809041789
2024-06-11,-0.008857119979788886,1.0109179734955032
2024-06-12,0.007533294953836515,1.0185335167639795
2024-06-13,-0.0007877498859914326,1.0177311671022702
2024-06-14,0.00654551624700872,1.0243927429916253
2024-06-17,-0.008512498409282662,1.0156726013964283
2024-06-18,0.004292254435335689,1.020032126624621
2024-06-19,0.004111858415855596,1.0242263543089256
2024-06-20,-0.01178449190246141,1.0121563671302845
2024-06-21,0.0018636178717549672,1.014042639825079
2024-06-24,-0.011420865420471679,1.002461395305017
2024-06-25,0.006135402565879744,1.0086118995219668
2024-06-26,0.026670710924064183,1.0355122959286887
2024-06-27,-0.009869107318679701,1.025292713950356
2024-06-28,-0.0003122709156045585,1.024972544855808
2024-07-01,0.013593507578469888,1.038905516912029
2024-07-02,0.007708063696531727,1.046913466811065
2024-07-03,-0.009158874438054965,1.0373249178210335
2024-07-04,-0.010606893833100206,1.0263221225472765
2024-07-05,-0.015577747329285074,1.0103343358437795
2024-07-08,-0.017793955864971567,0.9923564912629099
2024-07-09,0.016815429384043828,1.009043391765539
2024-07-10,0.00343536870796061,1.012509827858585
2024-07-11,-0.0007732939919589862,1.0117268600919025
2024-07-12,0.011600327613953096,1.0234632231248046
2024-07-15,-0.002233566123031161,1.021177250341465
2024-07-16,0.0058414721804015786,1.0271424288405937
2024-07-17,0.010132671952378658,1.037550126120405
2024-07-18,0.0003793637453278394,1.0379437350222154
2024-07-19,0.0022809288753231627,1.0403112108583883
2024-07-22,-0.008015275990935544,1.031972829386894
2024-07-23,-0.010303039606836947,1.0213403724525412
2024-07-24,-0.005493433614981373,1.0157297069181728
2024-07-25,-0.0019663861785007195,1.0137323900613961
2024-07-26,-0.007883768433619265,1.0057403586444926
2024-07-29,0.010886986336408092,1.0166898401870295
2024-07-30,-0.005527511027062948,1.0110700758842928
2024-07-31,0.01554925698607453,1.0267914643251475
2024-08-01,0.003222099305100534,1.0300998883888328
2024-08-02,-0.011999944658070416,1.0177387467358823
2024-08-05,-0.01528767243694821,1.002179890149394
2024-08-06,-0.02324954237814214,0.9788796663228437
2024-08-07,0.003347098681039625,0.9821560731628893
2024-08-08,0.0004783389731377226,0.982625876690387
2024-08-09,0.007624925131107278,0.9901183254320399
2024-08-12,-0.010114485853641312,0.9801037876360266
2024-08-13,0.00024950849330152014,0.9803483318553586
2024-08-14,-0.004305951344066343,0.9761269996381529
2024-08-15,0.011079046309947863,0.9869415558715345
2024-08-16,0.005908205312495918,0.9927726092150577
2024-08-19,0.012940060257991806,1.0056191466007844
2024-08-20,-0.007241627750413371,0.9983368270824132
2024-08-21,0.0021151206262047806,1.0004484298972751
2024-08-22,-0.006045371906326776,0.9944003470654453
2024-08-23,0.0113481224809218,1.005684923999015
2024-08-26,-0.0032745732240555916,1.0023917350750515
2024-08-27,-0.008660542793240356,0.9937104785578436
2024-08-28,-0.005937428944437458,0.9878103932000634
2024-08-29,-0.01501727299213973,0.9729761748609052
2024-08-30,0.004124997244097354,0.9769896989007787
2024-09-02,-0.013171786442676026,0.9641209992301633
2024-09-03,8.240997746059946e-05,0.9642004524199791
2024-09-04,-0.001247740932206994,0.9629973800486421
2024-09-05,0.00546661661835975,0.9682617175298528
2024-09-06,0.002556408978903265,0.9707369904784743
2024-09-09,-0.01371856246064529,0.9574198744417365
2024-09-10,0.011834846738005464,0.9687507919196748
2024-09-11,-0.017737125339568654,0.9515679377005892
2024-09-12,0.010227810188010592,0.9613003939483876
2024-09-13,-0.009011426410826232,0.9526377061896235
2024-09-18,0.0015718198265395333,0.9541350810237215
2024-09-19,0.01723205259997725,0.9705767869274057
2024-09-20,0.003996884804594407,0.9744560705387678
2024-09-23,0.011245521400238193,0.9854143371336036
2024-09-24,0.04059772753116042,1.0254199198978526
2024-09-25,0.024849752465769814,1.0509013510807839
2024-09-26,0.04621149373334332,1.0994650722806156
2024-09-27,0.03496553044228209,1.1379084517356692
2024-09-30,0.06746715662219582,1.21467989947064
2024-10-08,0.06570938749940007,1.2944957716726888
2024-10-09,-0.0657656340043135,1.2093624365327313
2024-10-10,0.014780784316439255,1.2272377618675252
2024-10-11,-0.026331079661058705,1.194923266596732
2024-10-14,0.022959827599081883,1.2223584987919247
2024-10-15,-0.013100054478102882,1.2063455358659785
2024-10-16,0.0073804963816376246,1.215248964728442
2024-10-17,0.0036502788831919895,1.219684962362211
2024-10-18,0.01102461639404432,1.233131521193839
2024-10-21,-0.0038081939970917578,1.228435517137204
2024-10-22,-0.006177639799057573,1.2208466849959612
2024-10-23,0.004019894757489428,1.2257543601846748
2024-10-24,-0.010264592953889817,1.2131724906159234
2024-10-25,0.001743840848012601,1.2152880703607445
2024-10-28,-0.0015409129047207666,1.2134154172901723
2024-10-29,-0.0035346146175057416,1.2091264614191117
2024-10-30,-0.011062480687812423,1.1957505232905399
2024-10-31,0.0013015718600045318,1.1973068785232404
2024-11-01,-0.0034251068874552684,1.193205974487213
2024-11-04,0.007521522989860048,1.2021807006559568
2024-11-05,0.018268163781938407,1.2241423345910254
2024-11-06,0.00032304167036549075,1.2245377835755566
2024-11-07,0.028849825253436972,1.2598654846479427
2024-11-08,-0.016459041825200343,1.2391293059419959
2024-11-11,0.006488012653443047,1.2471687925581996
2024-11-12,-0.0174298241644657,1.2254308598005013
2024-11-13,0.03446643195352742,1.267667089143568
2024-11-14,-0.01075986166294507,1.254027166629715
2024-11-15,-0.0046066071398982444,1.248250356130292
2024-11-18,-0.009581946146094497,1.2362896884410082
2024-11-19,-0.007584096893834176,1.2269135476550235
2024-11-20,0.005675341739645567,1.2338767013229666
2024-11-21,0.004964969054389701,1.2400028609619678
2024-11-22,-0.025536272165584368,1.2083378104183395
2024-11-25,-0.009521392154486477,1.196832752270253
2024-11-26,-0.009892402670156711,1.1849932007559638
2024-11-27,0.018469030709563256,1.2068788765713492
2024-11-28,-0.005722424557749369,1.1999726032498284
2024-11-29,0.02635806270257531,1.2316015563676597
2024-12-02,0.0003727237147449121,1.2320606034748345
2024-12-03,0.0006704716529254418,1.2328866651841508
2024-12-04,0.0026892299619571958,1.2362021809438615
2024-12-05,0.004968863233523783,1.2423447005099555
2024-12-06,0.012317331554612862,1.2576470720912527
2024-12-09,0.004408816993074309,1.2631918078739788
2024-12-10,0.020259783854028157,1.2887838008676846
2024-12-11,-0.015786321143758997,1.268438645902313
2024-12-12,0.004939887377812147,1.2747045899587348
2024-12-13,-0.02293988032216332,1.245463019218969
2024-12-16,-0.0034963302248380845,1.2411084692209557
2024-12-17,-0.008891693009710155,1.2300729137208917
2024-12-18,0.008439274609693959,1.2404538368297287
2024-12-19,0.004359601963576321,1.2458617218124972
2024-12-20,0.003773203319169823,1.2505626113964667
2024-12-23,0.0063048509792297995,1.258447222301518
2024-12-24,0.011162104457149121,1.2724941416506566
2024-12-25,0.006597251922671983,1.2808891060732501
2024-12-26,0.004126521940207313,1.286174723072434
2024-12-27,-0.005739415682621041,1.2787928316962414
2024-12-30,0.008182933932383563,1.2892571089512175
2024-12-31,-0.025173025284416856,1.2568026071494742
2025-01-02,-0.02746999590196338,1.2222782446815013
2025-01-03,-0.017142946957248866,1.201324793565927
2025-01-06,0.004438215009304265,1.2066565312957807
2025-01-07,0.012354105832324214,1.221563693786674
2025-01-08,-0.0001780526595692352,1.2213461911221621
2025-01-09,-0.004394655340393035,1.2159787955608783
2025-01-10,-0.009619013441916699,1.2042822791812924
2025-01-13,-0.00511257655122029,1.1981252938397
2025-01-14,0.025138374146018123,1.2282442157500502
2025-01-15,0.001106528828306123,1.2296033033829779
2025-01-16,0.01475706552291108,1.2477486398981883
2025-01-17,-0.003200719973493508,1.243754945904567
2025-01-20,0.0016227084114865953,1.2457731975171142
2025-01-21,-0.0002574472775482839,1.2454524765989707
2025-01-22,-0.021469626435216032,1.2187130771835764
2025-01-23,0.014005035752774675,1.2357811974019062
2025-01-24,0.02066631846304164,1.2613202451780527
2025-01-27,0.018484416564008715,1.2846350140105416
2025-02-05,0.013834281420162705,1.302407016316558
2025-02-06,0.0014001737379516859,1.3042306124169283
2025-02-07,-0.004209295674875824,1.298740720141041
2025-02-10,0.0037473366791243765,1.303607538878298
2025-02-11,-0.006149552310455479,1.2955909361256617
2025-02-12,0.004822482981507485,1.3018389013661231
2025-02-13,-0.008956679068269505,1.2901787481279983
2025-02-14,0.016285576994861994,1.3111900534677714
2025-02-17,0.005210528433206685,1.318022046522703
2025-02-18,0.0012086499050942834,1.319615073744145
2025-02-19,-0.0012326878981366123,1.317988400212542
2025-02-20,-0.008071011803714797,1.3073509002772672
2025-02-21,0.008389052450297418,1.3183183355506367
2025-02-24,0.006902393944728136,1.3274178880471654
2025-02-25,-0.018017611922628296,1.3035009876811767
2025-02-26,0.002664212522652365,1.3069737913358466
2025-02-27,-0.0011145920195230936,1.3055170487782977
2025-02-28,-0.020588447258935345,1.2786384798738848
2025-03-03,-0.0034851362718220833,1.274182250529129
2025-03-04,-0.0008025378426845068,1.2731596710546025
2025-03-05,0.01097268360382834,1.2871296493022388
2025-03-06,0.004703851097833889,1.2931841155161636
2025-03-07,-0.004213734820812813,1.2877349805788911
2025-03-10,-0.005182217032853524,1.281061658428734
2025-03-11,0.0002059098016941041,1.281325441580779
2025-03-12,0.006109606672843178,1.289153836048745
2025-03-13,-0.005245098471033567,1.2823920972343585
2025-03-14,0.0156113828389286,1.3024120112139006
2025-03-17,-0.009870314287711457,1.289556795331129
2025-03-18,0.001199396173047429,1.2911034848163765
2025-03-19,-0.003999038452768611,1.2859403123340922
2025-03-20,-0.0044522623104107,1.2802149687480493
2025-03-21,-0.015327698085245737,1.260592220222867
2025-03-24,0.006159093879499237,1.268356326050986
2025-03-25,-0.0037091822806108268,1.263651761240897
2025-03-26,-0.005490008586692241,1.2567143022210958
2025-03-27,0.0030984041530398945,1.2606081110342824
2025-03-28,-0.00810344918918308,1.250392837259044
2025-03-31,-0.004799831315903151,1.244391162561587
2025-04-01,0.0010219012768769205,1.245662807479543
2025-04-02,0.008203160362788267,1.2558811792472588
2025-04-03,-0.0005420676161419502,1.2552004067302667
2025-04-07,-0.08073347553246786,1.153863715405165
2025-04-08,0.019181661260869103,1.1759967383352747
2025-04-09,-0.002046152546989144,1.173590469613879
2025-04-10,0.008458361232510278,1.1835171217449045
2025-04-11,0.004908678622990788,1.1893266269403573
2025-04-14,0.006817038392085066,1.1974343122169389
2025-04-15,0.007628721302609313,1.2065692048630237
2025-04-16,0.004938952406375763,1.2125283927408406
2025-04-17,0.00615019262639042,1.2199856759211645
2025-04-18,0.008331161655862044,1.2301495738050998
2025-04-21,-0.006050078570328947,1.2227070722303224
2025-04-22,0.0037606507416193904,1.2273052464882888
2025-04-23,-0.002843893752219051,1.223814920765735
2025-04-24,0.0035812805575684927,1.2281977453475357
2025-04-25,-0.003261666253490262,1.2241917742089228
2025-04-28,0.0072351405553091235,1.2330489737619774
2025-04-29,0.0032831734219542774,1.2370972873806008
2025-04-30,0.00873867841539692,1.2479078827435797
2025-05-06,0.014301877284992473,1.2657553081455533
2025-05-07,0.007888755000853101,1.275740541662543
2025-05-08,0.013427065824615244,1.292869993890576
2025-05-09,0.001809083326480813,1.2952089034398309
2025-05-12,-0.0006994690407539084,1.2943029449105659
2025-05-13,0.014807905597207979,1.3134688607329896
2025-05-14,0.0069955288805664635,1.322657270081972
2025-05-15,-0.002571562580364284,1.3192559741395826
2025-05-16,-0.00691933438142156,1.3101276009198228
2025-05-19,-0.0016623669008844304,1.3079496881601187
2025-05-20,0.010373095943225996,1.321517175764316
2025-05-21,-0.0019502839867118205,1.3189398419782583
2025-05-22,0.007142877055185422,1.3283608671126945
2025-05-23,-0.013077570305384922,1.310989134482106
2025-05-26,-0.005723421939922961,1.3034857905068107
2025-05-27,0.003992695836386469,1.3086902127953561
2025-05-28,-0.0001868728545344478,1.3084456541195897
2025-05-29,0.005042386036041457,1.3150433422148413
2025-05-30,0.0029530194677917323,1.3189266908053918
2025-06-03,0.02690211786596623,1.3544086120980074
2025-06-04,-0.002737345483794599,1.3507011278004686
2025-06-05,-0.002396917045538386,1.3474636092438157
2025-06-06,0.0020027720376152303,1.3501622716821133
2025-06-09,0.00036286574458880655,1.350652199320143
2025-06-10,-0.001209429838956037,1.3490186802482338
2025-06-11,0.001606368409683756,1.351185701240258
2025-06-12,0.007589428624604581,1.3614404286784072
2025-06-13,-0.006790668589333637,1.3521953379231317
2025-06-16,0.013157796890655105,1.369987249536015
2025-06-17,-0.0038442363033321567,1.3647206948162465
2025-06-18,0.007305357189913171,1.3746904669563456
2025-06-19,-0.008214701859212211,1.3633977946215978
2025-06-20,0.003674754488729892,1.368407946787308
2025-06-23,0.011563842675606617,1.3842320010000064
2025-06-24,0.005226480836236928,1.391466663026139
2025-06-25,0.013371863261049407,1.410073164976433
2025-06-26,0.012622383512854348,1.4278716492459498
2025-06-27,-0.008364569159049706,1.4159281180855856
2025-06-30,0.009273723477520793,1.4290590439167579
2025-07-01,0.013555782777336897,1.4484310578920823
2025-07-02,-0.003781836388071095,1.4429533286117338
2025-07-03,0.00020264910571976547,1.4432457418133722
2025-07-04,0.01578444075282222,1.4660265687167884
2025-07-07,0.001203479309769273,1.4677909013598112
2025-07-08,-0.007414582600023811,1.4569078444821155
2025-07-09,0.002426557759969176,1.4604431155177036
2025-07-10,0.009650258534592856,1.4745367691575155
2025-07-11,-0.015413452357035099,1.4518090669174097
2025-07-14,0.005230739645965987,1.4594031021621074
2025-07-15,-0.004666596450796701,1.452592656825276
2025-07-16,-0.004517101565521246,1.446031148261066
2025-07-17,0.0013484708738857505,1.4479810791472276
2025-07-18,0.003885160676956397,1.4536067182969072
2025-07-21,-9.397380963360735e-05,1.45347011733588
2025-07-22,-0.012198042907492638,1.4357406264798587
2025-07-23,0.00487058796582603,1.4427335274972388
2025-07-24,-0.0077902397150957,1.4314942874730296
2025-07-25,0.013657650223361259,1.451045135748076
2025-07-28,-0.002694448615990145,1.4471353691903204
2025-07-29,-0.012557295512929056,1.4289632627121858
2025-07-30,0.002397014054508132,1.4323885077362828
2025-07-31,-0.006338741149262324,1.4233089677605644
2025-08-01,0.003159050119473039,1.4278052721252157
2025-08-04,0.0090568166563559,1.440736642695832
2025-08-05,0.019691532275678696,1.4691069547962299
2025-08-06,0.001241805449683812,1.4709312998188644
2025-08-07,0.0025693240429680944,1.4747105989730434
2025-08-08,-0.0006656944183996613,1.473728892358552
2025-08-11,-0.001404045446153801,1.4716597100183708
2025-08-12,-0.003626831830929637,1.4663222477377795
2025-08-13,-0.0020699092156579355,1.4632870938040627
2025-08-14,-0.003289596550998216,1.4584734696271646
2025-08-15,-0.006364587300631904,1.449190887904067
2025-08-18,0.0062532243711449125,1.4582530036827497
2025-08-19,-0.00027806020861890585,1.4578475215483266
2025-08-20,0.006582564052854363,1.4674438962382135
2025-08-21,0.006880198879514928,1.4775402020888626
2025-08-22,0.009459206480363505,1.4915165599434592
2025-08-25,0.013022723289933999,1.5109401673859573
2025-08-26,-0.003414856863132809,1.5057805229855763
2025-08-27,-0.010868654449111817,1.4894147148050432
2025-08-28,0.009684744721827196,1.503839316102863
2025-08-29,-0.008548663751177688,1.4909834994536986
2025-09-01,-0.009251856914398449,1.4771891334550238
2025-09-02,0.010136338106974044,1.492162421959672
2025-09-03,-0.019673547282796838,1.4628062939976358
2025-09-04,-0.01292549840723641,1.443898793574474
2025-09-05,0.0021585095030641397,1.4470154628418672
2025-09-08,0.01551556341329178,1.469466723015604
2025-09-09,-0.002862484265481117,1.4652603976423237
2025-09-10,-0.00153715377209999,1.4630080670949792
2025-09-11,0.014662086620286008,1.484458818100903
2025-09-12,-0.01613762138656209,1.4605031837304474
2025-09-15,-0.005357272608086457,1.4526788700302251
2025-09-16,-0.002665390764871267,1.4488069131857229
2025-09-17,-0.00423682736876511,1.4426685684038816
2025-09-18,-0.010981342598792762,1.4268261305977286
2025-09-19,0.004157001120739838,1.4327574484217243
2025-09-22,-0.006581983472493984,1.4233270625761199
2025-09-23,-0.00791501562785705,1.412061406632278
2025-09-24,0.014011547277312094,1.4318465717897741
2025-09-25,0.010727496638359332,1.4472067010752951
2025-09-26,-0.016517732224318255,1.4233021283136944
2025-09-29,-0.007603640750034872,1.412479850251237
2025-09-30,0.00765417145327089,1.4232912131993505
2025-10-09,0.020350666485944895,1.4522561379915464
2025-10-10,-0.01848595980231064,1.425409789401976
2025-10-13,0.014693393273067993,1.44635389601294
2025-10-14,-0.003151533634696483,1.441795663061981
2025-10-15,0.02245645894735408,1.4741732881800056
2025-10-16,0.0031788654584625022,1.4788594867255893
2025-10-17,-0.018752525625723233,1.4511271363039238
2025-10-20,-0.007608536303716051,1.4400861828060478
2025-10-21,0.00840613420143003,1.4521917405203406
2025-10-22,-0.001735462768854834,1.449671515821429
2025-10-23,0.0022920733368925936,1.452994269250096
2025-10-24,0.002750858529398085,1.456991250928829
2025-10-27,0.0003024467356160058,1.4574319131764937
2025-10-28,-0.011493682561424209,1.440680653411554
2025-10-29,-0.015440860883309093,1.4184353038649513
2025-10-30,-0.004905628511318001,1.4114769871968513
2025-10-31,0.0036964736125637923,1.4166944746347654
