trade_date,daily_return,equity,n_selected,year
2020-06-04,0.0010996154655653068,1.0010996154655654,4,2020
2020-06-05,0.004350497303547973,1.0054548966432313,4,2020
2020-06-08,0.00242104026362297,1.0078891434312613,4,2020
2020-06-09,0.007061572360573726,1.0150064255490379,4,2020
2020-06-10,0.012056027443142353,1.0272433708704227,4,2020
2020-06-11,-0.002679595196041773,1.0244907744686726,4,2020
2020-06-12,-0.007979560118848289,1.0163157887425944,4,2020
2020-06-15,-0.018879010358516718,0.9971287524393989,4,2020
2020-06-16,0.016293748666581953,1.0133757177198688,4,2020
2020-06-17,-0.004146260026256177,1.0091739984899082,4,2020
2020-06-18,0.0008385274946730858,1.0100202186345513,4,2020
2020-06-19,0.01901182858551259,1.0292225498991332,4,2020
2020-06-22,-0.0049350942871838055,1.0241432395728853,4,2020
2020-06-23,-0.006201554916702934,1.017791959030104,3,2020
2020-06-24,0.0235820108248271,1.041793540025374,3,2020
2020-06-29,-0.0048538131881924835,1.0367368688014251,3,2020
2020-06-30,0.012028859184632479,1.0492076306077542,3,2020
2020-07-01,0.014853051783007701,1.064791565876298,3,2020
2020-07-02,0.01811986956907516,1.084085450168228,4,2020
2020-07-03,0.024028967390498812,1.1101349040988344,4,2020
2020-07-06,0.08995621860563079,1.2099984422136902,3,2020
2020-07-07,0.0005177653442417496,1.2106249374736548,3,2020
2020-07-08,0.012543803136667808,1.2258107783616652,3,2020
2020-07-09,0.0012624187643300866,1.227358264889787,3,2020
2020-07-10,-0.04071414768872424,1.1773874192260878,3,2020
2020-07-13,0.006702118562599502,1.1852784093038542,3,2020
2020-07-14,-0.02944148012807768,1.1503820585700952,3,2020
2020-07-15,-0.02787517613793289,1.118314956061536,3,2020
2020-07-16,-0.018003979108181894,1.0981808369562367,3,2020
2020-07-17,0.004335525936243719,1.1029420284575462,3,2020
2020-07-20,0.030921749824156814,1.1370469259320584,3,2020
2020-07-21,-0.0037000892281302913,1.1328397508495385,3,2020
2020-07-22,0.0010499835180703225,1.1340292139165455,3,2020
2020-07-23,-0.024619101405482624,1.1061104337023544,3,2020
2020-07-24,-0.041846433833046315,1.0598236566263866,3,2020
2020-07-27,-0.009675966337653072,1.0495688386010211,3,2020
2020-07-28,0.004298124840556472,1.0540800164980861,3,2020
2020-07-29,0.021673362176706457,1.0769254744588779,3,2020
2020-07-30,-0.017781343775355524,1.0577762923770866,3,2020
2020-07-31,0.0011724765830657402,1.0590165103100209,3,2020
2020-08-03,0.019957626491808506,1.0801519662714467,3,2020
2020-08-04,0.020565496827733676,1.1023658281072723,3,2020
2020-08-05,-0.014109017038567115,1.0868125298557727,3,2020
2020-08-06,0.016423783567535526,1.1046621036246098,3,2020
2020-08-07,-0.01581958157562195,1.0871868113628222,3,2020
2020-08-10,0.011442003966010805,1.0996264071702302,3,2020
2020-08-11,-0.00828882082179013,1.0905118009102872,3,2020
2020-08-12,0.006851202493357837,1.09798311807972,3,2020
2020-08-13,-0.005290714984722111,1.0921740023439237,3,2020
2020-08-14,0.028350879032494374,1.1231380953668115,3,2020
2020-08-17,0.03413361222174527,1.1614748555855319,3,2020
2020-08-18,-0.010295004468022858,1.1495174667577825,3,2020
2020-08-19,-0.011890348988389587,1.135849302909783,3,2020
2020-08-20,-0.021779004563324784,1.1111116357584614,3,2020
2020-08-21,0.010804260894916965,1.123116375754574,3,2020
2020-08-24,-0.006687234326116768,1.115605833374404,3,2020
2020-08-25,0.00254808225232069,1.118448488799011,3,2020
2020-08-26,-0.018228209727719585,1.0980611751755316,3,2020
2020-08-27,0.002781455499864194,1.1011153834704108,3,2020
2020-08-28,0.02512156161436141,1.128777121420784,3,2020
2020-08-31,-0.0036725142358944676,1.1246316713732143,3,2020
2020-09-01,0.004810272084835643,1.1300414557077427,3,2020
2020-09-02,-0.0014100923587081482,1.1284479928860258,3,2020
2020-09-03,-0.02148692702179041,1.1042011132149978,3,2020
2020-09-04,-0.002730213606540577,1.101186408311341,3,2020
2020-09-07,-0.011506124458984099,1.088516020444769,3,2020
2020-09-08,0.01735426200941063,1.1074064126650085,3,2020
2020-09-09,-0.021011805209384542,1.084137804834468,3,2020
2020-09-10,-0.00173432983015324,1.0822575522995468,3,2020
2020-09-11,-0.00869813063829187,1.0728439347253673,3,2020
2020-09-14,0.009972083909964588,1.0835424244647454,3,2020
2020-09-15,0.00028078028646301895,1.0838466618170814,3,2020
2020-09-16,0.0027749176086771707,1.0868542470040636,3,2020
2020-09-17,0.0010603982149586615,1.0880067453075069,3,2020
2020-09-18,0.022297351260679592,1.1122664138816172,3,2020
2020-09-21,-0.006948436243075025,1.104537901619447,3,2020
2020-09-22,-0.020965044525994014,1.0813812153313473,3,2020
2020-09-23,-0.001310332061754978,1.079964246853919,3,2020
2020-09-24,-0.023679514862268564,1.054391217419823,3,2020
2020-09-25,0.0011809758975579454,1.0556364280341926,3,2020
2020-09-28,-0.001967803621471642,1.0535591428481494,3,2020
2020-09-29,-0.009971953445406282,1.0430531001236856,3,2020
2020-09-30,0.005891179252972963,1.0491979129068834,3,2020
2020-10-09,0.0141734922317062,1.0640687113749916,3,2020
2020-10-12,0.031589502500715204,1.0976821125939047,3,2020
2020-10-13,0.006894284109404292,1.1052498449399384,3,2020
2020-10-14,-0.00328932032509599,1.1016143241606682,3,2020
2020-10-15,0.011386541680483697,1.1141579015785414,3,2020
2020-10-16,0.014752749466845275,1.1305947939670358,3,2020
2020-10-19,0.002966386542750129,1.133948575149163,3,2020
2020-10-20,0.0005898460439836736,1.1346174302302956,3,2020
2020-10-21,0.005400134269227734,1.1407445166977455,3,2020
2020-10-22,-0.009797665438381639,1.1295678835724725,3,2020
2020-10-23,0.014677632602531595,1.1461472659671683,3,2020
2020-10-26,-0.007958776246519528,1.1370253363317755,3,2020
2020-10-27,0.0033740771030376835,1.1408617474846663,3,2020
2020-10-28,0.011904118505700612,1.1544427009253446,3,2020
2020-10-29,0.0027652538830375737,1.1576350280868228,3,2020
2020-10-30,-0.006075510678437479,1.1506018041119481,3,2020
2020-11-02,0.01601502197801763,1.1690287172927476,3,2020
2020-11-03,0.00960521595580858,1.1802574905808865,3,2020
2020-11-04,0.008108104958007956,1.1898271421919915,3,2020
2020-11-05,-0.0076571644001969625,1.180716440156411,3,2020
2020-11-06,0.0045580041473640325,1.1860981505875048,3,2020
2020-11-09,0.011146158981986268,1.1993185891421931,3,2020
2020-11-10,0.004110939168373499,1.2042489149056563,3,2020
2020-11-11,-0.012761211932833158,1.1888812392826609,3,2020
2020-11-12,0.024938724311573957,1.2185304207483336,3,2020
2020-11-13,-0.024257563359161183,1.1889718418619655,3,2020
2020-11-16,0.005034019914135286,1.1949571497912446,3,2020
2020-11-17,0.0029588649525110386,1.1984928666215142,3,2020
2020-11-18,0.021201887107893613,1.2239031770792395,3,2020
2020-11-19,0.009825658471392643,1.2359288316992725,3,2020
2020-11-20,-0.0025423281938545816,1.2327866949848456,3,2020
2020-11-23,0.026667207547617904,1.2656616736419486,3,2020
2020-11-24,-0.025275422265029768,1.2336715403959841,3,2020
2020-11-25,-0.011799274872020407,1.2191151107890632,3,2020
2020-11-26,0.013549545188681086,1.2356335660729036,3,2020
2020-11-27,0.014497940573176363,1.2535477080840507,3,2020
2020-11-30,-0.005592530158613718,1.2465372047213295,3,2020
2020-12-01,0.022674952111549535,1.2748023761436502,3,2020
2020-12-02,-0.010557654516228143,1.2613434530798588,3,2020
2020-12-03,0.0017861661488799419,1.2635964220578615,3,2020
2020-12-04,-0.01311536519505363,1.2470238935234095,3,2020
2020-12-07,-0.017106161625363714,1.2256921012501076,3,2020
2020-12-08,-0.003713733321671094,1.221140207651586,3,2020
2020-12-09,-0.010194371666531143,1.2086914505178408,3,2020
2020-12-10,-0.002375052494764033,1.2058207448728884,3,2020
2020-12-11,-0.00433322141274628,1.2005956566012714,3,2020
2020-12-14,0.008910229394981354,1.2112932393122071,3,2020
2020-12-15,0.0007001641169970263,1.2121413433735346,3,2020
2020-12-16,0.0018427760515646134,1.2143750484122149,3,2020
2020-12-17,-0.0016808358125396012,1.2123338833409891,3,2020
2020-12-18,-0.005991967741573882,1.2050696178199929,3,2020
2020-12-21,0.008903564382684212,1.2157990327478698,3,2020
2020-12-22,-0.02519290899120752,1.1851695183642545,3,2020
2020-12-23,0.0024070805448650847,1.1880223168542763,3,2020
2020-12-24,0.004553265512604783,1.1934316978978137,3,2020
2020-12-25,-0.01065351404718177,1.1807174565399075,3,2020
2020-12-28,0.0052134116141735465,1.1868730226408901,3,2020
2020-12-29,0.006798198101531076,1.1949416205701657,3,2020
2020-12-30,0.006039248008991656,1.2021581693730554,3,2020
2020-12-31,0.038200289446623716,1.2480809594037294,3,2020
2021-01-04,-0.010369096480278358,1.2351394875204738,3,2021
2021-01-05,0.0013604780010501398,1.2368198676214737,3,2021
2021-01-06,0.030786351135188312,1.2748970383570455,3,2021
2021-01-07,0.011757320101439558,1.2898864109333865,3,2021
2021-01-08,0.002274755554409887,1.292820587211215,3,2021
2021-01-11,0.0027940216550182604,1.2964327559279365,3,2021
2021-01-12,0.026629298447285937,1.330955850702379,3,2021
2021-01-13,0.013073334555661878,1.348355881817427,3,2021
2021-01-14,-0.02105133471407687,1.3199711908355942,3,2021
2021-01-15,0.013690080974326077,1.3380417033219112,3,2021
2021-01-18,0.03562023922198417,1.3857030688832288,3,2021
2021-01-19,0.018387407580745602,1.4111825559966746,3,2021
2021-01-20,-0.002465892088185743,1.4077027320968567,3,2021
2021-01-21,0.029412207672029272,1.4491063771937724,3,2021
2021-01-22,-0.01048467287972125,1.433912970860978,3,2021
2021-01-25,-0.004325785989623743,1.4277101702212878,3,2021
2021-01-26,-0.015397526211212561,1.4057269654532907,3,2021
2021-01-27,0.01828964257302627,1.4314372092066963,3,2021
2021-01-28,-0.024836707460805574,1.3958850219931176,3,2021
2021-01-29,0.017495135921065257,1.4203062201830665,3,2021
2021-02-01,0.05154788238801614,1.4935199981760312,3,2021
2021-02-02,-0.017398900638760744,1.4675343921257644,3,2021
2021-02-03,-0.005623297044316818,1.4592820103160902,3,2021
2021-02-04,0.0024311817473633792,1.4628297901038265,3,2021
2021-02-05,0.010429297654688289,1.4780860774029645,3,2021
2021-02-08,0.0025762910774085324,1.4818940573758195,3,2021
2021-02-09,0.02904987936226096,1.5249429009702384,3,2021
2021-02-10,0.022718165696372267,1.5595868064719869,3,2021
2021-02-18,0.00564085440167994,1.5683842085740765,3,2021
2021-02-19,-0.006831132515557521,1.557670368209999,3,2021
2021-02-22,-0.031966532569201754,1.5078770476525336,3,2021
2021-02-23,0.028963070775218758,1.5515497973040218,3,2021
2021-02-24,-0.03615187012576101,1.4954583705382358,3,2021
2021-02-25,-0.006515200913702501,1.485715158796101,3,2021
2021-02-26,-0.028708138764946822,1.4430630418521977,3,2021
2021-03-01,0.010402200194430907,1.4580740725067285,3,2021
2021-03-02,0.001831162700969206,1.4607440433635532,3,2021
2021-03-03,0.0396743329352377,1.5186980888731243,3,2021
2021-03-04,-0.01649843758475485,1.4936419432437644,3,2021
2021-03-05,-0.009108544652832506,1.480037038908385,3,2021
2021-03-08,-0.02794526291689144,1.4386770147293526,3,2021
2021-03-09,-0.009205571395192588,1.425433170755639,3,2021
2021-03-10,-0.0095345571692849,1.4118422966980744,3,2021
2021-03-11,0.026526608562350045,1.4492936846543536,3,2021
2021-03-12,0.017625063921253032,1.4748375784870549,3,2021
2021-03-15,-0.007325370340471686,1.4640338470325929,3,2021
2021-03-16,-0.008068330961359097,1.4522215374161023,3,2021
2021-03-17,-0.01181881061996215,1.4350580060871512,3,2021
2021-03-18,0.016598159307818088,1.4588773274881457,3,2021
2021-03-19,-0.04534484833037411,1.3927247563405742,3,2021
2021-03-22,0.0412238539302221,1.4501382382609622,3,2021
2021-03-23,-0.01244227304193235,1.4320952223519725,3,2021
2021-03-24,-0.023139560983692187,1.3989571676199049,3,2021
2021-03-25,0.002257379943381007,1.402115145471739,3,2021
2021-03-26,0.026723942308299147,1.4395851897289185,3,2021
2021-03-29,-4.802938473528565e-05,1.4395160473379818,3,2021
2021-03-30,0.03194021491893192,1.485494499269208,3,2021
2021-03-31,0.003012181665097239,1.4899690785635096,3,2021
2021-04-01,-0.0058191658138963724,1.48129870143777,3,2021
2021-04-02,-0.009553660594937822,1.4671468764045115,3,2021
2021-04-06,0.0029346968739104216,1.471452507756263,3,2021
2021-04-07,-0.008801631279769628,1.4585013253373,3,2021
2021-04-08,-0.008238134834370156,1.4464859947630637,3,2021
2021-04-09,-0.010689493984802864,1.4310237914229422,3,2021
2021-04-12,-0.014483530041420334,1.410297515349881,3,2021
2021-04-13,0.0057242097395072316,1.4183703541228494,3,2021
2021-04-14,0.005817588470473385,1.4266218491418559,3,2021
2021-04-15,-0.022790245857206865,1.3941087864546498,3,2021
2021-04-16,0.004901695400630087,1.4009422830811924,3,2021
2021-04-19,0.03502676331616331,1.450012756850283,3,2021
2021-04-20,0.009496078517122161,1.463782191840162,3,2021
2021-04-21,0.034013185855054605,1.5135700875825404,3,2021
2021-04-22,-0.006738731877603284,1.503370544584361,3,2021
2021-04-23,0.0068688504172375415,1.513696971976792,3,2021
2021-04-26,-0.011386771910110985,1.4964608498158667,3,2021
2021-04-27,0.004630631046353899,1.5033904078866773,3,2021
2021-04-28,0.005545022987484531,1.5117267422575726,3,2021
2021-04-29,0.01832438887515749,1.5394282109556752,3,2021
2021-04-30,-0.02805613368089895,1.4962378072769555,3,2021
2021-05-06,-0.0010355105873987396,1.494688437186254,3,2021
2021-05-07,-0.0028649413134116766,1.4904062425318805,3,2021
2021-05-10,-0.004748085971525688,1.4833296655598407,3,2021
2021-05-11,0.028105357517876055,1.5250191761272716,3,2021
2021-05-12,0.006933716749243961,1.5355932271317037,3,2021
2021-05-13,-0.011874718929038167,1.5173584891701801,3,2021
2021-05-14,0.015601165827545449,1.541031050579558,3,2021
2021-05-17,0.003703055166476029,1.5467375735731066,3,2021
2021-05-18,0.012454521903529544,1.5660014505621849,3,2021
2021-05-19,-0.01628213559167428,1.5405036026073728,3,2021
2021-05-20,0.015279584773412772,1.56404185799716,3,2021
2021-05-21,-0.014543123436286609,1.5412958041967884,3,2021
2021-05-24,0.017322694783572585,1.5679952009840903,3,2021
2021-05-25,0.058058109590144014,1.6590300381996446,3,2021
2021-05-26,0.001749675454378245,1.6619328023355586,3,2021
2021-05-27,-0.006565380232095149,1.6510215815680342,3,2021
2021-05-28,0.0028785001621033737,1.655774047458214,3,2021
2021-05-31,-0.006761660969832994,1.6445782647066536,3,2021
2021-06-01,-0.012786543453441915,1.623549793262396,3,2021
2021-06-02,-0.0035425646903088914,1.6177982630918262,3,2021
2021-06-03,-0.0099140608191323,1.6017593127184473,3,2021
2021-06-04,0.012635105185970849,1.6219977101172531,3,2021
2021-06-07,0.0010653615567921177,1.623725724122817,3,2021
2021-06-08,0.002722965636617558,1.6281470734728956,3,2021
2021-06-09,-0.0005471876205290771,1.6272561715498906,3,2021
2021-06-10,0.006869356167478635,1.6384343737679945,3,2021
2021-06-11,-0.03508732042589121,1.5809461018988025,3,2021
2021-06-15,0.0027432386722145985,1.5852830143842183,3,2021
2021-06-16,-0.004011550051987944,1.5789235722254495,3,2021
2021-06-17,0.01998826879193827,1.610483520989019,3,2021
2021-06-18,0.013559728708876229,1.6323212406237457,3,2021
2021-06-21,-0.009832233070413846,1.6162718777401461,3,2021
2021-06-22,0.012865735808603581,1.6370664047140264,3,2021
2021-06-23,-0.003821327681473511,1.6308106375452824,3,2021
2021-06-24,-0.00893090765682684,1.6162460183355947,3,2021
2021-06-25,0.006866697798555717,1.627344291311624,3,2021
2021-06-28,-0.008188531503048916,1.614018731315912,3,2021
2021-06-29,-0.011154692268012653,1.5960148490532748,3,2021
2021-06-30,0.027214166597386253,1.6394490630473129,3,2021
2021-07-01,-0.00016348813386228103,1.6391810325794332,3,2021
2021-07-02,-0.03851998291846866,1.5760398072041955,3,2021
2021-07-05,0.015579978650316462,1.6005944737524858,3,2021
2021-07-06,0.007886487745443501,1.6132175424551591,3,2021
2021-07-07,0.00031816847913605323,1.6137308174271576,3,2021
2021-07-08,-0.015319487807240684,1.5890092878454138,3,2021
2021-07-09,-0.0253015818797081,1.5488048392413765,3,2021
2021-07-12,0.0009854574758597263,1.5503311205488546,3,2021
2021-07-13,0.0006880997180201224,1.551397902955742,3,2021
2021-07-14,-0.01822033775860162,1.5231309091659022,3,2021
2021-07-15,0.023481786176210218,1.5588967434933125,3,2021
2021-07-16,-0.005466153611535389,1.5503755744288559,3,2021
2021-07-19,0.0029121899254663797,1.5548905625573965,3,2021
2021-07-20,-0.02214623783757182,1.5204555863476046,3,2021
2021-07-21,0.010114603379048607,1.5358343915589696,3,2021
2021-07-22,0.022286505421792262,1.5700627730534236,3,2021
2021-07-23,-0.020771457814907895,1.5374502803961871,3,2021
2021-07-26,-0.03229185449794081,1.4878031596438153,3,2021
2021-07-27,-0.05479754402156752,1.406275200507806,3,2021
2021-07-28,0.0019253929323254833,1.4089828328397684,3,2021
2021-07-29,0.009575427714344534,1.422474446106378,3,2021
2021-07-30,-0.014604545443751005,1.4016998534156428,3,2021
2021-08-02,0.019827638399637415,1.429492251253993,3,2021
2021-08-03,-0.00690984499007663,1.4196146813833121,3,2021
2021-08-04,-0.002732366180579001,1.4157357742384469,3,2021
2021-08-05,-0.015795078163028053,1.3933741170261555,3,2021
2021-08-06,0.002650379807711175,1.397067087650509,3,2021
2021-08-09,0.027459873065450946,1.4354303725413111,3,2021
2021-08-10,0.018298860265269168,1.461697112348968,3,2021
2021-08-11,-0.003210099067389227,1.457004919811811,3,2021
2021-08-12,-0.0023569516761172693,1.4535708296239493,3,2021
2021-08-13,-0.011357008742250726,1.4370626130044295,3,2021
2021-08-16,-0.0031056241047994204,1.4325996367133769,3,2021
2021-08-17,-0.0169341545600387,1.4083397730426173,3,2021
2021-08-18,0.024561386381932726,1.4429305503653604,3,2021
2021-08-19,-0.004061320475618024,1.437070346976267,3,2021
2021-08-20,-0.019565628300568145,1.4089531627255607,3,2021
2021-08-23,0.005231888008569959,1.4163246478822613,3,2021
2021-08-24,-0.0023761505610626252,1.412959247275549,3,2021
2021-08-25,0.00031777733908833206,1.4134082537053885,3,2021
2021-08-26,-0.015503312494363467,1.3914957438660813,3,2021
2021-08-27,-0.005768945476825937,1.3834682807884826,3,2021
2021-08-30,-0.027813951173713287,1.3449885615762507,3,2021
2021-08-31,0.009204252233045551,1.3573681755475595,3,2021
2021-09-01,0.00375036740021506,1.3624588049032225,3,2021
2021-09-02,0.001717830543913797,1.3647992782531095,3,2021
2021-09-03,-0.010415045144918866,1.3505848321563507,3,2021
2021-09-06,0.02362890445790659,1.382497672117671,3,2021
2021-09-07,0.02161305995808475,1.4123776771970629,3,2021
2021-09-08,0.0015523052103683839,1.4145701184243837,3,2021
2021-09-09,-0.009959060746380644,1.4004823286849803,3,2021
2021-09-10,0.03886130945915611,1.454906905852087,3,2021
2021-09-13,-0.009262430937410082,1.441430931116271,3,2021
2021-09-14,-0.027937925106620336,1.4011603417163787,3,2021
2021-09-15,0.001044463112150303,1.4026238020075092,3,2021
2021-09-16,-0.01644483005809161,1.3795578919480613,3,2021
2021-09-17,-0.005791247955811614,1.3715685301263933,3,2021
2021-09-22,-0.014301015704104839,1.3519537070377998,3,2021
2021-09-23,-0.003720138215626297,1.3469242523864908,3,2021
2021-09-24,0.0036870457772203804,1.3518904237634883,3,2021
2021-09-27,0.008913766829164413,1.3639408597794962,3,2021
2021-09-28,0.00661188248335709,1.372959076458607,3,2021
2021-09-29,0.0035873874051134402,1.3778844125572307,3,2021
2021-09-30,-0.00858985689894487,1.3660485826300774,3,2021
2021-10-08,0.030658820276137828,1.4079300206134058,3,2021
2021-10-11,0.0163999601355298,1.4310200168250813,3,2021
2021-10-12,-0.005955199842457885,1.4224980066463306,3,2021
2021-10-13,0.0049618226286634775,1.429556189444937,3,2021
2021-10-14,-0.011143062769014889,1.4136265550941183,3,2021
2021-10-15,0.016869645642530646,1.4374739341494274,3,2021
2021-10-18,-0.014275589464698831,1.4169531463993046,3,2021
2021-10-19,0.005106340543817829,1.4241885916994537,3,2021
2021-10-20,-0.010498104691395449,1.4092373107635017,3,2021
2021-10-21,0.009042321153243734,1.4219800871085588,3,2021
2021-10-22,0.010916272651089779,1.4375028094438564,3,2021
2021-10-25,-0.003954338721014176,1.431818436422906,3,2021
2021-10-26,0.018359026632058646,1.4581052292294667,3,2021
2021-10-27,-0.014436519693499239,1.4370552643725014,3,2021
2021-10-28,0.007926068933622021,1.4484454634593422,3,2021
2021-10-29,-0.0064090702947845095,1.4391622746658694,3,2021
2021-11-01,-0.013217838171863542,1.420139660616285,3,2021
2021-11-02,-0.03580639787966581,1.3692895748835647,3,2021
2021-11-03,0.009372108646284794,1.3821227055475986,3,2021
2021-11-04,-0.0015492421007486195,1.3799814628637637,3,2021
2021-11-05,-0.0047763183580736834,1.373390232068886,3,2021
2021-11-08,-0.004803301926192567,1.3667934241217754,3,2021
2021-11-09,0.008160066049036704,1.377946548737998,3,2021
2021-11-10,-0.0039757700643597476,1.3724681500992377,3,2021
2021-11-11,0.024310217137883578,1.4058331488429794,3,2021
2021-11-12,-0.003907251840078933,1.4003402046853188,3,2021
2021-11-15,0.006830173138535993,1.4099047707361725,3,2021
2021-11-16,-0.009204205591475648,1.3969277173619146,3,2021
2021-11-17,-0.004881442976924351,1.3901086943667271,3,2021
2021-11-18,-0.01507331244110995,1.369155151689434,3,2021
2021-11-19,0.0137855520047759,1.3880297112356554,3,2021
2021-11-22,0.003021555815654886,1.3922237204819412,3,2021
2021-11-23,-0.006022600732252951,1.3838389128835067,3,2021
2021-11-24,-0.010913693038087646,1.3687361197741352,3,2021
2021-11-25,-0.008654222065152354,1.3568907734450149,3,2021
2021-11-26,-0.007076938954643712,1.3472881402732253,3,2021
2021-11-29,-0.0058811850700496065,1.3393644893775956,3,2021
2021-11-30,-0.0029352819446049803,1.3354330769746803,3,2021
2021-12-01,0.007948125066158532,1.34604726608796,3,2021
2021-12-02,-0.006327942265199764,1.3375295567019256,3,2021
2021-12-03,0.00409351403105888,1.343004752709241,3,2021
2021-12-06,0.0049606760223570205,1.3496669641839174,3,2021
2021-12-07,0.00886952636886825,1.361637870911937,3,2021
2021-12-08,0.007565341553802951,1.371939126477979,3,2021
2021-12-09,0.011383734575306356,1.387556917347282,3,2021
2021-12-10,-0.00724217403524204,1.3775079886680488,3,2021
2021-12-13,-0.006410583553685438,1.3686773586108232,3,2021
2021-12-14,-0.01629854126052162,1.346369914209163,3,2021
2021-12-15,-0.0014590530794406826,1.3444054890397696,3,2021
2021-12-16,0.002921012651171321,1.348332514481559,3,2021
2021-12-17,-0.015241031848186926,1.3277825356863997,3,2021
2021-12-20,-0.002584188019708056,1.3243512959649013,3,2021
2021-12-21,0.0003855532538777536,1.3248619039163376,3,2021
2021-12-22,-0.006424593216329562,1.3163502051158633,3,2021
2021-12-23,-0.004130145138554549,1.3109134877155686,3,2021
2021-12-24,-0.0005726285340598528,1.3101628212468188,3,2021
2021-12-27,0.0014039535460977914,1.3120022289856739,3,2021
2021-12-28,-0.0003703246156668838,1.3115163622644705,3,2021
2021-12-29,-0.014857324362036165,1.2920307382641896,3,2021
2021-12-30,0.007335397048142456,1.301508296727762,3,2021
2021-12-31,-0.00322617521588342,1.2973094029175922,3,2021
2022-01-04,0.008611259493413717,1.3084808708293614,3,2022
2022-01-05,0.012897324058989986,1.3253567726454372,3,2022
2022-01-06,-0.013927370282451093,1.30689803811645,3,2022
2022-01-07,-0.0008697113822920081,1.305761414017205,3,2022
2022-01-10,0.00260625549839281,1.3091645618820764,3,2022
2022-01-11,-0.0012011294704479998,1.3075920857451337,3,2022
2022-01-12,-0.013146098698272731,1.2904023511288478,3,2022
2022-01-13,-0.010239198348863554,1.2771896655057997,3,2022
2022-01-14,-0.022580115756348773,1.2483505750158663,3,2022
2022-01-17,0.003961538750487104,1.2532959641929846,3,2022
2022-01-18,0.01691001383859514,1.2744892162913435,3,2022
2022-01-19,-0.0027487584547683333,1.2709859532825516,3,2022
2022-01-20,0.027169333611085866,1.3055177946622893,3,2022
2022-01-21,-0.006365866866559118,1.2972070421895452,3,2022
2022-01-24,-0.0034474691042260717,1.2927349609898122,3,2022
2022-01-25,-0.026530107615861498,1.258438563355966,3,2022
2022-01-26,-0.002739822408591238,1.254990665180248,3,2022
2022-01-27,-0.02713110676451676,1.2209413794547708,3,2022
2022-01-28,-0.02277964414909021,1.193128769303892,3,2022
2022-02-07,0.024975567960008254,1.2229278379666824,3,2022
2022-02-08,0.021943933101770712,1.2497636846313165,3,2022
2022-02-09,0.008899594340642728,1.260886074446202,3,2022
2022-02-10,0.00904766525938753,1.2722941495780145,3,2022
2022-02-11,0.009093413745391965,1.283863646685969,3,2022
2022-02-14,-0.004061536185371047,1.2786491880278714,3,2022
2022-02-15,-0.00923081876428733,1.266846209110083,3,2022
2022-02-16,0.007393764634750759,1.2762129718086692,3,2022
2022-02-17,-0.0023916594071266375,1.273160705049146,3,2022
2022-02-18,0.02426811965706044,1.304057921381946,3,2022
2022-02-21,-0.010257175082355685,1.2906819709647988,3,2022
2022-02-22,-0.011306153757893197,1.27608932214853,3,2022
2022-02-23,-0.00167660217895312,1.273949828010477,3,2022
2022-02-24,-0.018329799005843157,1.2505985837195166,3,2022
2022-02-25,-0.0007867431776466353,1.2496146838158009,3,2022
2022-02-28,-0.007576313372217276,1.240147211376688,3,2022
2022-03-01,0.01279304393247808,1.2560124691345702,3,2022
2022-03-02,-0.006062055985039949,1.2483984512287682,3,2022
2022-03-03,-0.004069427177619267,1.24331818464284,3,2022
2022-03-04,-0.0093382972541148,1.2317077098531988,3,2022
2022-03-07,-0.040965279166985745,1.1812504596669338,3,2022
2022-03-08,-0.020481679983710494,1.1570564657714246,3,2022
2022-03-09,-0.02078887539120104,1.1330025630839191,3,2022
2022-03-10,0.024249329187217377,1.1604771152061022,3,2022
2022-03-11,0.010160593606408641,1.1722682515632488,3,2022
2022-03-14,-0.022034703840232688,1.1464376678187453,3,2022
2022-03-15,-0.038215003672927995,1.102626548132269,3,2022
2022-03-16,0.03448174229110915,1.1406470326083014,3,2022
2022-03-17,0.009880530955016361,1.1519172309227352,3,2022
2022-03-18,0.013324535741931376,1.167265993237912,3,2022
2022-03-21,-0.002914695730728297,1.163863768030797,3,2022
2022-03-22,0.01810501598721026,1.1849355401579293,3,2022
2022-03-23,-0.008381064860034574,1.1750045185409057,3,2022
2022-03-24,0.0023523501009717895,1.177768540538738,3,2022
2022-03-25,-0.012738861063488538,1.1627651107358672,3,2022
2022-03-28,-0.00483422862375249,1.157144038354847,3,2022
2022-03-29,-0.005640535328914176,1.150617126525864,3,2022
2022-03-30,0.02877352136135906,1.1837244329947016,3,2022
2022-03-31,0.003535545870665032,1.1879095450257813,3,2022
2022-04-01,0.011469228816368323,1.2015339514108299,3,2022
2022-04-06,0.014994181666407425,1.21954996975664,3,2022
2022-04-07,-0.011586067821794202,1.2054201810949727,3,2022
2022-04-08,0.0034902621528294375,1.2096274135313054,3,2022
2022-04-11,-0.030174861173017636,1.173127074256922,3,2022
2022-04-12,0.00040739470156055574,1.1736050000112315,3,2022
2022-04-13,-0.008867617019427176,1.163197920339047,3,2022
2022-04-14,0.006010148972220001,1.1701889131244612,3,2022
2022-04-15,0.010351635707749995,1.1823022824623735,3,2022
2022-04-18,-0.028265600241605404,1.1488837987815543,3,2022
2022-04-19,0.005748165736838414,1.1554877732693192,3,2022
2022-04-20,-0.0008575714539693635,1.1544968599395529,3,2022
2022-04-21,-0.010941428571355974,1.1418650150106695,3,2022
2022-04-22,-0.0017655302168556597,1.1398490178230978,3,2022
2022-04-25,-0.07247431662602215,1.0572392391995262,3,2022
2022-04-26,-0.016064791743545137,1.0402549109986818,3,2022
2022-04-27,0.04260544275107999,1.0845754320557661,3,2022
2022-04-28,0.0022998973834645144,1.0870698442541211,3,2022
2022-04-29,0.014328125923524726,1.1026455178702608,3,2022
2022-05-05,-0.0014829785995293203,1.1010103181643922,3,2022
2022-05-06,-0.020938079814487587,1.0779572762460918,3,2022
2022-05-09,-0.018447616824946778,1.0580715334602406,3,2022
2022-05-10,0.005837649359978547,1.0642481840703564,3,2022
2022-05-11,0.0037289894262889276,1.068216754295702,3,2022
2022-05-12,-0.00926479978411828,1.0583199399411116,3,2022
2022-05-13,0.012791531449998894,1.0718574727370294,3,2022
2022-05-16,-0.013888150278447068,1.056971355078581,3,2022
2022-05-17,0.015158194285833723,1.0729931322334232,3,2022
2022-05-18,-0.0005227041153578934,1.072432274307454,3,2022
2022-05-19,-0.009876580900305002,1.0618403101901583,3,2022
2022-05-20,0.022855923924196924,1.0861096515395103,3,2022
2022-05-23,-0.004131526003146813,1.081622361271906,3,2022
2022-05-24,-0.032666348482770245,1.0462897082918412,3,2022
2022-05-25,0.0006033084790731206,1.0469209437444207,3,2022
2022-05-26,-0.0021498424548940984,1.044670228652641,3,2022
2022-05-27,0.004034927960537431,1.0488853977677726,3,2022
2022-05-30,-0.0005762758012896793,1.0482809504947128,3,2022
2022-05-31,0.010419361666822077,1.0592033688463571,3,2022
2022-06-01,-0.0026383683430267015,1.0564088002091656,3,2022
2022-06-02,-0.0005796621919706979,1.0557964399684192,3,2022
2022-06-06,0.021508554640145488,1.078505095386351,3,2022
2022-06-07,-0.004880815938708372,1.0732411105268111,3,2022
2022-06-08,0.003910323540456136,1.0774378305058894,3,2022
2022-06-09,-0.0003448398405152542,1.0770662870162526,3,2022
2022-06-10,0.001661825835459818,1.078856183598519,3,2022
2022-06-13,-0.018430712375824426,1.0589720955837352,3,2022
2022-06-14,0.01173169483653965,1.0713956330495344,3,2022
2022-06-15,0.028937276746587488,1.102398904988174,3,2022
2022-06-16,-0.011640132918468105,1.089566835204938,3,2022
2022-06-17,0.003459528868412424,1.0933362231253942,3,2022
2022-06-20,0.027531779135488876,1.1234377145413121,3,2022
2022-06-21,0.006049642800024809,1.1302341114223633,3,2022
2022-06-22,-0.02275096293182795,1.1045201970491056,3,2022
2022-06-23,0.007543703172018024,1.112852369563143,3,2022
2022-06-24,0.0027214355613880046,1.115880925576247,3,2022
2022-06-27,0.009607807492249135,1.1266020946934565,3,2022
2022-06-28,0.017033163566373705,1.1457916924465894,3,2022
2022-06-29,-0.01121038094346368,1.1329469310924072,3,2022
2022-06-30,0.003933097479951335,1.1374029218120054,3,2022
2022-07-01,-0.0030569578550085166,1.1339259290158625,3,2022
2022-07-04,0.008532604309264355,1.1436012702841698,3,2022
2022-07-05,0.013254618648699553,1.1587592690079547,3,2022
2022-07-06,-0.015565604830353408,1.1407224801330678,3,2022
2022-07-07,-0.010020228193680314,1.1292921805764735,3,2022
2022-07-08,0.0003299099525558846,1.1296647453061892,3,2022
2022-07-11,-0.01369170161969672,1.1141977126831661,3,2022
2022-07-12,-0.0043758958253388896,1.1093220995636337,3,2022
2022-07-13,-0.014593676242396159,1.093133011994067,3,2022
2022-07-14,-0.021025483767320646,1.0701493615948634,3,2022
2022-07-15,-0.016875409301831807,1.052090153103856,3,2022
2022-07-18,0.02387224698530299,1.0772059090895565,3,2022
2022-07-19,0.004870627334872202,1.082452577635654,3,2022
2022-07-20,0.0035605835865569016,1.0863067405168096,3,2022
2022-07-21,-0.017884936544162677,1.0668782133951704,3,2022
2022-07-22,-0.0022062699742316414,1.0645243920267946,3,2022
2022-07-25,0.0007928948063159839,1.0653684478884293,3,2022
2022-07-26,0.010341229028024257,1.0763856670072742,3,2022
2022-07-27,0.0011481965551348727,1.0776215693221287,3,2022
2022-07-28,0.004091104986639042,1.0820302322980921,3,2022
2022-07-29,-0.018166907344501253,1.0623730893239836,3,2022
2022-08-01,-0.005619795885591916,1.056402769407637,3,2022
2022-08-02,-0.025604009973484516,1.0293546223637071,3,2022
2022-08-03,-0.009871079281273362,1.0191937812778098,3,2022
2022-08-04,0.008168718543774286,1.0275192884186333,3,2022
2022-08-05,0.01756787176714421,1.045570615515839,3,2022
2022-08-08,-0.007213178591200446,1.038028727936412,3,2022
2022-08-09,-0.004817924051102855,1.0330275843623515,3,2022
2022-08-10,-0.011331810034085454,1.0213215120163872,3,2022
2022-08-11,0.018890174946755007,1.040614454055261,3,2022
2022-08-12,0.00397076380047523,1.0447464882596749,3,2022
2022-08-15,-0.016599411427255666,1.027404311463872,3,2022
2022-08-16,-0.0052513552058775686,1.022009046484325,3,2022
2022-08-17,0.01718157555856159,1.039568772138029,3,2022
2022-08-18,-0.015324828351791128,1.0236375591451312,3,2022
2022-08-19,0.005457066353847166,1.0292236172276763,3,2022
2022-08-22,0.0008296615945671363,1.0300775245351115,3,2022
2022-08-23,-0.005151287175672481,1.0247712993930254,3,2022
2022-08-24,-0.01416402033393512,1.0102564178707893,3,2022
2022-08-25,0.007276850181099211,1.017607902468129,3,2022
2022-08-26,-0.001200533505117211,1.0163862300861441,3,2022
2022-08-29,-0.012377029996461064,1.003806387228378,3,2022
2022-08-30,0.008721479953627561,1.0125610645119136,3,2022
2022-08-31,0.013438301225408825,1.0261681651059453,3,2022
2022-09-01,-0.009293122809975,1.016631858323929,3,2022
2022-09-02,-0.002187671828176104,1.0144078014478475,3,2022
2022-09-05,-0.0033268902589737395,1.0110329780145837,3,2022
2022-09-06,0.0009532735384111998,1.0119967689989862,3,2022
2022-09-07,-0.006555895678302319,1.0053622237546498,3,2022
2022-09-08,-0.0011485696185937015,1.0042074952487634,3,2022
2022-09-09,0.02023772321388721,1.024530368586919,3,2022
2022-09-13,0.008459322208896372,1.0331972010875952,3,2022
2022-09-14,-0.014752337325086776,1.0179551274538154,3,2022
2022-09-15,0.0037970257445048374,1.0218203292795083,3,2022
2022-09-16,-0.026566608717755624,0.9946740284116914,3,2022
2022-09-19,-0.004758132440421299,0.9899412376494612,3,2022
2022-09-20,-0.008140379543965256,0.9818827402487719,3,2022
2022-09-21,0.005017262209924415,0.9868091034159991,3,2022
2022-09-22,-0.011665991788625115,0.9752969965186076,3,2022
2022-09-23,-0.004256910149491218,0.9711452448353591,3,2022
2022-09-26,-0.018005254302439266,0.9536595277374939,3,2022
2022-09-27,0.013134314569832236,0.9661851919673157,3,2022
2022-09-28,-0.0048754607054044925,0.9614745940297353,3,2022
2022-09-29,-0.01917782388782648,0.9430356035928136,3,2022
2022-09-30,-0.0010076921946146438,0.9420853139758294,3,2022
2022-10-10,-0.025612289140884387,0.9179563525188996,3,2022
2022-10-11,-0.005883416369349859,0.9125556330881412,3,2022
2022-10-12,0.010070476541655124,0.9217455031841105,3,2022
2022-10-13,-0.008776493256262027,0.9136558099914253,3,2022
2022-10-14,0.02204427154682172,0.9337966867672075,3,2022
2022-10-17,0.007608692834605746,0.9409016589267918,3,2022
2022-10-18,-0.007623007623007642,0.9337291584082924,3,2022
2022-10-19,-0.0144342627178361,0.9202514664285231,3,2022
2022-10-20,-0.0006059496407896011,0.9196938403830046,3,2022
2022-10-21,0.001941012943400137,0.9214789780311534,3,2022
2022-10-24,-0.01733107106927952,0.9055087603740484,3,2022
2022-10-25,-0.002305998452200734,0.9034206585741716,3,2022
2022-10-26,0.010947679347714531,0.9133110182603428,3,2022
2022-10-27,0.002195978950491284,0.9153166300316943,3,2022
2022-10-28,-0.022817182512307094,0.8944316834277112,3,2022
2022-10-31,-0.001688626507415562,0.8929213223780028,3,2022
2022-11-01,0.022950545569950947,0.91341435387762,3,2022
2022-11-02,-0.00013973980700998645,0.913286713532089,3,2022
2022-11-03,-0.013540191606907856,0.9009206364388214,3,2022
2022-11-04,0.025127685374035424,0.9235586867382318,3,2022
2022-11-07,-0.003294404468982622,0.9205161108732737,3,2022
2022-11-08,0.0007139371737859465,0.9211733015438949,3,2022
2022-11-09,-0.0058518518518519596,0.9157827318533787,3,2022
2022-11-10,-0.00755053301039077,0.9088680841061739,3,2022
2022-11-11,0.03565893482914362,0.9412773518856046,3,2022
2022-11-14,0.020942288074741893,0.960989853347023,3,2022
2022-11-15,0.011708239981726987,0.9722413531700146,3,2022
2022-11-16,-0.009624108016376143,0.9628843973691187,3,2022
2022-11-17,0.0013517586577663037,0.9641859846896904,3,2022
2022-11-18,-0.01578495211715225,0.9489663550893344,3,2022
2022-11-21,-0.013680817785778529,0.9359837193005227,3,2022
2022-11-22,0.013187253264992224,0.948326773658848,3,2022
2022-11-23,0.0001612665203097515,0.9484797070177524,3,2022
2022-11-24,-0.00906827538576808,0.9398786318367028,3,2022
2022-11-25,0.018248163750085793,0.9570296910156656,3,2022
2022-11-28,-0.02604126972218294,0.9321074226997893,3,2022
2022-11-29,0.06106587066154523,0.9890273740170409,3,2022
2022-11-30,-0.002936883586162472,0.9861227157560248,3,2022
2022-12-01,0.009598797315797011,0.9955883078330702,3,2022
2022-12-02,-0.005385677411609298,0.9902263903723112,3,2022
2022-12-05,0.03070978975483755,1.0206360346303367,3,2022
2022-12-06,-0.0028538812785388057,1.017723260558903,3,2022
2022-12-07,-0.0043875514204109916,1.0132579474214525,3,2022
2022-12-08,0.006528742805421632,1.0198732479557167,3,2022
2022-12-09,0.009479691497902657,1.0295413317133009,3,2022
2022-12-12,-0.015829657108171708,1.0132440454535887,3,2022
2022-12-13,-0.005052169180673305,1.0081249651146473,3,2022
2022-12-14,0.006503856073183971,1.0146816647915367,3,2022
2022-12-15,-0.005973224241693183,1.0086207436738022,3,2022
2022-12-16,0.011651517826086607,1.0203727062484782,3,2022
2022-12-19,-0.020674119662370354,0.9992773988192806,3,2022
2022-12-20,-0.025349016059830125,0.9739466999883853,3,2022
2022-12-21,0.0040905429148246535,0.9779306707614396,3,2022
2022-12-22,0.015925655040754938,0.9935048572777604,3,2022
2022-12-23,0.0022908519014184225,0.9957808297691236,3,2022
2022-12-26,-0.01682160131863164,0.9790302016500112,3,2022
2022-12-27,0.02037469601105964,0.9989776443942765,3,2022
2022-12-28,0.00013343005298986169,0.9991109380343037,3,2022
2022-12-29,-0.0016018514414067135,0.9975105107380883,3,2022
2022-12-30,0.003286078400288902,1.0007884084814858,3,2022
2023-01-03,0.03108326835681056,1.0318961831507012,3,2023
2023-01-04,0.017542876536405887,1.0499986104901025,3,2023
2023-01-05,0.009065645528403055,1.0595175256981215,3,2023
2023-01-06,-0.0015235259915903725,1.057903323209175,3,2023
2023-01-09,0.005689396006233638,1.0639221541512225,3,2023
2023-01-10,-0.011655701868052315,1.0515213947116198,3,2023
2023-01-11,-0.0019080328821804808,1.0495150573141938,3,2023
2023-01-12,-0.00048551165146907643,1.0490055055254757,3,2023
2023-01-13,0.010526733470043662,1.0600481068907508,3,2023
2023-01-16,0.022195422062455505,1.0835763220296981,3,2023
2023-01-17,-0.0013057316743181335,1.0821614621044828,3,2023
2023-01-18,0.002953880266075385,1.0853580374921006,3,2023
2023-01-19,0.031253949703137884,1.1192797630057751,3,2023
2023-01-20,-0.003752286301148544,1.1150799048838957,3,2023
2023-01-30,0.03623222835871761,1.1554817346358661,3,2023
2023-01-31,-0.01436735983743409,1.13888051276877,3,2023
2023-02-01,0.012059629342063838,1.152614989617661,3,2023
2023-02-02,-0.00345293900860999,1.1486350803581016,3,2023
2023-02-03,-0.004402786187939212,1.1435778856913186,3,2023
2023-02-06,0.02128953876861221,1.1679241314236715,3,2023
2023-02-07,-0.003249706891916467,1.1641287203245483,3,2023
2023-02-08,-0.007709949119791022,1.1551533471219586,3,2023
2023-02-09,0.0045860723910367,1.1604509639946083,3,2023
2023-02-10,0.005773095021508061,1.1671503576775497,3,2023
2023-02-13,-0.0008045304237194184,1.1662113497057431,3,2023
2023-02-14,-0.0033074950375756216,1.162354111453827,3,2023
2023-02-15,0.014006906628693194,1.1786350969624384,3,2023
2023-02-16,-0.01763456600818562,1.15785037854549,3,2023
2023-02-17,-0.020528156805771986,1.1340818444170857,3,2023
2023-02-20,0.05831235169843496,1.2002128237835445,3,2023
2023-02-21,-0.0015877828947944428,1.198307146391828,3,2023
2023-02-22,-0.006701133662157151,1.1902771300355381,3,2023
2023-02-23,-0.012562923160880183,1.1753237699107488,3,2023
2023-02-24,-0.0030421609967215732,1.1717482457794066,3,2023
2023-02-27,-0.015085947071589167,1.154071313762351,3,2023
2023-02-28,0.007485353109487836,1.1627099450593927,3,2023
2023-03-01,0.02593262872376867,1.1928620703780515,3,2023
2023-03-02,0.009288311919179337,1.203941745364281,3,2023
2023-03-03,0.0043807693776771,1.20921593649488,3,2023
2023-03-06,-0.015426979433508459,1.1905613871119027,3,2023
2023-03-07,-0.01543537715840774,1.1721846230715935,3,2023
2023-03-08,-0.005946911263210453,1.165213745134087,3,2023
2023-03-09,-0.013893208285473765,1.1490251878758422,3,2023
2023-03-10,-0.012708753164561363,1.1344225103832644,3,2023
2023-03-13,0.0034818651337944853,1.1383724165691593,3,2023
2023-03-14,-0.014733131750908846,1.1216006257742455,3,2023
2023-03-15,0.0090037162659804,1.1316991995724628,3,2023
2023-03-16,0.0001696041513401895,1.1318911404547787,3,2023
2023-03-17,0.020726487212255007,1.1553512677030793,3,2023
2023-03-20,-0.01209974455550463,1.1413718124919936,3,2023
2023-03-21,0.0023355798792567364,1.1440375775320009,3,2023
2023-03-22,0.010322779322709716,1.155847224981751,3,2023
2023-03-23,0.03854391184904834,1.2003980985324147,3,2023
2023-03-24,0.01714590681294544,1.2209800124682884,3,2023
2023-03-27,-0.007475746117972674,1.2118522758799564,3,2023
2023-03-28,-0.00942087757507922,1.20043556394981,3,2023
2023-03-29,0.0013248528779495523,1.202025964461502,3,2023
2023-03-30,0.0036041446049785244,1.20635823985636,3,2023
2023-03-31,0.023374757453886102,1.2345565711154993,3,2023
2023-04-03,0.033926706479633216,1.2764410095362373,3,2023
2023-04-04,-0.015955487388034133,1.2560747711070124,3,2023
2023-04-06,-0.01353996801151273,1.2390675588861553,3,2023
2023-04-07,0.011917939794016416,1.2538346914536793,3,2023
2023-04-10,-0.03270844600447013,1.2128237071497352,3,2023
2023-04-11,-0.0008173052687438324,1.2118324599438244,3,2023
2023-04-12,0.010339759068386986,1.2243625156108942,3,2023
2023-04-13,-0.009704044581473522,1.2124812471755209,3,2023
2023-04-14,0.005631622552590088,1.2193094839117071,3,2023
2023-04-17,0.008432771678085463,1.2295916423944586,3,2023
2023-04-18,0.018796060479470356,1.2527031212699562,3,2023
2023-04-19,-0.01200542766875834,1.237663884557122,3,2023
2023-04-20,0.03583732397366942,1.2820184461585056,3,2023
2023-04-21,-0.04312065742153633,1.2267369679336142,3,2023
2023-04-24,-0.013459837867391689,1.210225287239292,3,2023
2023-04-25,0.02321843663333915,1.2383248263831224,3,2023
2023-04-26,-0.03317885668070808,1.197238624444394,3,2023
2023-04-27,-0.003943149248441191,1.1925177338622113,3,2023
2023-04-28,0.047229751699328304,1.2488400503295691,3,2023
2023-05-04,0.006306694709689475,1.256716103268231,3,2023
2023-05-05,-0.001296924612424773,1.2550862372230718,3,2023
2023-05-08,0.06129209565192132,1.3320131029263584,3,2023
2023-05-09,-0.00767033981945638,1.3217961097829447,3,2023
2023-05-10,-0.015877736311238826,1.3008089796945899,3,2023
2023-05-11,-0.017470599180050745,1.2780830674005348,3,2023
2023-05-12,-0.004269741935092182,1.2726259825311235,3,2023
2023-05-15,0.013546424886870115,1.2898655148125606,3,2023
2023-05-16,-0.032431654652427665,1.2480330418880838,3,2023
2023-05-17,-0.011521605448409078,1.2336536975928716,3,2023
2023-05-18,0.01998519478991101,1.258308507042559,3,2023
2023-05-19,-0.01869038891677033,1.234790231668653,3,2023
2023-05-22,-0.004655371105231991,1.22904182490312,3,2023
2023-05-23,-0.008694747431009064,1.218355616653441,3,2023
2023-05-24,-0.029056484010557788,1.182954486158977,3,2023
2023-05-25,-0.007243162739406246,1.1743861543024168,3,2023
2023-05-26,0.012301344978426979,1.188832683524379,3,2023
2023-05-29,-0.0037925828595198143,1.1843239370660075,3,2023
2023-05-30,0.02045127907843843,1.2085448764222193,3,2023
2023-05-31,-0.012541061871523337,1.1933884403524957,3,2023
2023-06-01,0.02948399262949312,1.228574296331971,3,2023
2023-06-02,0.0208323024407866,1.254168327644135,3,2023
2023-06-05,0.0029142300194932393,1.2578232626340533,3,2023
2023-06-06,-0.020313091628442193,1.2322729834477817,3,2023
2023-06-07,0.014605758997544127,1.2502712656632047,3,2023
2023-06-08,0.00790227153027275,1.2601512486909732,3,2023
2023-06-09,0.002860603114300956,1.2637560412774689,3,2023
2023-06-12,0.0012029129539240142,1.2652762297901212,3,2023
2023-06-13,0.03193287544052873,1.3056801380338712,3,2023
2023-06-14,-0.002204190128834956,1.302802170762201,3,2023
2023-06-15,-0.002688998145591981,1.2992989381409483,3,2023
2023-06-16,0.00618914903529566,1.3073404929105041,3,2023
2023-06-19,-0.004850460641466177,1.3009992893046467,3,2023
2023-06-20,-0.00852461335420951,1.2899087733892232,2,2023
2023-06-21,-0.0146590297211416,1.2709999623425492,3,2023
2023-06-26,-0.03376166386232297,1.2280888888449148,3,2023
2023-06-27,0.004870760455203553,1.2340706156401757,3,2023
2023-06-28,-0.012461912390012375,1.2186917357449791,3,2023
2023-06-29,-0.00717837872731882,1.209943504913948,3,2023
2023-06-30,-0.00028970401172678795,1.2095929794266116,3,2023
2023-07-03,0.0040084541877383195,1.2144415774704531,3,2023
2023-07-04,-0.0028166741475693646,1.2110208912754588,3,2023
2023-07-05,-0.012494339531526602,1.1958899850800913,3,2023
2023-07-06,0.007158267661928841,1.2044504856875147,3,2023
2023-07-07,0.006483703121805092,1.2122597850616263,3,2023
2023-07-10,-0.013253422988841764,1.1961931933578422,3,2023
2023-07-11,0.020231104692876627,1.2203935030855713,3,2023
2023-07-12,-0.005498546577373216,1.2136831125661316,3,2023
2023-07-13,0.015539273739250348,1.232542866685002,3,2023
2023-07-14,0.01216290386685633,1.2475341670842712,3,2023
2023-07-17,-0.006998693043379485,1.2388030583877203,3,2023
2023-07-18,-0.017326966934007444,1.217338358757289,3,2023
2023-07-19,0.006253114653467525,1.2249505150866622,3,2023
2023-07-20,-0.017438727438392327,1.2035889369285475,3,2023
2023-07-21,0.004496534176707072,1.2090009157181534,3,2023
2023-07-24,-0.008262786544279995,1.1990111992197352,3,2023
2023-07-25,0.027845311284427392,1.2323980392955234,3,2023
2023-07-26,-0.008888092978902843,1.2214443709352472,3,2023
2023-07-27,0.004729991071019642,1.2272217919035182,3,2023
2023-07-28,0.023638196444436987,1.2562311017014276,3,2023
2023-07-31,0.009203254777416348,1.2677925165897002,3,2023
2023-08-01,-0.015752204901432847,1.247821989095876,3,2023
2023-08-02,-0.004579331690053275,1.2421077983176638,3,2023
2023-08-03,0.01523275536598708,1.2610285225476214,3,2023
2023-08-04,0.006397812195518382,1.269096346208073,3,2023
2023-08-07,-0.004729981033471368,1.263093544560861,3,2023
2023-08-08,-0.003092243186582818,1.259187752153676,3,2023
2023-08-09,0.005685385566611985,1.266346720025425,3,2023
2023-08-10,-0.010641886424655503,1.2528704020566794,3,2023
2023-08-11,-0.024254727873912845,1.222482371393515,3,2023
2023-08-14,-0.0030861192304438845,1.2187096450382788,3,2023
2023-08-15,0.0057457690046717564,1.2257120691424344,3,2023
2023-08-16,-0.030392920422905423,1.1884590997635935,3,2023
2023-08-17,-0.005322435193865512,1.182133603224542,3,2023
2023-08-18,-0.014126407854630893,1.1654343018067277,3,2023
2023-08-21,-0.018386785342996575,1.1440057114680424,3,2023
2023-08-22,0.01276109430429706,1.1586044762367405,3,2023
2023-08-23,-0.021818723766101906,1.1333252052155618,3,2023
2023-08-24,-0.011091147663409129,1.1207553280138525,3,2023
2023-08-25,-0.0054375102255478,1.11466120945744,3,2023
2023-08-28,0.014945102836143328,1.1313199358602413,3,2023
2023-08-29,-0.0063565510634819855,1.1241286429188104,3,2023
2023-08-30,0.013596813127410567,1.139413210007747,3,2023
2023-08-31,-0.006445719800768616,1.1320688717187428,3,2023
2023-09-01,0.005411142537495972,1.1381946577458752,3,2023
2023-09-04,0.006612693361406981,1.1457211900031403,3,2023
2023-09-05,-0.014916137552849854,1.1286314551358387,3,2023
2023-09-06,0.00041896998075237796,1.1291043178348736,3,2023
2023-09-07,-0.013039126162416573,1.1143817841840955,3,2023
2023-09-08,-0.012343329025292745,1.1006266031621184,3,2023
2023-09-11,0.014880675829042142,1.1170046708525936,3,2023
2023-09-12,-0.0022351848992341696,1.1145079588799298,3,2023
2023-09-13,-0.011434869988400043,1.1017637052691007,3,2023
2023-09-14,0.0029794246617764752,1.1050463272240296,3,2023
2023-09-15,-0.009104202510885876,1.0949857616770715,3,2023
2023-09-18,0.00024623380617723917,1.0952553841888792,3,2023
2023-09-19,-0.008811998422540693,1.0856039954711276,3,2023
2023-09-20,-0.003862728620218229,1.0814106018475982,3,2023
2023-09-21,-0.004318400487293632,1.076740637777615,3,2023
2023-09-22,0.03133411943680856,1.1104793575242042,3,2023
2023-09-25,-0.0055124830906374545,1.10435785884335,3,2023
2023-09-26,0.01254093562759806,1.1182075396609366,3,2023
2023-09-27,-0.001804493417549513,1.1161897415161641,3,2023
2023-09-28,-0.002296015440438485,1.113626952635184,3,2023
2023-10-09,-0.0030096781580640775,1.1102752939196066,3,2023
2023-10-10,-0.0014560780897798036,1.1086586463905064,3,2023
2023-10-11,0.02393507731054097,1.1351944768028628,3,2023
2023-10-12,0.0037235520052925075,1.1394214324733591,3,2023
2023-10-13,-0.011713410340682665,1.1260749216838304,3,2023
2023-10-16,-0.0033494825185033847,1.1223031534191252,3,2023
2023-10-17,-0.0025098830172436415,1.1194863037941596,3,2023
2023-10-18,0.0024001147489205086,1.1221731993831106,3,2023
2023-10-19,-0.0214355623766536,1.098118785770325,3,2023
2023-10-20,-0.015278761674442901,1.0813408905523116,3,2023
2023-10-23,-0.0006832917744541792,1.0806020192164163,3,2023
2023-10-24,-0.03203485462308564,1.0459850906254056,3,2023
2023-10-25,0.006527535003619615,1.052812794917727,3,2023
2023-10-26,-0.010811441292471543,1.0414303711935111,3,2023
2023-10-27,0.0019400816108380292,1.0434508311056319,3,2023
2023-10-30,-0.009382284053920498,1.0336608790118993,3,2023
2023-10-31,0.0007400054256266145,1.034425793670626,3,2023
2023-11-01,-0.0014707259056994844,1.0329044368583509,3,2023
2023-11-02,0.00010532883735914211,1.0330132314817884,3,2023
2023-11-03,0.009837843392552817,1.0431758538755411,3,2023
2023-11-06,0.020658577550201212,1.0647263831513265,3,2023
2023-11-07,-0.0001685447635578763,1.0645469290948244,3,2023
2023-11-08,-0.0008175199885260461,1.0636766407015654,3,2023
2023-11-09,0.0006280547546519225,1.0643446878731704,3,2023
2023-11-10,-0.01743924042378442,1.0457833249675723,3,2023
2023-11-13,0.013912267773338982,1.060332542617414,3,2023
2023-11-14,0.0025875536736419402,1.0630762099833457,3,2023
2023-11-15,0.011448785977909623,1.0752471419896523,3,2023
2023-11-16,-0.01409351059791634,1.060093134998642,3,2023
2023-11-17,-0.007627326143165895,1.052007458915876,3,2023
2023-11-20,0.0074683403339477206,1.0598642086529113,3,2023
2023-11-21,0.0015912157944854381,1.0615506813217297,3,2023
2023-11-22,-0.013787328221847214,1.0469147336542215,3,2023
2023-11-23,-0.00029411345109516446,1.046606821948904,3,2023
2023-11-24,-0.01141924590417287,1.0346553612840845,3,2023
2023-11-27,-0.011028557369854789,1.0232446052741353,3,2023
2023-11-28,-0.004207341375324192,1.018939465909288,3,2023
2023-11-29,-0.0163964253183236,1.0022325010526139,3,2023
2023-11-30,-0.002295413427771139,0.999931963111949,3,2023
2023-12-01,0.0173608001194208,1.0172915820565556,3,2023
2023-12-04,-0.0027746475346204593,1.0144689564764122,3,2023
2023-12-05,-0.02456684862811394,0.9895466511847355,3,2023
2023-12-06,-0.005248038942490078,0.9843534718239074,3,2023
2023-12-07,0.010023531213331216,0.9942201695736853,3,2023
2023-12-08,0.007220377886259621,1.0013988149001485,3,2023
2023-12-11,0.013318392315058603,1.0147358371808235,3,2023
2023-12-12,0.0012931031149640004,1.0160479952527477,3,2023
2023-12-13,-0.015016284677535538,1.0007907293099931,3,2023
2023-12-14,-0.004340491697471083,0.996446805458517,3,2023
2023-12-15,-0.005146055535773224,0.9913190348591837,3,2023
2023-12-18,-0.009908553730452777,0.9814964969382609,3,2023
2023-12-19,0.003551135473099524,0.9849819239652613,3,2023
2023-12-20,-0.01766244987192341,0.9675847301084741,3,2023
2023-12-21,0.014326826147306774,0.9814471483195271,3,2023
2023-12-22,-0.0064254126049909654,0.9751409454415824,3,2023
2023-12-25,0.004517079778859882,0.9795457348877749,3,2023
2023-12-26,-0.015622698031488266,0.9642425876635908,3,2023
2023-12-27,0.0022817125761052845,0.9664427121022791,3,2023
2023-12-28,0.026525319262894254,0.9920779135900895,3,2023
2023-12-29,-0.0034970711937286993,0.9886085464965392,3,2023
2024-01-02,-0.01803390605462733,0.970780072844219,3,2024
2024-01-03,-0.011675800216501867,0.9594454386595288,3,2024
2024-01-04,-0.017280050394809805,0.9428661731284217,3,2024
2024-01-05,0.004355185727901352,0.9469725304289516,3,2024
2024-01-08,-0.017839313510313277,0.9300791905729748,3,2024
2024-01-09,0.0037111453221414514,0.9335308496102909,3,2024
2024-01-10,-0.01254425457650051,0.9218204009777625,3,2024
2024-01-11,0.013333114904714968,0.9341111383055094,3,2024
2024-01-12,-0.006017964693742088,0.9284896904551556,3,2024
2024-01-15,-0.0011325345841442698,0.9274381437696937,3,2024
2024-01-16,0.010866135801780086,0.937515812587646,3,2024
2024-01-17,-0.014582931504313112,0.9238440837084699,3,2024
2024-01-18,0.007603527823086302,0.930868557903141,3,2024
2024-01-19,-0.005202206564265399,0.926025987380749,3,2024
2024-01-22,-0.01217640072746029,0.914750323874359,3,2024
2024-01-23,0.03788491489968308,0.9494055620487967,3,2024
2024-01-24,0.014856048824272087,0.9635099774326291,3,2024
2024-01-25,0.012217267729322115,0.9752814367867967,3,2024
2024-01-26,0.004581704404928777,0.979749888041768,3,2024
2024-01-29,-0.006510142356159099,0.9733715767971851,3,2024
2024-01-30,-0.005920185160696034,0.9676090368323871,3,2024
2024-01-31,-0.02398833130911404,0.944397710679159,3,2024
2024-02-01,0.018851300136494237,0.9622008353713899,3,2024
2024-02-02,-0.012655614971538701,0.9500235920736367,3,2024
2024-02-05,0.00404101186988733,0.9538626486858792,3,2024
2024-02-06,0.03324761300937203,0.9855763048934818,3,2024
2024-02-07,0.0004407091587828038,0.9860106573977276,3,2024
2024-02-08,0.015918455926083725,1.0017064245901621,3,2024
2024-02-19,0.037306097814941395,1.0390761824477779,3,2024
2024-02-20,-0.0084079227928426,1.0303397101298752,3,2024
2024-02-21,0.0436334937634398,1.0752970314460515,3,2024
2024-02-22,0.011962822819151361,1.0881606193112,3,2024
2024-02-23,0.001671926876844217,1.0899799442969496,3,2024
2024-02-26,-0.01587305478384989,1.0726786329278264,3,2024
2024-02-27,0.02113932081183671,1.0953543306772902,3,2024
2024-02-28,-0.017366280675481145,1.0763320999316446,3,2024
2024-02-29,0.018937071643474024,1.096714678020221,3,2024
2024-03-01,0.015780853106007447,1.1140217712532605,3,2024
2024-03-04,-0.009589834044623028,1.1033384873448449,3,2024
2024-03-05,0.009683666114714754,1.1140228488678068,3,2024
2024-03-06,-0.00869911954134317,1.104331830933718,3,2024
2024-03-07,-0.008561619966023115,1.094876961480881,3,2024
2024-03-08,0.0025549254444713343,1.0976742904883339,3,2024
2024-03-11,0.007358405410619088,1.1057514229265606,3,2024
2024-03-12,-0.0017047575320007964,1.1038663848598058,3,2024
2024-03-13,-0.011328790071907013,1.091360914318294,3,2024
2024-03-14,-0.00827687620502419,1.0823278551354796,3,2024
2024-03-15,0.020336050272569794,1.1043381288089174,3,2024
2024-03-18,0.002541968781117269,1.1071453218561471,3,2024
2024-03-19,-0.015248980599211906,1.0902624843226545,3,2024
2024-03-20,0.01242341514410857,1.103807267781442,3,2024
2024-03-21,0.006386724212472957,1.1108569803844852,3,2024
2024-03-22,-0.014622488128310462,1.0946134873765623,3,2024
2024-03-25,-0.010334508935299858,1.0833011945105695,3,2024
2024-03-26,0.004852204249810847,1.088557593170399,3,2024
2024-03-27,-0.016668866917626073,1.0704125715176704,3,2024
2024-03-28,0.026041858729129563,1.0982881044870179,3,2024
2024-03-29,-0.0070209893813631226,1.090577035367737,3,2024
2024-04-01,0.015237334628822596,1.1071945225941446,3,2024
2024-04-02,-0.006185448433841205,1.1003460279684072,3,2024
2024-04-03,-0.013194707181683326,1.0858272843308356,3,2024
2024-04-08,-0.0031949754531042096,1.0823580928110879,3,2024
2024-04-09,-0.0010056062811297044,1.0812696667145254,3,2024
2024-04-10,-0.012958204297190745,1.0672583534728832,3,2024
2024-04-11,0.0010440714940543512,1.0683726474965356,3,2024
2024-04-12,-0.015877943854146353,1.05140908658428,3,2024
2024-04-15,0.016272610026543417,1.0685182566286302,3,2024
2024-04-16,-0.0038738816194495707,1.0643789433942303,3,2024
2024-04-17,0.028098727711949916,1.094286637506998,3,2024
2024-04-18,0.0017098114640309674,1.0961576613447435,3,2024
2024-04-19,-0.01686571102913507,1.0776701829861306,3,2024
2024-04-22,-0.01186067283801647,1.0648882895184468,3,2024
2024-04-23,-0.013436164847707857,1.0505802749160833,3,2024
2024-04-24,0.012208680788831971,1.063406474135577,3,2024
2024-04-25,0.002093207913427042,1.0656324049824273,3,2024
2024-04-26,0.010805448012588573,1.0771470405349945,3,2024
2024-04-29,0.016501384726913242,1.0949214582583187,3,2024
2024-04-30,0.010287759090120066,1.1061857464434832,3,2024
2024-05-06,0.013902359012609056,1.1215643378251714,3,2024
2024-05-07,-0.0012470211045992146,1.1201657234257376,3,2024
2024-05-08,-0.01555619967890065,1.1027402017586667,3,2024
2024-05-09,0.003582583225080871,1.1066908603071095,3,2024
2024-05-10,0.0062263644164399405,1.113581520899725,3,2024
2024-05-13,0.004669652909038498,1.1187815600882458,3,2024
2024-05-14,-0.010141752373998761,1.1074351545452348,3,2024
2024-05-15,-0.006463086155189164,1.1002777057301236,3,2024
2024-05-16,0.017031853659059498,1.1190174745984447,3,2024
2024-05-17,0.017809070964134383,1.1389461362136748,3,2024
2024-05-20,0.009004875614238609,1.1492022045015966,3,2024
2024-05-21,0.008549376616806326,1.159027166956745,3,2024
2024-05-22,0.008806325337157084,1.1692339372635694,3,2024
2024-05-23,-0.015072949999902127,1.151610132589007,3,2024
2024-05-24,-0.013146491656473228,1.1364704995894155,3,2024
2024-05-27,0.014045611759619492,1.1524329230029091,3,2024
2024-05-28,-0.011788047322727424,1.1388479891702816,3,2024
2024-05-29,-0.006469463823121413,1.13148025330431,3,2024
2024-05-30,-0.0022526448073412566,1.128931430187095,3,2024
2024-05-31,-0.0012010111786008304,1.1275755709195665,3,2024
2024-06-03,-0.006848182391109514,1.11985372775015,3,2024
2024-06-04,0.0025471160580861074,1.1227061251628099,3,2024
2024-06-05,-0.005093561311819224,1.1169875526791382,3,2024
2024-06-06,-0.0036156123045945434,1.1129489587395927,3,2024
2024-06-07,0.002121765360250364,1.115310375287973,3,2024
2024-06-11,-0.008857119979788886,1.105431937479344,3,2024
2024-06-12,0.007533294953836515,1.1137594823157668,3,2024
2024-06-13,-0.0007877498859914326,1.1128821184105508,3,2024
2024-06-14,0.00654551624700872,1.1201665063976125,3,2024
2024-06-17,-0.008512498409282662,1.110631090793771,3,2024
2024-06-18,0.004292254435335689,1.1153982020192523,3,2024
2024-06-19,0.004111858415855596,1.1199845615032555,3,2024
2024-06-20,-0.01178449190246141,1.1067861125073386,3,2024
2024-06-21,0.0018636178717549672,1.1088487388868176,3,2024
2024-06-24,-0.011420865420471679,1.0961847266683313,3,2024
2024-06-25,0.006135402565879744,1.1029102612530104,3,2024
2024-06-26,0.026670710924064183,1.1323256620060735,3,2024
2024-06-27,-0.009869107318679701,1.1211506185280404,3,2024
2024-06-28,-0.0003122709156045585,1.120800515797862,3,2024
2024-07-01,0.013593507578469888,1.1360361261033132,3,2024
2024-07-02,0.007708063696531727,1.1447927649248786,3,2024
2024-07-03,-0.009158874438054965,1.1343077517333378,3,2024
2024-07-04,-0.010606893833100206,1.1222762698366398,3,2024
2024-07-05,-0.015577747329285074,1.104793733671472,3,2024
2024-07-08,-0.017793955864971567,1.0851350827346247,3,2024
2024-07-09,0.016815429384043828,1.1033820950904973,3,2024
2024-07-10,0.00343536870796061,1.1071726194128952,3,2024
2024-07-11,-0.0007732939919589862,1.1063164494782418,3,2024
2024-07-12,0.011600327613953096,1.1191500827368948,3,2024
2024-07-15,-0.002233566123031161,1.116650387025506,3,2024
2024-07-16,0.0058414721804015786,1.1231732691965501,3,2024
2024-07-17,0.010132671952378658,1.1345540154789995,3,2024
2024-07-18,0.0003793637453278394,1.1349844241395883,3,2024
2024-07-19,0.0022809288753231627,1.1375732428856504,3,2024
2024-07-22,-0.008015275990935544,1.1284552793840184,3,2024
2024-07-23,-0.010303039606836947,1.1168287599459805,3,2024
2024-07-24,-0.005493433614981373,1.1106935352939153,3,2024
2024-07-25,-0.0019663861785007195,1.1085094828775632,3,2024
2024-07-26,-0.007883768433619265,1.0997702508080855,3,2024
2024-07-29,0.010886986336408092,1.1117434345018213,3,2024
2024-07-30,-0.005527511027062948,1.1055982604083476,3,2024
2024-07-31,0.01554925698607453,1.1227894918827939,3,2024
2024-08-01,0.003222099305100534,1.1264072311243638,3,2024
2024-08-02,-0.011999944658070416,1.112890406688421,3,2024
2024-08-05,-0.01528767243694821,1.0958769026927464,3,2024
2024-08-06,-0.02324954237814214,1.0703982662023643,3,2024
2024-08-07,0.003347098681039625,1.0739809948273573,3,2024
2024-08-08,0.0004783389731377226,1.0744947217935925,3,2024
2024-08-09,0.007624925131107278,1.0826876636010387,3,2024
2024-08-12,-0.010114485853641312,1.0717368345436342,3,2024
2024-08-13,0.00024950849330152014,1.0720042419864368,3,2024
2024-08-14,-0.004305951344066343,1.0673882438798106,3,2024
2024-08-15,0.011079046309947863,1.079213887664449,3,2024
2024-08-16,0.005908205312495918,1.0855901048888674,3,2024
2024-08-19,0.012940060257991806,1.0996377062616092,3,2024
2024-08-20,-0.007241627750413371,1.0916745393325442,3,2024
2024-08-21,0.0021151206262047806,1.0939835626677892,3,2024
2024-08-22,-0.006045371906326776,1.087370025172054,3,2024
2024-08-23,0.0113481224809218,1.0997096333997893,3,2024
2024-08-26,-0.0032745732240555916,1.0961085536800224,3,2024
2024-08-27,-0.008660542793240356,1.0866156586448397,3,2024
2024-08-28,-0.005937428944437458,1.0801639553817228,3,2024
2024-08-29,-0.01501727299213973,1.063942838387486,3,2024
2024-08-30,0.004124997244097354,1.0683315996637115,3,2024
2024-09-02,-0.013171786442676026,1.0542597639829787,3,2024
2024-09-03,8.240997746059946e-05,1.0543466455063661,3,2024
2024-09-04,-0.001247740932206994,1.0530310940400327,3,2024
2024-09-05,0.00546661661835975,1.0587876113183614,3,2024
2024-09-06,0.002556408978903265,1.061494305474687,3,2024
2024-09-09,-0.01371856246064529,1.0469321295434133,3,2024
2024-09-10,0.011834846738005464,1.0593224108416532,3,2024
2024-09-11,-0.017737125339568654,1.040533076465541,3,2024
2024-09-12,0.010227810188010592,1.0511754512659772,3,2024
2024-09-13,-0.009011426410826232,1.041702861042027,3,2024
2024-09-18,0.0015718198265395333,1.0433402302523758,3,2024
2024-09-19,0.01723205259997725,1.061319123979757,3,2024
2024-09-20,0.003996884804594407,1.065561094259217,3,2024
2024-09-23,0.011245521400238193,1.0775438843479703,3,2024
2024-09-24,0.04059772753116042,1.1212897173675975,3,2024
2024-09-25,0.024849752465769814,1.1491534892865953,3,2024
2024-09-26,0.04621149373334332,1.2022575885554125,3,2024
2024-09-27,0.03496553044228209,1.2442951628675114,3,2024
2024-09-30,0.06746715662219582,1.3282442195049344,3,2024
2024-10-08,0.06570938749940007,1.4155223336182226,3,2024
2024-10-09,-0.0657656340043135,1.3224296099005548,3,2024
2024-10-10,0.014780784316439255,1.341976156738168,3,2024
2024-10-11,-0.026331079661058705,1.306640475651854,3,2024
2024-10-14,0.022959827599081883,1.3366407157068028,3,2024
2024-10-15,-0.013100054478102882,1.3191306495133932,3,2024
2024-10-16,0.0073804963816376246,1.328866488499034,3,2024
2024-10-17,0.0036502788831919895,1.3337172217805835,3,2024
2024-10-18,0.01102461639404432,1.3484209425288451,3,2024
2024-10-21,-0.0038081939970917578,1.343285893989954,3,2024
2024-10-22,-0.006177639799057573,1.334987557589729,3,2024
2024-10-23,0.004019894757489428,1.3403540670737975,3,2024
2024-10-24,-0.010264592953889817,1.3265958781611942,3,2024
2024-10-25,0.001743840848012601,1.3289092502423367,3,2024
2024-10-28,-0.0015409129047207666,1.3268615168294355,3,2024
2024-10-29,-0.0035346146175057416,1.3221715727166443,3,2024
2024-10-30,-0.011062480687812423,1.3075450752274917,3,2024
2024-10-31,0.0013015718600045318,1.3092469391030952,3,2024
2024-11-01,-0.0034251068874552684,1.3047626283945934,3,2024
2024-11-04,0.007521522989860048,1.3145764305003735,3,2024
2024-11-05,0.018268163781938407,1.3385913280366304,3,2024
2024-11-06,0.00032304167036549075,1.3390237488151762,3,2024
2024-11-07,0.028849825253436972,1.3776543499786962,3,2024
2024-11-08,-0.016459041825200343,1.3549794794117276,3,2024
2024-11-11,0.006488012653443047,1.3637706034193064,3,2024
2024-11-12,-0.0174298241644657,1.3400003216010405,3,2024
2024-11-13,0.03446643195352742,1.3861853515032079,3,2024
2024-11-14,-0.01075986166294507,1.3712701888818324,3,2024
2024-11-15,-0.0046066071398982444,1.3649532858389997,3,2024
2024-11-18,-0.009581946146094497,1.3518743769621555,3,2024
2024-11-19,-0.007584096893834176,1.3416216306989828,3,2024
2024-11-20,0.005675341739645567,1.3492357919385,3,2024
2024-11-21,0.004964969054389701,1.35593470589255,3,2024
2024-11-22,-0.025536272165584368,1.3213091882041161,3,2024
2024-11-25,-0.009521392154486477,1.3087284852658987,3,2024
2024-11-26,-0.009892402670156711,1.295782016103744,3,2024
2024-11-27,0.018469030709563256,1.3197138539520639,3,2024
2024-11-28,-0.005722424557749369,1.3121618909850064,3,2024
2024-11-29,0.02635806270257531,1.3467479363835189,3,2024
2024-12-02,0.0003727237147449121,1.3472499012771926,3,2024
2024-12-03,0.0006704716529254418,1.3481531941454057,3,2024
2024-12-04,0.0026892299619571958,1.3517786881084097,3,2024
2024-12-05,0.004968863233523783,1.3584954915316128,3,2024
2024-12-06,0.012317331554612862,1.3752285309162542,3,2024
2024-12-09,0.004408816993074309,1.3812916618327182,3,2024
2024-12-10,0.020259783854028157,1.4092763323408204,3,2024
2024-12-11,-0.015786321143758997,1.3870290435781893,3,2024
2024-12-12,0.004939887377812147,1.3938808108432201,3,2024
2024-12-13,-0.02293988032216332,1.3619053518591167,3,2024
2024-12-16,-0.0034963302248380845,1.357143681014043,3,2024
2024-12-17,-0.008891693009710155,1.345076376032398,3,2024
2024-12-18,0.008439274609693959,1.3564278449407474,3,2024
2024-12-19,0.004359601963576321,1.3623413304370007,3,2024
2024-12-20,0.003773203319169823,1.3674817212668477,3,2024
2024-12-23,0.0063048509792297995,1.3761034897362558,3,2024
2024-12-24,0.011162104457149121,1.3914637006325392,3,2024
2024-12-25,0.006597251922671983,1.4006435372068655,3,2024
2024-12-26,0.004126521940207313,1.4064233234935593,3,2024
2024-12-27,-0.005739415682621041,1.3983512754142964,3,2024
2024-12-30,0.008182933932383563,1.409793891515276,3,2024
2024-12-31,-0.025173025284416856,1.3743051142383453,3,2024
2025-01-02,-0.02746999590196338,1.3365529583821707,3,2025
2025-01-03,-0.017142946957248866,1.313640501911071,3,2025
2025-01-06,0.004438215009304265,1.3194707209034828,3,2025
2025-01-07,0.012354105832324214,1.3357716018321777,3,2025
2025-01-08,-0.0001780526595692352,1.3355337641458944,3,2025
2025-01-09,-0.004394655340393035,1.3296645535570153,3,2025
2025-01-10,-0.009619013441916699,1.3168744923431102,3,2025
2025-01-13,-0.00511257655122029,1.3101418706926566,3,2025
2025-01-14,0.025138374146018123,1.3430767072224927,3,2025
2025-01-15,0.001106528828306123,1.344562860317661,3,2025
2025-01-16,0.01475706552291108,1.3644046625470412,3,2025
2025-01-17,-0.003200719973493508,1.3600375852916993,3,2025
2025-01-20,0.0016227084114865953,1.36224452972129,3,2025
2025-01-21,-0.0002574472775482839,1.361893823575758,3,2025
2025-01-22,-0.021469626435216032,1.3326544719391586,3,2025
2025-01-23,0.014005035752774675,1.3513183454647615,3,2025
2025-01-24,0.02066631846304164,1.3792451207370866,3,2025
2025-01-27,0.018484416564008715,1.4047396620926675,3,2025
2025-02-05,0.013834281420162705,1.4241732259001216,3,2025
2025-02-06,0.0014001737379516859,1.4261673158493209,3,2025
2025-02-07,-0.004209295674875824,1.420164155935067,3,2025
2025-02-10,0.0037473366791243765,1.4254859891669802,3,2025
2025-02-11,-0.006149552310455479,1.4167198885087766,3,2025
2025-02-12,0.004822482981507485,1.4235519960606735,3,2025
2025-02-13,-0.008956679068269505,1.4108016976949636,3,2025
2025-02-14,0.016285576994861994,1.4337774173672568,3,2025
2025-02-17,0.005210528433206685,1.4412481553673386,3,2025
2025-02-18,0.0012086499050942834,1.4429901198135406,3,2025
2025-02-19,-0.0012326878981366123,1.4412113633557158,3,2025
2025-02-20,-0.008071011803714797,1.4295793294304238,3,2025
2025-02-21,0.008389052450297418,1.4415721454068766,3,2025
2025-02-24,0.006902393944728136,1.4515224442542218,3,2025
2025-02-25,-0.018017611922628296,1.4253694761566644,3,2025
2025-02-26,0.002664212522652365,1.4291669633644475,3,2025
2025-02-27,-0.0011145920195230936,1.4275740252725153,3,2025
2025-02-28,-0.020588447258935345,1.398182492744966,3,2025
2025-03-03,-0.0034851362718220833,1.3933096362248738,3,2025
2025-03-04,-0.0008025378426845068,1.3921914525152264,3,2025
2025-03-05,0.01097268360382834,1.4074675288396303,3,2025
2025-03-06,0.004703851097833889,1.4140880465203283,3,2025
2025-03-07,-0.004213734820812813,1.4081294544790104,3,2025
2025-03-10,-0.005182217032853524,1.4008322220355465,3,2025
2025-03-11,0.0002059098016941041,1.4011206671205927,3,2025
2025-03-12,0.006109606672843178,1.4096809632978913,3,2025
2025-03-13,-0.005245098471033567,1.4022870478326523,3,2025
2025-03-14,0.0156113828389286,1.4241786877864389,3,2025
2025-03-17,-0.009870314287711457,1.4101215965361262,3,2025
2025-03-18,0.001199396173047429,1.4118128909825431,3,2025
2025-03-19,-0.003999038452768611,1.4061669969433896,3,2025
2025-03-20,-0.0044522623104107,1.3999063726207552,3,2025
2025-03-21,-0.015327698085245737,1.3784490303936128,3,2025
2025-03-24,0.006159093879499237,1.3869390273799118,3,2025
2025-03-25,-0.0037091822806108268,1.3817946177152667,3,2025
2025-03-26,-0.005490008586692241,1.3742085533989647,3,2025
2025-03-27,0.0030984041530398945,1.378466406887959,3,2025
2025-03-28,-0.00810344918918308,1.3672960744007467,3,2025
2025-03-31,-0.004799831315903151,1.3607332838847266,3,2025
2025-04-01,0.0010219012768769205,1.362123818965017,3,2025
2025-04-02,0.008203160362788267,1.3732975390859608,3,2025
2025-04-03,-0.0005420676161419502,1.3725531189626947,3,2025
2025-04-07,-0.08073347553246786,1.2617421353159075,3,2025
2025-04-08,0.019181661260869103,1.285944445554103,3,2025
2025-04-09,-0.002046152546989144,1.2833132070515458,3,2025
2025-04-10,0.008458361232510278,1.294167933731239,3,2025
2025-04-11,0.004908678622990788,1.3005205882021058,3,2025
2025-04-14,0.006817038392085066,1.3093862869815767,3,2025
2025-04-15,0.007628721302609313,1.3193752300424175,3,2025
2025-04-16,0.004938952406375763,1.325891561509748,3,2025
2025-04-17,0.00615019262639042,1.3340460500147386,3,2025
2025-04-18,0.008331161655862044,1.3451602033137757,3,2025
2025-04-21,-0.006050078570328947,1.3370218783940477,3,2025
2025-04-22,0.0037606507416193904,1.3420499507125918,3,2025
2025-04-23,-0.002843893752219051,1.3382333032425944,3,2025
2025-04-24,0.0035812805575684927,1.3430258921529878,3,2025
2025-04-25,-0.003261666253490262,1.3386453899229889,3,2025
2025-04-28,0.0072351405553091235,1.3483306774727981,3,2025
2025-04-29,0.0032831734219542774,1.3527574809170824,3,2025
2025-04-30,0.00873867841539692,1.3645787935168392,3,2025
2025-05-06,0.014301877284992473,1.3840948319674202,3,2025
2025-05-07,0.007888755000853101,1.395013616994758,3,2025
2025-05-08,0.013427065824615244,1.413744556656381,3,2025
2025-05-09,0.001809083326480813,1.4163021383617311,3,2025
2025-05-12,-0.0006994690407539084,1.4153114788635937,3,2025
2025-05-13,0.014807905597207979,1.4362692776332504,3,2025
2025-05-14,0.0069955288805664635,1.4463167408452042,3,2025
2025-05-15,-0.002571562580364284,1.4425974468350922,3,2025
2025-05-16,-0.00691933438142156,1.4326156327226551,3,2025
2025-05-19,-0.0016623669008844304,1.4302340999131273,3,2025
2025-05-20,0.010373095943225996,1.4450700554527998,3,2025
2025-05-21,-0.0019502839867118205,1.4422517584639734,3,2025
2025-05-22,0.007142877055185422,1.4525535854573064,3,2025
2025-05-23,-0.013077570305384922,1.4335577138211495,3,2025
2025-05-26,-0.005723421939922961,1.4253528581497197,3,2025
2025-05-27,0.003992695836386469,1.4310438585718357,3,2025
2025-05-28,-0.0001868728545344478,1.4307764353210204,3,2025
2025-05-29,0.005042386036041457,1.43799096243918,3,2025
2025-05-30,0.0029530194677917323,1.4422373777457715,3,2025
2025-06-03,0.02690211786596623,1.4810366176725904,3,2025
2025-06-04,-0.002737345483794599,1.47698250877587,3,2025
2025-06-05,-0.002396917045538386,1.473442304224623,3,2025
2025-06-06,0.0020027720376152303,1.4763932732705634,3,2025
2025-06-09,0.00036286574458880655,1.4769290058149747,3,2025
2025-06-10,-0.001209429838956037,1.4751427638053225,3,2025
2025-06-11,0.001606368409683756,1.477512386540873,3,2025
2025-06-12,0.007589428624604581,1.4887258613404941,3,2025
2025-06-13,-0.006790668589333637,1.4786164173957606,3,2025
2025-06-16,0.013157796890655105,1.4980717518950422,3,2025
2025-06-17,-0.0038442363033321567,1.4923128100814107,3,2025
2025-06-18,0.007305357189913171,1.5032146881981383,3,2025
2025-06-19,-0.008214701859212211,1.490866227704202,3,2025
2025-06-20,0.003674754488729892,1.4963447950665538,3,2025
2025-06-23,0.011563842675606617,1.5136482908651663,3,2025
2025-06-24,0.005226480836236928,1.521559344650176,3,2025
2025-06-25,0.013371863261049407,1.54190542815041,3,2025
2025-06-26,0.012622383512854348,1.5613679498050763,3,2025
2025-06-27,-0.008364569159049706,1.5483077796062081,3,2025
2025-06-30,0.009273723477520793,1.5626663578123705,3,2025
2025-07-01,0.013555782777336897,1.5838495235123273,3,2025
2025-07-02,-0.003781836388071095,1.5778596637510793,3,2025
2025-07-03,0.00020264910571976547,1.5781794156008897,3,2025
2025-07-04,0.01578444075282222,1.6030900950837657,3,2025
2025-07-07,0.001203479309769273,1.605019380844895,3,2025
2025-07-08,-0.007414582600023811,1.5931188320709815,3,2025
2025-07-09,0.002426557759969176,1.5969846269354964,3,2025
2025-07-10,0.009650258534592856,1.6123959414611941,3,2025
2025-07-11,-0.015413452357035099,1.5875433534368053,3,2025
2025-07-14,0.005230739645965987,1.5958473793953167,3,2025
2025-07-15,-0.004666596450796701,1.5884002036786173,3,2025
2025-07-16,-0.004517101565521246,1.5812252386319066,3,2025
2025-07-17,0.0013484708738857505,1.5833574748112549,3,2025
2025-07-18,0.003885160676956397,1.5895090730099564,3,2025
2025-07-21,-9.397380963360735e-05,1.5893597007869185,3,2025
2025-07-22,-0.012198042907492638,1.56997262296128,3,2025
2025-07-23,0.00487058796582603,1.5776193127253515,3,2025
2025-07-24,-0.0077902397150957,1.5653292801000565,3,2025
2025-07-25,0.013657650223361259,1.5867079998920488,3,2025
2025-07-28,-0.002694448615990145,1.5824326967177593,3,2025
2025-07-29,-0.012557295512929056,1.5625616217157532,3,2025
2025-07-30,0.002397014054508132,1.566307103884041,3,2025
2025-07-31,-0.006338741149262324,1.5563786885922692,3,2025
2025-08-01,0.003159050119473039,1.561295366874412,3,2025
2025-08-04,0.0090568166563559,1.5754357327586115,3,2025
2025-08-05,0.019691532275678696,1.6064584763384853,3,2025
2025-08-06,0.001241805449683812,1.6084533852290932,3,2025
2025-08-07,0.0025693240429680944,1.6125860231837557,3,2025
2025-08-08,-0.0006656944183996613,1.6115125336689329,3,2025
2025-08-11,-0.001404045446153801,1.6092498968346152,3,2025
2025-08-12,-0.003626831830929637,1.6034134180848552,3,2025
2025-08-13,-0.0020699092156579355,1.6000944978742517,3,2025
2025-08-14,-0.003289596550998216,1.5948308325327734,3,2025
2025-08-15,-0.006364587300631904,1.584680392469379,3,2025
2025-08-18,0.0062532243711449125,1.594589754520044,3,2025
2025-08-19,-0.00027806020861890585,1.5941463625602408,3,2025
2025-08-20,0.006582564052854363,1.6046399331014183,3,2025
2025-08-21,0.006880198879514928,1.6156801749711676,3,2025
2025-08-22,0.009459206480363505,1.6309632273524497,3,2025
2025-08-25,0.013022723289933999,1.6522028101583184,3,2025
2025-08-26,-0.003414856863132809,1.646560774052762,3,2025
2025-08-27,-0.010868654449111817,1.6286648739701204,3,2025
2025-08-28,0.009684744721827196,1.6444380775119278,3,2025
2025-08-29,-0.008548663751177688,1.6303803293276453,3,2025
2025-09-01,-0.009251856914398449,1.615296283804656,3,2025
2025-09-02,0.010136338106974044,1.6316694730802388,3,2025
2025-09-03,-0.019673547282796838,1.5995687465516986,3,2025
2025-09-04,-0.01292549840723641,1.5788935232658794,3,2025
2025-09-05,0.0021585095030641397,1.5823015799401752,3,2025
2025-09-08,0.01551556341329178,1.6068518804426888,3,2025
2025-09-09,-0.002862484265481117,1.602252292217963,3,2025
2025-09-10,-0.00153715377209999,1.5997893840631243,3,2025
2025-09-11,0.014662086620286008,1.6232456345864719,3,2025
2025-09-12,-0.01613762138656209,1.5970503111181258,3,2025
2025-09-15,-0.005357272608086457,1.5884944772326366,3,2025
2025-09-16,-0.002665390764871267,1.5842605187229717,3,2025
2025-09-17,-0.00423682736876511,1.5775482803979923,3,2025
2025-09-18,-0.010981342598792762,1.5602246822648056,3,2025
2025-09-19,0.004157001120739838,1.5667105380175865,3,2025
2025-09-22,-0.006581983472493984,1.5563984751501727,3,2025
2025-09-23,-0.00791501562785705,1.5440795568961863,3,2025
2025-09-24,0.014011547277312094,1.5657145006075683,3,2025
2025-09-25,0.010727496638359332,1.5825106976494663,3,2025
2025-09-26,-0.016517732224318255,1.5563712097035733,3,2025
2025-09-29,-0.007603640750034872,1.5445371221512902,3,2025
2025-09-30,0.00765417145327089,1.556359274100178,3,2025
2025-10-09,0.020350666485944895,1.5880322226196981,3,2025
2025-10-10,-0.01848595980231064,1.5586759227875764,3,2025
2025-10-13,0.014693393273067993,1.5815781611063564,3,2025
2025-10-14,-0.003151533634696483,1.5765937643357284,3,2025
2025-10-15,0.02245645894735408,1.6119984774811882,3,2025
2025-10-16,0.0031788654584625022,1.6171228037603473,3,2025
2025-10-17,-0.018752525625723233,1.58679766694289,3,2025
2025-10-20,-0.007608536303716051,1.574724459287303,3,2025
2025-10-21,0.00840613420143003,1.5879618044223467,3,2025
2025-10-22,-0.001735462768854834,1.585205955832408,3,2025
2025-10-23,0.0022920733368925936,1.5888393641372547,3,2025
2025-10-24,0.002750858529398085,1.593210036453935,3,2025
2025-10-27,0.0003024467356160058,1.5936918976286112,3,2025
2025-10-28,-0.011493682561424209,1.575374508856554,3,2025
2025-10-29,-0.015440860883309093,1.5510493702261887,3,2025
2025-10-30,-0.004905628511318001,1.5434404982131453,3,2025
2025-10-31,0.0036964736125637923,1.5491457852873525,3,2025
