date,ret,n_trades,cash_weight,n_signals,equity
2020-07-02,-0.0045511066898781295,1,0.7,1,0.9954488933101219
2020-07-03,0.00083333333333331,1,0.7,1,0.9962784340545469
2020-07-10,-0.026999999999999996,3,0.10000000000000009,3,0.9693789163350741
2020-07-13,0.00270104068117305,2,0.4,2,0.9719972482235665
2020-07-14,-0.022988123515439426,3,0.10000000000000009,3,0.9496528554247359
2020-07-15,-0.02418427688162748,3,0.10000000000000009,3,0.926686187827716
2020-07-16,-0.01130305763715426,3,0.10000000000000009,3,0.9162118004351445
2020-07-17,0.00390197334261933,3,0.10000000000000009,3,0.9197868344566357
2020-07-20,0.01293058494275118,2,0.4,2,0.9316802162488015
2020-07-21,-0.00333008030531727,3,0.10000000000000009,3,0.9285776463098177
2020-07-22,0.0009449851662632995,3,0.10000000000000009,3,0.9294551384113041
2020-07-23,-0.02128064805505776,3,0.10000000000000009,3,0.9096757307278082
2020-07-24,-0.026999999999999996,3,0.10000000000000009,3,0.8851144859981573
2020-07-27,-0.00870836970388773,3,0.10000000000000009,3,0.8774065818238188
2020-07-28,0.00386831235650079,3,0.10000000000000009,3,0.8808006645459631
2020-07-29,0.019506025959035764,3,0.10000000000000009,3,0.8979815851733326
2020-07-30,-0.016003209397819948,3,0.10000000000000009,3,0.8836109978304174
2020-07-31,0.0010552289247591903,3,0.10000000000000009,3,0.8845434097135634
2020-08-03,0.0017814726840855298,1,0.7,1,0.886119199635856
2020-08-04,-0.00226110363391656,1,0.7,1,0.8841155922934761
2020-08-05,-0.012698115334710328,3,0.10000000000000009,3,0.8728889905333178
2020-08-06,0.00435229059915783,2,0.4,2,0.8766880570809242
2020-08-07,-0.014237623418059678,3,0.10000000000000009,3,0.8642061026690956
2020-08-10,0.01029780356940966,3,0.10000000000000009,3,0.8731055273578671
2020-08-11,-0.006128918985206459,3,0.10000000000000009,3,0.8677543343151547
2020-08-12,-0.0033176665745092196,1,0.7,1,0.8648754147653117
2020-08-13,-0.004761643486249859,3,0.10000000000000009,3,0.8607571863801768
2020-08-17,0.00435931307793921,1,0.7,1,0.864509496439694
2020-08-18,-0.009265504021220549,3,0.10000000000000009,3,0.8564993802240487
2020-08-19,-0.01070131408955058,3,0.10000000000000009,3,0.8473337113387658
2020-08-20,-0.016685216256525,3,0.10000000000000009,3,0.8331957651236346
2020-08-21,-0.00340632603406326,1,0.7,1,0.8303576286974227
2020-08-24,-0.006018510893505059,3,0.10000000000000009,3,0.8253601122636023
2020-08-25,-0.0011493489237310499,2,0.4,2,0.8244114855068816
2020-08-26,-0.01640538875494758,3,0.10000000000000009,3,0.8108866945930974
2020-08-27,0.00098549137695045,1,0.7,1,0.8116858164383027
2020-08-28,0.00221009549795361,1,0.7,1,0.8134797196069659
2020-08-31,-0.00213976164680388,2,0.4,2,0.8117390669024981
2020-09-01,0.0029251887141055507,2,0.4,2,0.8141135568597998
2020-09-02,-0.00546162970668822,2,0.4,2,0.8096671700730368
2020-09-03,-0.01869045484028517,3,0.10000000000000009,3,0.7945341223951252
2020-09-04,-0.0024571922458865095,3,0.10000000000000009,3,0.7925817993104837
2020-09-07,-0.01035551201308566,3,0.10000000000000009,3,0.7843742089663709
2020-09-08,0.0025387870239773997,1,0.7,1,0.7863655680300373
2020-09-09,-0.015491044268865687,3,0.10000000000000009,3,0.7741839442041722
2020-09-10,-0.00457247985872091,2,0.4,2,0.7706440037123535
2020-09-11,-0.006332058222841769,2,0.4,2,0.765764241011763
2020-09-14,0.00290322580645155,1,0.7,1,0.7679874275179261
2020-09-15,0.0017602399462589098,2,0.4,2,0.7693392696660678
2020-09-16,0.0024974258478094196,2,0.4,2,0.7712606374438666
2020-09-17,-0.00086830680173655,1,0.7,1,0.7705909465864624
2020-09-21,-0.004561911658218659,1,0.7,1,0.767075578763512
2020-09-22,-0.01886854007339457,3,0.10000000000000009,3,0.7526019824662903
2020-09-23,-0.0025316654972022596,2,0.4,2,0.7506966459941543
2020-09-24,-0.018868033084343847,3,0.10000000000000009,3,0.7365324768412307
2020-09-25,0.0010628783078021399,3,0.10000000000000009,3,0.737315321233857
2020-09-28,-0.0017710232593244398,3,0.10000000000000009,3,0.7360095186504956
2020-09-29,-0.006250620169831139,3,0.10000000000000009,3,0.7314090027080311
2020-09-30,0.0069041975092510805,2,0.4,2,0.7364587949227717
2020-10-09,0.00023237800154916,1,0.7,1,0.7366299317457592
2020-10-16,-0.00195744680851062,1,0.7,1,0.7351880178368101
2020-10-19,-0.00231296402055969,1,0.7,1,0.7334875544032069
2020-10-20,-0.0006517929625171497,2,0.4,2,0.733009472377153
2020-10-21,-0.00711631894827096,1,0.7,1,0.7277931431796134
2020-10-22,-0.00881789889454344,3,0.10000000000000009,3,0.7213755368269136
2020-10-23,8.787346221438e-05,1,0.7,1,0.7214389265928912
2020-10-26,-0.011994523804883701,2,0.4,2,0.712785610214103
2020-10-27,-0.00353393579458593,2,0.4,2,0.7102666716323016
2020-10-28,-0.00569915290493706,2,0.4,2,0.7062187532673884
2020-10-29,0.0015261616498139703,2,0.4,2,0.7072965572450044
2020-10-30,-0.00482830076197956,2,0.4,2,0.7038815167387128
2020-11-02,-0.00273391611721998,2,0.4,2,0.7019571637154876
2020-11-03,0.00205198358413137,1,0.7,1,0.7033975682921951
2020-11-04,0.00163043478260865,1,0.7,1,0.704544412153541
2020-11-05,-0.00818918918918922,2,0.4,2,0.6987747646702296
2020-11-06,-0.00116580310880826,1,0.7,1,0.6979601308772203
2020-11-10,-0.00270072992700732,1,0.7,1,0.6960751290639022
2020-11-11,-0.01467823343848575,2,0.4,2,0.6858579758287782
2020-11-12,-0.008012000911461599,2,0.4,2,0.6803628811013048
2020-11-13,-0.02080373831775699,3,0.10000000000000009,3,0.6662087897617581
2020-11-16,0.0008918039065492203,2,0.4,2,0.6668029173630452
2020-11-17,0.00013302448709463094,2,0.4,2,0.6668916184791207
2020-11-18,0.00022360248447204,1,0.7,1,0.6670407371018862
2020-11-19,7.44786494538e-05,1,0.7,1,0.6670904173951161
2020-11-20,0.00022338049143708,1,0.7,1,0.6672394323803869
2020-11-23,0.0013392857142857399,1,0.7,1,0.6681330566201821
2020-11-24,-0.009,1,0.7,1,0.6621198591106005
2020-11-25,-0.00910228038102567,2,0.4,2,0.6560930585071305
2020-11-26,-0.0021428571428571,1,0.7,1,0.6546871448103295
2020-11-27,0.00135891286970424,1,0.7,1,0.6555768075970422
2020-11-30,-0.005033277142752329,3,0.10000000000000009,3,0.6522771078360454
2020-12-01,0.00622009569377988,1,0.7,1,0.6563343338656477
2020-12-02,-0.00770763069139962,2,0.4,2,0.6512755512101255
2020-12-03,0.00196856036431686,2,0.4,2,0.6525576264464864
2020-12-04,-0.01180382867554821,3,0.10000000000000009,3,0.6448549480229897
2020-12-07,-0.015395545462827299,3,0.10000000000000009,3,0.6349270543537726
2020-12-08,-0.0033423599895039593,3,0.10000000000000009,3,0.632804899571047
2020-12-09,-0.009174934499877989,3,0.10000000000000009,3,0.6269989560662809
2020-12-10,-0.0021375472452876297,3,0.10000000000000009,3,0.6256587161749432
2020-12-11,-0.0038998992714716395,3,0.10000000000000009,3,0.6232187102035427
2020-12-14,0.008019206455483199,3,0.10000000000000009,3,0.6282164297075848
2020-12-15,-0.00406356748961112,2,0.4,2,0.6256636298473855
2020-12-16,-0.0032565500972811297,2,0.4,2,0.6236261248927408
2020-12-17,-0.00151275223128564,3,0.10000000000000009,3,0.6226827330808213
2020-12-18,-0.00938314176245208,2,0.4,2,0.6168400127232929
2020-12-21,-0.00187431494336868,2,0.4,2,0.615683860269778
2020-12-22,-0.02149382573959242,3,0.10000000000000009,3,0.6024504586664597
2020-12-23,0.00216637249037856,3,0.10000000000000009,3,0.6037555907669307
2020-12-24,0.004097938961344319,3,0.10000000000000009,3,0.606229744325464
2020-12-25,-0.009588162642463559,3,0.10000000000000009,3,0.6004171149381723
2020-12-28,-0.00939267015706803,2,0.4,2,0.5947775950208997
2020-12-29,0.00033175984653171023,2,0.4,2,0.5949749183445443
2020-12-30,0.004903093758062909,2,0.4,2,0.5978921361528835
2021-01-04,-0.009,1,0.7,1,0.5925111069275075
2021-01-05,-0.00789473684210523,1,0.7,1,0.5878333876622904
2021-01-08,-0.0008503401360544199,1,0.7,1,0.5873335293394484
2021-01-11,-0.006524607343911629,2,0.4,2,0.5835014086805947
2021-01-13,-0.00480256136606184,1,0.7,1,0.5806991073582227
2021-01-14,-0.01762255965292842,2,0.4,2,0.5704657026984001
2021-01-15,-0.0034733257661747697,1,0.7,1,0.5684842894744988
2021-01-18,-0.0011713367018833499,1,0.7,1,0.5678184029617933
2021-01-19,-0.005283757338551879,1,0.7,1,0.5648181883081791
2021-01-20,-0.00416153395506441,2,0.4,2,0.5624676782390967
2021-01-22,-0.009729288827388001,2,0.4,2,0.5569952677414381
2021-01-25,0.00430511390545422,2,0.4,2,0.559393195813864
2021-01-26,-0.012321951795991319,3,0.10000000000000009,3,0.5525003798200401
2021-01-27,0.00586893291542523,2,0.4,2,0.5557429674849509
2021-01-28,-0.015586253713287899,3,0.10000000000000009,3,0.5470810165943549
2021-01-29,0.0,1,0.7,1,0.5470810165943549
2021-02-01,0.0074106175514625896,1,0.7,1,0.551135224778001
2021-02-02,0.0001985620638612906,2,0.4,2,0.5512446593256997
2021-02-03,-0.009,1,0.7,1,0.5462834573917683
2021-02-04,0.0014669097264732303,2,0.4,2,0.5470848059088277
2021-02-05,-0.009,1,0.7,1,0.5421610426556482
2021-02-08,0.00231866196966768,2,0.4,2,0.5434181308466893
2021-02-09,-0.0029281277728482598,1,0.7,1,0.5418269331254879
2021-02-10,-0.009,1,0.7,1,0.5369504907273586
2021-02-18,0.00027676896151194053,2,0.4,2,0.5370991019570606
2021-02-19,-0.0061252268602540495,1,0.7,1,0.5338092481111348
2021-02-22,-0.017637873754152808,2,0.4,2,0.5243939879841514
2021-02-23,-0.0067097415506958006,1,0.7,1,0.5208754398540391
2021-02-24,-0.011600717264732368,3,0.10000000000000009,3,0.5148329111461493
2021-02-25,-0.01005527638190952,2,0.4,2,0.5096561239340717
2021-02-26,-0.024096023829450627,3,0.10000000000000009,3,0.49737543782693083
2021-03-01,0.00936198017498778,3,0.10000000000000009,3,0.5020318568153924
2021-03-02,0.0016480464308722804,3,0.10000000000000009,3,0.5028592286252013
2021-03-03,-0.00116136919315401,1,0.7,1,0.5022752234085828
2021-03-04,-0.011637507714600058,3,0.10000000000000009,3,0.4964299916213129
2021-03-05,-0.007526549247951989,2,0.4,2,0.49269358684121467
2021-03-08,-0.021699551569506717,3,0.10000000000000009,3,0.48200235694558846
2021-03-09,-0.004970050649636609,2,0.4,2,0.47960678081832464
2021-03-10,-0.00858110145235635,3,0.10000000000000009,3,0.47549122637488456
2021-03-11,0.017723606020465767,2,0.4,2,0.4839186455373411
2021-03-12,0.0158625575291277,3,0.10000000000000009,3,0.4915948328915948
2021-03-15,-0.00712695109261185,2,0.4,2,0.4880912605601957
2021-03-16,-0.00693470047960227,2,0.4,2,0.4847064938614992
2021-03-17,-0.01063692955796592,3,0.10000000000000009,3,0.4795507050300058
2021-03-18,0.01126351041489816,2,0.4,2,0.484952129390583
2021-03-19,-0.026854625550660746,3,0.10000000000000009,3,0.47192892154580335
2021-03-22,0.03710146853719986,3,0.10000000000000009,3,0.4894381775803296
2021-03-23,-0.0111980457377391,3,0.10000000000000009,3,0.4839574264819894
2021-03-24,-0.01875549418421592,3,0.10000000000000009,3,0.47488056578419835
2021-03-25,0.0020316419490428997,3,0.10000000000000009,3,0.47584535306243075
2021-03-26,0.00598252033102209,2,0.4,2,0.4786921075615492
2021-03-29,-4.32264462617701e-05,3,0.10000000000000009,3,0.4786714154028857
2021-03-30,0.010127926448115929,2,0.4,2,0.4835193642909017
2021-03-31,0.0033724849980362095,2,0.4,2,0.4851500260932327
2021-04-01,-0.00680858801314782,2,0.4,2,0.481846839440996
2021-04-02,-0.00859829453544402,3,0.10000000000000009,3,0.4777037783945095
2021-04-06,0.00468204351304995,2,0.4,2,0.47994040827130097
2021-04-07,-0.00792146815179261,3,0.10000000000000009,3,0.4761385756124215
2021-04-08,-0.00741432135093312,3,0.10000000000000009,3,0.47260833120525547
2021-04-09,-0.00962054458632252,3,0.10000000000000009,3,0.4680615816830278
2021-04-12,-0.017436886854152997,2,0.4,2,0.45990004484244495
2021-04-13,0.005151788765556479,3,0.10000000000000009,3,0.46226935272674324
2021-04-14,-0.00756417037657392,2,0.4,2,0.45877266858284965
2021-04-15,-0.019600735337982268,3,0.10000000000000009,3,0.44978038692565736
2021-04-16,0.00441152586056706,3,0.10000000000000009,3,0.45176460473415575
2021-04-19,0.0013953488372093102,1,0.7,1,0.4523949739500639
2021-04-20,-0.00277777777777779,1,0.7,1,0.45113832124464703
2021-04-21,0.00280373831775702,1,0.7,1,0.45240319504252924
2021-04-22,-0.0052083333333333304,1,0.7,1,0.4500469284016827
2021-04-23,0.0,1,0.7,1,0.4500469284016827
2021-04-26,-0.00525522738671751,2,0.4,2,0.4476818294582381
2021-04-27,-0.0010765550239233898,1,0.7,1,0.4471998753356156
2021-04-28,-0.00095725493989062,2,0.4,2,0.44677179104583215
2021-04-29,0.00260869565217387,1,0.7,1,0.44793728267464733
2021-04-30,-0.01715749705699506,3,0.10000000000000009,3,0.4402518000654387
2021-05-06,-0.00392767992808821,2,0.4,2,0.43852263190701696
2021-05-07,-0.01034680876399143,2,0.4,2,0.43398532209599283
2021-05-10,-0.004273277374373099,3,0.10000000000000009,3,0.43213078243827
2021-05-11,-0.0008380149812734195,2,0.4,2,0.4317686503687173
2021-05-12,0.0002820874471086,1,0.7,1,0.43189044688504136
2021-05-13,-0.0078639833433054,2,0.4,2,0.4284940676046047
2021-05-14,0.00619894281595386,1,0.7,1,0.4311502778266611
2021-05-17,0.003954802259887019,1,0.7,1,0.43285539191976086
2021-05-19,-0.014653922032506778,3,0.10000000000000009,3,0.4265123627552185
2021-05-21,-0.013088811092657911,3,0.10000000000000009,3,0.42092982301043225
2021-05-24,0.0,1,0.7,1,0.42092982301043225
2021-05-27,-0.0021403091557669496,1,0.7,1,0.4200289030563077
2021-05-31,-0.00285374554102257,1,0.7,1,0.41883024744711017
2021-06-01,-0.01150788910809768,3,0.10000000000000009,3,0.41401039540437173
2021-06-02,-0.00427921731218706,2,0.4,2,0.41223875495293194
2021-06-03,-0.00928497357779874,2,0.4,2,0.4084111290054493
2021-06-04,0.00072152551108056,1,0.7,1,0.40870580805403595
2021-06-07,0.0009588254011128903,2,0.4,2,0.4090976855643805
2021-06-08,-0.00354969574036506,1,0.7,1,0.4076455132525394
2021-06-09,0.00148819705781727,1,0.7,1,0.40825217010599424
2021-06-10,-0.005981391227292839,1,0.7,1,0.405810254157199
2021-06-11,-0.018,2,0.4,2,0.39850566958236944
2021-06-15,0.00246891480499314,3,0.10000000000000009,3,0.3994895461298751
2021-06-16,-0.0043520514126729306,2,0.4,2,0.3977509470862925
2021-06-17,-0.00226628895184137,1,0.7,1,0.3968495285093264
2021-06-18,-0.0064224548049476695,1,0.7,1,0.3943007803481105
2021-06-21,-0.00714632960622264,1,0.7,1,0.3914829770077521
2021-06-23,-0.00306698647660161,2,0.4,2,0.39028230401144953
2021-06-24,-0.00915582931350435,2,0.4,2,0.3867089458518395
2021-06-25,-4.769475357708e-05,1,0.7,1,0.38669050186396103
2021-06-28,-0.004789825772891431,2,0.4,2,0.3848383217320007
2021-06-29,-0.00892398140552358,2,0.4,2,0.38140403170473147
2021-06-30,0.00414610069101675,1,0.7,1,0.38298537122413906
2021-07-01,-0.009,1,0.7,1,0.3795385028831218
2021-07-02,-0.018,2,0.4,2,0.3727068098312256
2021-07-05,0.014397450121955611,2,0.4,2,0.37807283753588394
2021-07-06,0.0044662600235307005,2,0.4,2,0.3797614091361533
2021-07-07,-0.0012043315985911796,2,0.4,2,0.3793040504712051
2021-07-08,-0.00754572173291622,3,0.10000000000000009,3,0.37644192765418133
2021-07-09,-0.012705609881626318,2,0.4,2,0.3716590033783199
2021-07-12,0.0008869117282737603,2,0.4,2,0.3719886321073347
2021-07-13,-0.0012627679702184999,2,0.4,2,0.37151889677742417
2021-07-14,-0.01639830398274141,3,0.10000000000000009,3,0.3654266169727352
2021-07-15,0.01695109805288571,2,0.4,2,0.3716209993881744
2021-07-16,-0.006419538250381799,2,0.4,2,0.3692353641679569
2021-07-19,0.0015015679478450703,2,0.4,2,0.36978979615600244
2021-07-20,-0.018,2,0.4,2,0.3631335798251944
2021-07-21,0.00761245981133013,2,0.4,2,0.36589791960775814
2021-07-22,-0.00114316820903649,1,0.7,1,0.36547963673830997
2021-07-23,-0.013590163934426249,2,0.4,2,0.3605127085603418
2021-07-26,-0.01642004973627102,3,0.10000000000000009,3,0.3545930719552232
2021-07-27,-0.025233502538071016,3,0.10000000000000009,3,0.3456454467740587
2021-07-28,0.0017328536390929803,3,0.10000000000000009,3,0.346244399744337
2021-07-29,0.00861788494291005,3,0.10000000000000009,3,0.3492282941434607
2021-07-30,-0.013144090899375838,3,0.10000000000000009,3,0.34463800570060504
2021-08-02,0.01784487455967363,3,0.10000000000000009,3,0.3507880276808284
2021-08-03,-0.006218860491068909,3,0.10000000000000009,3,0.3486065258747441
2021-08-04,-0.0024591295625211,3,0.10000000000000009,3,0.34774925726127776
2021-08-05,-0.01226777511104355,3,0.10000000000000009,3,0.34348314757816395
2021-08-06,0.0011995710759519001,2,0.4,2,0.3438951800270756
2021-08-09,0.016356890459363938,2,0.4,2,0.34952023581628167
2021-08-10,0.01530165906364494,2,0.4,2,0.3548684753005872
2021-08-11,-0.0032766860598750897,2,0.4,2,0.3537056827144806
2021-08-12,-0.0005728694117313599,2,0.4,2,0.3535030555480979
2021-08-13,-0.009,2,0.4,2,0.350321528048165
2021-08-16,-0.004349465839397189,2,0.4,2,0.34879781652911407
2021-08-17,-0.01370061555679911,2,0.4,2,0.3440190717377977
2021-08-18,0.01667187128837073,2,0.4,2,0.34975451342255504
2021-08-19,-0.00365518842805617,3,0.10000000000000009,3,0.3484760947724325
2021-08-20,-0.013038461538461549,2,0.4,2,0.34393250261366887
2021-08-23,0.00739755964305225,2,0.4,2,0.3464767638149377
2021-08-24,-0.00252613240418115,2,0.4,2,0.3456015176345689
2021-08-25,0.0010601931535665896,2,0.4,2,0.3459679219974273
2021-08-26,-0.0087174076865109,2,0.4,2,0.34295197857492077
2021-08-27,-0.0063639259291433095,2,0.4,2,0.34076945758601684
2021-08-30,-0.02170882828197042,3,0.10000000000000009,3,0.3333717519475418
2021-08-31,0.00468382700974095,2,0.4,2,0.33493320756359835
2021-09-01,-0.0017630092607550597,2,0.4,2,0.3343427172169293
2021-09-02,0.0008734177215189605,2,0.4,2,0.3346347380712074
2021-09-03,-0.00975964101652737,2,0.4,2,0.33136882315597277
2021-09-06,0.007706766917293259,1,0.7,1,0.3339226054396936
2021-09-07,0.01441949589776013,2,0.4,2,0.33873760107900064
2021-09-08,0.00139707468933153,2,0.4,2,0.33921084280779296
2021-09-09,-0.007440312032148629,2,0.4,2,0.33668700829261483
2021-09-10,0.018,1,0.7,1,0.3427473744418819
2021-09-13,-0.00758147086253694,2,0.4,2,0.34014884520933975
2021-09-14,-0.02024451869634435,3,0.10000000000000009,3,0.33326269555295934
2021-09-15,0.0009400168009352699,3,0.10000000000000009,3,0.3335759680859041
2021-09-16,-0.01480034705228238,3,0.10000000000000009,3,0.32863892798993166
2021-09-17,-0.004506240807289259,3,0.10000000000000009,3,0.32715800184175964
2021-09-22,-0.01184051899691628,3,0.10000000000000009,3,0.3232842813059591
2021-09-23,-0.00566037735849054,2,0.4,2,0.321454370279699
2021-09-24,-0.006742455035057399,2,0.4,2,0.3192869786422654
2021-09-27,0.0043222003929273,2,0.4,2,0.32066700094680956
2021-09-28,0.00774693350548743,1,0.7,1,0.32315118688054856
2021-09-29,0.00339836375078661,1,0.7,1,0.3242493721600671
2021-09-30,-0.006937220415399599,2,0.4,2,0.3219999827958378
2021-10-08,0.0134384858044164,1,0.7,1,0.326327174993662
2021-10-11,0.01376811594202902,1,0.7,1,0.33082008537400953
2021-10-12,-0.00086605080831408,1,0.7,1,0.33053357837166486
2021-10-13,0.00399536768963517,1,0.7,1,0.3318541815510305
2021-10-14,-0.00634285714285716,1,0.7,1,0.32974927788519254
2021-10-15,0.007880910683012249,1,0.7,1,0.33234800249199353
2021-10-18,-0.01087693984805805,2,0.4,2,0.32873307326026585
2021-10-19,0.00488088320743749,1,0.7,1,0.3303375809972712
2021-10-20,-0.00984564521563338,2,0.4,2,0.3270851943733815
2021-10-21,0.00734443824426852,2,0.4,2,0.3294874513840714
2021-10-22,0.00066964285714281,1,0.7,1,0.32970809030240894
2021-10-25,-0.00198203231277606,2,0.4,2,0.32905459821364585
2021-10-27,-0.009,1,0.7,1,0.32609310682972303
2021-11-01,-0.01071790369419873,2,0.4,2,0.32259807231538
2021-11-02,-0.02025522083000082,3,0.10000000000000009,3,0.3160637771212994
2021-11-03,-0.00321875986945995,2,0.4,2,0.31504644371931145
2021-11-04,-0.00385806068291559,2,0.4,2,0.31383097542150556
2021-11-05,-0.00351879050840145,2,0.4,2,0.31272666996395
2021-11-08,-0.00593895783261762,2,0.4,2,0.31086939945789915
2021-11-09,0.00215123859191652,1,0.7,1,0.3115381537070589
2021-11-10,-0.0050666447260161,2,0.4,2,0.3099597005636262
2021-11-11,0.018,1,0.7,1,0.3155389751737715
2021-11-12,-0.0047735098962945,2,0.4,2,0.3140327467531129
2021-11-15,0.00296479308214944,1,0.7,1,0.3149637888682549
2021-11-16,-0.007460739764838329,2,0.4,2,0.3126139260041614
2021-11-17,-0.0020446096654274997,1,0.7,1,0.311974752549506
2021-11-18,-0.01356598119699891,3,0.10000000000000009,3,0.307742508922481
2021-11-19,0.006679389312977099,1,0.7,1,0.30979804094772656
2021-11-22,-0.00264628065841983,2,0.4,2,0.3089782283839502
2021-11-23,-0.00448877805486282,1,0.7,1,0.30759129369294996
2021-11-24,-0.009189873417721529,2,0.4,2,0.30476456863951856
2021-11-25,-0.006126749997141211,2,0.4,2,0.3028973523194776
2021-11-26,-0.006369245059179299,3,0.10000000000000009,3,0.3009681248547783
2021-11-29,-0.006560672196847439,2,0.4,2,0.2989935716459063
2021-11-30,0.0007243051558863899,2,0.4,2,0.2992101342314263
2021-12-01,0.00390625000000002,1,0.7,1,0.3003789238182678
2021-12-02,-0.006540218461214969,2,0.4,2,0.2984143800353517
2021-12-03,0.0032628143133462597,2,0.4,2,0.29938805074583935
2021-12-06,0.00404385105686745,2,0.4,2,0.3005987314312614
2021-12-07,0.004621229194166309,2,0.4,2,0.30198786706468095
2021-12-08,0.00704116968064641,1,0.7,1,0.3041142148781799
2021-12-09,0.00270676691729319,1,0.7,1,0.30493738117409075
2021-12-10,-0.007341001899207479,2,0.4,2,0.3026988352797524
2021-12-13,-0.00694930047921573,2,0.4,2,0.30059529011868474
2021-12-14,-0.01233796940194716,2,0.4,2,0.29688655462683095
2021-12-15,-0.00046926591495650993,2,0.4,2,0.29674723588613566
2021-12-16,0.0005132555327396699,2,0.4,2,0.2968995430467794
2021-12-17,-0.01355791012056993,3,0.10000000000000009,3,0.2928742057273129
2021-12-20,-0.00317083964027244,2,0.4,2,0.2919455485861794
2021-12-21,-0.0009170470153302302,2,0.4,2,0.2916778207922095
2021-12-22,-0.0041038122163749,2,0.4,2,0.29048082978799683
2021-12-23,-0.00413907155296911,2,0.4,2,0.28927850884873846
2021-12-24,0.0011700275777731198,2,0.4,2,0.2896169726817486
2021-12-27,-0.00177281680892973,1,0.7,1,0.289103534844427
2021-12-28,-0.00099075297225891,1,0.7,1,0.2888171046579893
2021-12-29,-0.01210576914102237,2,0.4,2,0.2853207514650212
2021-12-30,0.0014314928425357499,1,0.7,1,0.28572918607857034
2021-12-31,-0.006919945725915869,1,0.7,1,0.2837519556185965
2022-01-04,0.00374999999999997,1,0.7,1,0.2848160254521662
2022-01-05,0.01008230452674897,1,0.7,1,0.2876876273548733
2022-01-06,-0.00959721300597213,2,0.4,2,0.28492662791596585
2022-01-07,-0.00668991323984337,2,0.4,2,0.2830204934954869
2022-01-10,0.0019318368451052398,2,0.4,2,0.2835672429127414
2022-01-11,-0.001494239663899049,2,0.4,2,0.28314352549099864
2022-01-12,-0.010180869846327179,2,0.4,2,0.28026087811014455
2022-01-13,-0.009402144772117949,2,0.4,2,0.27762582476019204
2022-01-14,-0.01623485585856621,3,0.10000000000000009,3,0.27311860951259476
2022-01-17,0.00440689960194609,2,0.4,2,0.2743222158041399
2022-01-18,0.012687366885115379,2,0.4,2,0.2778026424007848
2022-01-19,-0.0028922926511325,2,0.4,2,0.2769991558597038
2022-01-20,0.01726768377253812,1,0.7,1,0.2817822896883492
2022-01-21,-0.00409440279570702,2,0.4,2,0.28062855949366844
2022-01-24,-0.0002260098650363699,2,0.4,2,0.2805651346708119
2022-01-25,-0.021338635315813766,3,0.10000000000000009,3,0.27457825757973925
2022-01-26,-0.0028883753789997,2,0.4,2,0.2737851725009373
2022-01-27,-0.02126988002050335,3,0.10000000000000009,3,0.26796179473044957
2022-01-28,-0.019586067919835186,3,0.10000000000000009,3,0.26271347681893803
2022-02-07,0.01772980972515855,2,0.4,2,0.26737133677517266
2022-02-08,0.01422546047148024,2,0.4,2,0.2711748171576747
2022-02-09,0.00842688108182187,2,0.4,2,0.2734599750942472
2022-02-10,0.006053762243198009,2,0.4,2,0.2751154367664986
2022-02-14,-0.01476923076923076,2,0.4,2,0.27105219339271647
2022-02-15,-0.00830773688785857,2,0.4,2,0.26880036308713284
2022-02-16,0.00443900355589104,2,0.4,2,0.26999356885470144
2022-02-17,-0.00105292107789837,2,0.4,2,0.26970928693515733
2022-02-18,0.007322175732217559,1,0.7,1,0.27168414573070765
2022-02-21,-0.00822235587249762,2,0.4,2,0.26945026199959426
2022-02-22,-0.0058212058212057894,1,0.7,1,0.2678817365659168
2022-02-23,-0.0025334497955294397,2,0.4,2,0.2672030716351878
2022-02-24,-0.01649681910525882,3,0.10000000000000009,3,0.2627950708980526
2022-02-25,-0.00070806885988191,3,0.10000000000000009,3,0.26260899389181924
2022-02-28,-0.00681868203499551,3,0.10000000000000009,3,0.26081834666294085
2022-03-01,0.005895299530998091,2,0.4,2,0.26235594893969855
2022-03-02,-0.0060619109925965095,2,0.4,2,0.2607655705288479
2022-03-03,0.00066176470588233,1,0.7,1,0.2609381359799332
2022-03-04,-0.010935331726234138,2,0.4,2,0.25808469090296743
2022-03-07,-0.022755043227665698,3,0.10000000000000009,3,0.25221196260507167
2022-03-08,-0.01747848761408085,3,0.10000000000000009,3,0.24780367894055588
2022-03-09,-0.01618096086925179,3,0.10000000000000009,3,0.2437939773083621
2022-03-10,0.02120194728890373,3,0.10000000000000009,3,0.2489628843646062
2022-03-11,0.00914453424576777,3,0.10000000000000009,3,0.2512395339866034
2022-03-14,-0.01923684968085837,3,0.10000000000000009,3,0.24640647683741423
2022-03-15,-0.01978926441351888,3,0.10000000000000009,3,0.24153027391407503
2022-03-16,0.03103356806199819,3,0.10000000000000009,3,0.24902582010862054
2022-03-17,0.0020078708017099503,2,0.4,2,0.24952583178168852
2022-03-18,0.011992082167738229,3,0.10000000000000009,3,0.25251816605938776
2022-03-21,-0.00913663611934128,2,0.4,2,0.25021099946257974
2022-03-22,0.0033333333333333,1,0.7,1,0.25104503612745505
2022-03-23,-0.00754295837403105,3,0.10000000000000009,3,0.24915141386993853
2022-03-24,0.0021171150908745897,3,0.10000000000000009,3,0.2496788960881553
2022-03-25,-0.011464974957139648,3,0.10000000000000009,3,0.24681633379717835
2022-03-28,-0.00435080576137722,3,0.10000000000000009,3,0.24574248387009157
2022-03-29,-0.00507648179602272,3,0.10000000000000009,3,0.24449497662421565
2022-03-30,0.025896169225223097,3,0.10000000000000009,3,0.2508264599135933
2022-03-31,-0.0005331789950392199,2,0.4,2,0.25069272451376734
2022-04-01,-0.00123456790123458,1,0.7,1,0.2503832273230096
2022-04-06,-0.00508916920400169,1,0.7,1,0.2491089847133188
2022-04-07,-0.00365044247787612,1,0.7,1,0.2481996266939007
2022-04-08,-0.0012094064949608099,1,0.7,1,0.24789945245333023
2022-04-11,-0.013511278195488748,2,0.4,2,0.24455001398672396
2022-04-12,-0.0042134974403511905,2,0.4,2,0.24351960312875306
2022-04-13,-0.00798085531748442,3,0.10000000000000009,3,0.24157610840921126
2022-04-14,-0.00029048656499634,1,0.7,1,0.24150593379529428
2022-04-15,-0.00065422825296828,1,0.7,1,0.24134793379014594
2022-04-18,-0.018,2,0.4,2,0.2370036709819233
2022-04-19,0.00015051811292627996,2,0.4,2,0.23703934432723608
2022-04-20,0.00057549108064914,2,0.4,2,0.23717575835565935
2022-04-21,-0.00804277443602487,2,0.4,2,0.23526820722951164
2022-04-22,-0.00249669277762092,2,0.4,2,0.2346808147957179
2022-04-25,-0.026999999999999996,3,0.10000000000000009,3,0.2283444327962335
2022-04-26,-0.00946061671665609,3,0.10000000000000009,3,0.2261841536381661
2022-04-27,0.01612792511700471,2,0.4,2,0.22983203473069555
2022-04-28,-0.005465414175918,2,0.4,2,0.22857590746999834
2022-04-29,0.010704495210022138,2,0.4,2,0.2310226971766374
2022-05-05,0.00049180327868844,2,0.4,2,0.23113631489656034
2022-05-06,-0.01884427183303878,3,0.10000000000000009,3,0.22678071934816268
2022-05-09,-0.016053165701458292,3,0.10000000000000009,3,0.2231401708825707
2022-05-10,0.00525388442398065,3,0.10000000000000009,3,0.22431252355073503
2022-05-11,0.00335609048365998,3,0.10000000000000009,3,0.22506533667638942
2022-05-12,-0.008338319805706412,3,0.10000000000000009,3,0.2231886699220027
2022-05-13,0.0030880413315200407,2,0.4,2,0.2238778857594488
2022-05-16,-0.0124993352506023,3,0.10000000000000009,3,0.22107956101014542
2022-05-17,0.01133822739181254,2,0.4,2,0.22358621134456055
2022-05-18,-0.0004704337038221396,3,0.10000000000000009,3,0.22348102885503418
2022-05-19,-0.00888892281027444,3,0.10000000000000009,3,0.22149452323998106
2022-05-20,0.01452381990387024,2,0.4,2,0.22471146980521214
2022-05-23,-0.00371837340283215,3,0.10000000000000009,3,0.22387590865257714
2022-05-24,-0.02123574730354392,3,0.10000000000000009,3,0.21912173642907973
2022-05-25,0.00054297763116579,3,0.10000000000000009,3,0.21924071463046294
2022-05-26,-0.0028694376486570593,2,0.4,2,0.2186116170697838
2022-05-27,-0.00102694992868398,2,0.4,2,0.2183871138852245
2022-05-30,-0.00798392599893849,2,0.4,2,0.21664352732884312
2022-05-31,0.0019999999999999497,1,0.7,1,0.21707681438350082
2022-06-01,-0.0033756438557763,2,0.4,2,0.21634404036879568
2022-06-02,-0.00418023255813951,2,0.4,2,0.2154396719674866
2022-06-06,0.00416054693078598,2,0.4,2,0.21633601883346046
2022-06-07,-0.00024813895781637,1,0.7,1,0.21628233743920897
2022-06-08,-0.0009345794392522799,2,0.4,2,0.21608020441356487
2022-06-09,-0.009,1,0.7,1,0.2141354825738428
2022-06-10,-0.0016579955621022898,2,0.4,2,0.2137804468940467
2022-06-13,-0.01641885625965996,2,0.4,2,0.21027041646536748
2022-06-16,-0.01213183578956481,2,0.4,2,0.20771945030140623
2022-06-17,0.00024271844660192997,1,0.7,1,0.20776986764371239
2022-06-20,-0.00266774454324975,1,0.7,1,0.20721559071305415
2022-06-21,0.00073409461663944,1,0.7,1,0.20736770656268036
2022-06-22,-0.00938307342149958,2,0.4,2,0.20542196014675476
2022-06-23,0.003,1,0.7,1,0.20603822602719501
2022-06-24,0.0007425742574257199,1,0.7,1,0.20619122470988846
2022-06-29,-0.009,1,0.7,1,0.20433550368749948
2022-06-30,-0.00276029055690069,1,0.7,1,0.20377147832623133
2022-07-01,-0.00043988269794723,1,0.7,1,0.20368184277858048
2022-07-06,-0.01256640638075061,2,0.4,2,0.20112229396984468
2022-07-07,-0.00404811793758885,2,0.4,2,0.20030812720397634
2022-07-08,0.0029173419773095796,1,0.7,1,0.20089249451186478
2022-07-11,-0.010926163723916488,2,0.4,2,0.19869751022592214
2022-07-12,-0.0058103811258003,2,0.4,2,0.19754300196276192
2022-07-13,-0.0111942762032457,3,0.10000000000000009,3,0.19533165103677247
2022-07-14,-0.012784163313212549,3,0.10000000000000009,3,0.19283449930967894
2022-07-15,-0.01518786837164856,3,0.10000000000000009,3,0.1899057543166508
2022-07-18,0.00403225806451611,1,0.7,1,0.19067150332599211
2022-07-19,0.00343569730280679,2,0.4,2,0.19132659289569132
2022-07-20,-0.00079365079365075,1,0.7,1,0.19117474639339316
2022-07-21,-0.015016867292929378,3,0.10000000000000009,3,0.18830390059704413
2022-07-22,-0.0029410569895473,2,0.4,2,0.18775008809403418
2022-07-25,0.00071360532568437,2,0.4,2,0.1878840675567958
2022-07-26,0.0024612579762989697,1,0.7,1,0.18834649871668946
2022-07-27,-0.00515070747238245,2,0.4,2,0.18737638099835233
2022-07-28,0.00246800731261422,1,0.7,1,0.18783882727686746
2022-07-29,-0.01635021661005108,3,0.10000000000000009,3,0.1847676217631127
2022-08-01,-0.00865149142880082,2,0.4,2,0.18316910626710922
2022-08-02,-0.0179100862488633,3,0.10000000000000009,3,0.1798885317757381
2022-08-03,-0.00888397135314603,3,0.10000000000000009,3,0.17829040721268294
2022-08-04,0.00735184668939681,3,0.10000000000000009,3,0.1796011709527007
2022-08-05,0.004364694471387,1,0.7,1,0.18038507519061261
2022-08-08,-0.00649186073208033,3,0.10000000000000009,3,0.1792140404043293
2022-08-09,-0.0023188405797101097,1,0.7,1,0.17879847161498594
2022-08-10,-0.00871592721848574,2,0.4,2,0.17724007714961323
2022-08-11,0.008521057786483769,1,0.7,1,0.17875035008908594
2022-08-12,0.00063730895386974,2,0.4,2,0.17886426928770507
2022-08-15,-0.01348551228776106,2,0.4,2,0.17645219298638432
2022-08-16,-0.00375219371126385,2,0.4,2,0.17579011017752208
2022-08-17,0.0031866464339908797,1,0.7,1,0.17635029110525016
2022-08-18,-0.010421558999758048,2,0.4,2,0.17451244614187228
2022-08-19,0.005398372705475428,2,0.4,2,0.1754545293678903
2022-08-22,-0.0007167191990359201,2,0.4,2,0.17532877773813452
2022-08-23,-0.00463615845810522,3,0.10000000000000009,3,0.17451592574227462
2022-08-24,-0.008264472233125889,3,0.10000000000000009,3,0.17307364371973932
2022-08-25,-0.0021657754010694598,1,0.7,1,0.17269880507959764
2022-08-26,-0.00205608991070301,2,0.4,2,0.17234372080888302
2022-08-29,-0.01113932699681493,3,0.10000000000000009,3,0.1704239277469451
2022-08-30,0.00417918601475004,1,0.7,1,0.1711361610423639
2022-08-31,0.00056573275862067,1,0.7,1,0.17123297837485013
2022-09-01,-0.00643455007881669,2,0.4,2,0.17013117120035223
2022-09-02,-0.00099803085895074,2,0.4,2,0.16996137504142483
2022-09-05,-0.007117821515233229,1,0.7,1,0.16875162030939636
2022-09-06,0.00281690140845066,1,0.7,1,0.16922697698632425
2022-09-07,-0.00396793896071364,2,0.4,2,0.16855549467113642
2022-09-08,-0.0028649386084584,1,0.7,1,0.16807259352678527
2022-09-09,0.0045454545454545895,1,0.7,1,0.16883655986099794
2022-09-13,-0.00065128900949793,1,0.7,1,0.16872659846515903
2022-09-14,-0.00994377025924479,2,0.4,2,0.16704881993339765
2022-09-15,-0.00595369349503857,1,0.7,1,0.16605426246080632
2022-09-16,-0.021071382823558527,3,0.10000000000000009,3,0.16255526952701102
2022-09-19,-0.005267540871256021,2,0.4,2,0.16169900300093945
2022-09-20,-0.00732634158956871,3,0.10000000000000009,3,0.16051434087026187
2022-09-21,0.00352543697903091,2,0.4,2,0.16108022406323066
2022-09-22,-0.010005971557131,2,0.4,2,0.1594684599228377
2022-09-23,-0.005808154884130261,2,0.4,2,0.15854224240847214
2022-09-26,-0.01620472887219528,3,0.10000000000000009,3,0.155973108355453
2022-09-27,0.00443349753694584,1,0.7,1,0.1566646147471767
2022-09-28,-0.00488625350529594,2,0.4,2,0.15589911172421247
2022-09-29,-0.01726004149904379,3,0.10000000000000009,3,0.1532082865861885
2022-09-30,-0.00343217550040569,2,0.4,2,0.15268244885850826
2022-10-10,-0.018,2,0.4,2,0.1499341647790551
2022-10-11,-0.00429173025080949,2,0.4,2,0.14929068778844298
2022-10-12,0.0070500060686976,2,0.4,2,0.15034318804335153
2022-10-13,-0.00539884393063584,2,0.4,2,0.14953150863507125
2022-10-14,0.00600632244467859,1,0.7,1,0.15042964309157275
2022-10-17,-0.00154958677685943,1,0.7,1,0.15019653930579036
2022-10-18,-0.006860706860706871,2,0.4,2,0.1491660848781207
2022-10-19,-0.01299083644605246,3,0.10000000000000009,3,0.14722829266617105
2022-10-20,-0.0005453546767106398,2,0.4,2,0.14714800102822143
2022-10-21,-0.0060631955484896395,2,0.4,2,0.14625581392341797
2022-10-24,-0.00933822370261128,3,0.10000000000000009,3,0.1448900444151936
2022-10-25,-0.0036378986069806793,2,0.4,2,0.1443629491244502
2022-10-26,-0.00069536033914269,2,0.4,2,0.14426256485518738
2022-10-27,0.0006810442678774199,2,0.4,2,0.14436081404805132
2022-10-28,-0.018873383435624936,3,0.10000000000000009,3,0.1416362370514435
2022-10-31,-0.011148292831413898,2,0.4,2,0.14005723480525442
2022-11-01,0.011660777385158999,1,0.7,1,0.14169041104149943
2022-11-02,-0.0029422665375465,2,0.4,2,0.14127352008640082
2022-11-03,-0.01218617244621702,3,0.10000000000000009,3,0.13955193660854384
2022-11-07,-0.00401026018933173,2,0.4,2,0.13899229703281846
2022-11-08,-0.00099667774086375,1,0.7,1,0.13885376650421433
2022-11-09,-0.005266666666666769,2,0.4,2,0.13812247000062544
2022-11-10,-0.006272831625727979,2,0.4,2,0.13725605100258184
2022-11-14,-0.00201990632318496,1,0.7,1,0.13697880663726633
2022-11-16,-0.00561023622047241,1,0.7,1,0.13621032317483286
2022-11-17,-0.00391173520561686,1,0.7,1,0.13567750445830143
2022-11-18,-0.01420645690543701,3,0.10000000000000009,3,0.13375000783817734
2022-11-21,-0.01077689982972621,2,0.4,2,0.1323085974014802
2022-11-22,-0.00657388214391474,1,0.7,1,0.13143881627553622
2022-11-23,-0.00136239782016345,1,0.7,1,0.13125974431875756
2022-11-24,-0.00565693430656938,1,0.7,1,0.13051721656804927
2022-11-25,-0.0026968381897086,1,0.7,1,0.13016523275399408
2022-11-28,-0.01707006568658115,2,0.4,2,0.12794330368077428
2022-11-29,0.009450337512054059,1,0.7,1,0.12915241108296482
2022-11-30,-0.0013088189467124099,1,0.7,1,0.12898337396032586
2022-12-01,0.00676056338028168,1,0.7,1,0.12985537423498722
2022-12-02,0.0,1,0.7,1,0.12985537423498722
2022-12-05,0.0042240587695133395,1,0.7,1,0.13040389096729293
2022-12-06,0.0,1,0.7,1,0.13040389096729293
2022-12-07,-0.00725388601036266,1,0.7,1,0.12945795600690843
2022-12-08,-0.00160714285714284,1,0.7,1,0.12924989857761163
2022-12-09,0.0025134649910233497,1,0.7,1,0.12957476367277979
2022-12-12,-0.009,1,0.7,1,0.12840859079972478
2022-12-13,-0.005536412078152769,2,0.4,2,0.1276976679266826
2022-12-14,0.00585347046586557,2,0.4,2,0.12844514245445135
2022-12-15,-0.0015481506213516297,2,0.4,2,0.12824629002735088
2022-12-16,0.005155186721991749,2,0.4,2,0.12890742359884458
2022-12-19,-0.01336861245803808,2,0.4,2,0.12718411020978748
2022-12-20,-0.021353229068765217,3,0.10000000000000009,3,0.12446831877057081
2022-12-21,0.00121843443615012,2,0.4,2,0.12461997525637059
2022-12-22,0.01189009279400832,2,0.4,2,0.12610171832615583
2022-12-23,0.00206176671127656,3,0.10000000000000009,3,0.12636171065123547
2022-12-26,-0.01513944118676841,3,0.10000000000000009,3,0.12444866496457163
2022-12-27,0.0093406593406593,1,0.7,1,0.12561109754940553
2022-12-28,-0.00376970225538852,2,0.4,2,0.1251375811116717
2022-12-29,0.00143833370273394,2,0.4,2,0.1253175707120632
2022-12-30,0.00101885989790136,2,0.4,2,0.12544525175936413
2023-01-04,-0.00193718814206046,1,0.7,1,0.1252022407051781
2023-01-06,-0.00422039859320043,1,0.7,1,0.12467383734464042
2023-01-09,0.0008917954815695699,1,0.7,1,0.1247850209094543
2023-01-10,0.00071132187314757,1,0.7,1,0.12487378322426837
2023-01-11,-0.008160851567120039,1,0.7,1,0.1238547068147504
2023-01-12,0.00100303951367781,1,0.7,1,0.12397893797964057
2023-01-13,-0.00045440775522564,1,0.7,1,0.12392260098873799
2023-02-01,-0.006621004566210029,1,0.7,1,0.12310210888173492
2023-02-02,-0.00233463035019453,1,0.7,1,0.12281471096216667
2023-02-03,-0.00658823529411759,1,0.7,1,0.12200557874876888
2023-02-06,-0.007698476343223709,1,0.7,1,0.12106632168703016
2023-02-07,0.00518518518518517,1,0.7,1,0.12169407298466661
2023-02-08,-0.004126213592232989,1,0.7,1,0.12119193724662308
2023-02-09,0.0022149302707136997,1,0.7,1,0.12146036893699706
2023-02-10,-0.00366449511400647,1,0.7,1,0.12101527800848201
2023-02-13,-0.00395713107996702,1,0.7,1,0.1205364046907238
2023-02-14,-0.0034621824270219897,2,0.4,2,0.12011908566858716
2023-02-15,-0.0071841453344343,1,0.7,1,0.11925613269970466
2023-02-16,-0.010776649746192869,2,0.4,2,0.11797095112751445
2023-02-17,-0.01334042553191487,2,0.4,2,0.11639716843906868
2023-02-20,0.018,1,0.7,1,0.11849231747097191
2023-02-21,-0.00287827996763382,2,0.4,2,0.11815126340727672
2023-02-22,-0.00362717414209527,2,0.4,2,0.11772270819978996
2023-02-23,-0.00826047658175841,2,0.4,2,0.1167502625255644
2023-02-24,-0.00031076043102999055,2,0.4,2,0.1167139811636591
2023-02-27,-0.01259855954224428,2,0.4,2,0.11524355312255635
2023-02-28,0.00575482107186147,2,0.4,2,0.11590675915046222
2023-03-01,0.01942419456264792,2,0.4,2,0.11815815459132677
2023-03-02,0.007876388939821769,2,0.4,2,0.11908881417329963
2023-03-03,8.417153958782978e-05,2,0.4,2,0.11909883806213628
2023-03-06,-0.01132096806189243,2,0.4,2,0.11775052392022634
2023-03-07,-0.01293642542982807,2,0.4,2,0.11622725304820913
2023-03-08,-0.00535222013688936,2,0.4,2,0.11560517920398916
2023-03-09,-0.010586954549578139,2,0.4,2,0.11438127242606069
2023-03-10,-0.0114378778481052,3,0.10000000000000009,3,0.11307299340394056
2023-03-13,0.0031336786204150795,3,0.10000000000000009,3,0.11342732782591682
2023-03-14,-0.01325981857581792,3,0.10000000000000009,3,0.11192330203740533
2023-03-15,0.00508826926249788,2,0.4,2,0.11249279793491952
2023-03-16,-0.0018374060150376003,2,0.4,2,0.11228610299134549
2023-03-17,-0.0019143117593436298,1,0.7,1,0.11207115238397829
2023-03-20,-0.011879869109855161,2,0.4,2,0.11073976176266599
2023-03-21,0.00210202189133106,2,0.4,2,0.1109725391661319
2023-03-22,0.00682339612728081,2,0.4,2,0.11172974876011259
2023-03-23,0.0030164533820840997,1,0.7,1,0.11206677633863943
2023-03-24,-0.00217194570135744,1,0.7,1,0.11182337338550573
2023-03-27,-0.006016408386508679,1,0.7,1,0.11115059830406149
2023-03-28,-0.0078837209302326,2,0.4,2,0.11027431800580388
2023-03-29,-0.00305838739573677,1,0.7,1,0.10993705642154147
2023-03-30,0.00177073505446437,2,0.4,2,0.11013172582113173
2023-03-31,-0.00415512465373959,1,0.7,1,0.10967411477201346
2023-04-03,0.00393258426966294,1,0.7,1,0.11010541747055508
2023-04-04,-0.00955452865064691,2,0.4,2,0.10905341210474122
2023-04-06,-0.01072493224932246,2,0.4,2,0.10788382164836043
2023-04-07,0.00111835973904933,1,0.7,1,0.10800447457098673
2023-04-10,-0.007328690807799419,2,0.4,2,0.10721294317099714
2023-04-11,0.0007254642191695197,2,0.4,2,0.10729072232509954
2023-04-12,0.00783759392826936,2,0.4,2,0.10813162343895437
2023-04-13,-0.006742238946378149,2,0.4,2,0.10740257419606915
2023-04-14,0.0041007183618472194,2,0.4,2,0.10784300190418461
2023-04-17,-0.004840353260869589,1,0.7,1,0.10732100367825573
2023-04-18,0.009818662633416029,2,0.4,2,0.10837475240685213
2023-04-19,-0.010342635287090519,2,0.4,2,0.10725387186837931
2023-04-20,0.015272727272727299,2,0.4,2,0.10889193100236912
2023-04-21,-0.01588073394495411,2,0.4,2,0.10716264721736819
2023-04-24,-0.00525909248354697,2,0.4,2,0.10659906894487034
2023-04-25,0.01763572340478789,2,0.4,2,0.10847902063998999
2023-04-26,-0.01360210930009587,2,0.4,2,0.10700347714447749
2023-04-27,-0.00448487176509471,2,0.4,2,0.10652358027106526
2023-04-28,0.026357348703169976,2,0.4,2,0.10933125942137986
2023-05-04,-0.0030348258706467597,1,0.7,1,0.10899945808681746
2023-05-05,-0.0040367647058823595,2,0.4,2,0.1085594529214523
2023-05-08,0.018,1,0.7,1,0.11051352307403844
2023-05-09,-0.0022024511366560804,2,0.4,2,0.11027012243952816
2023-05-10,-0.012001974257538989,3,0.10000000000000009,3,0.10894666326863327
2023-05-11,-0.00872702456778891,2,0.4,2,0.10799588306170928
2023-05-12,-0.0038427677415829504,3,0.10000000000000009,3,0.10758087996605598
2023-05-15,0.01219178239818306,3,0.10000000000000009,3,0.10889248264480718
2023-05-16,-0.015641319375864122,3,0.10000000000000009,3,0.10718926054612901
2023-05-17,-0.010369444903568099,3,0.10000000000000009,3,0.10607776741464173
2023-05-18,0.014785455798724739,2,0.4,2,0.10764617555597833
2023-05-19,-0.01682135002509324,3,0.10000000000000009,3,0.10583542155808859
2023-05-22,-0.0041898339947088,3,0.10000000000000009,3,0.10539198871100017
2023-05-23,-0.007825272687908159,3,0.10000000000000009,3,0.10456726766021565
2023-05-24,-0.02229150579150576,3,0.10000000000000009,3,0.10223630580756603
2023-05-25,-0.0065188464654656105,3,0.10000000000000009,3,0.10156984302681012
2023-05-26,0.011071210480584272,3,0.10000000000000009,3,0.10269434413743984
2023-05-29,-0.00771954466926165,2,0.4,2,0.10190159056059035
2023-05-30,0.01285555700422803,3,0.10000000000000009,3,0.10321159226686354
2023-05-31,-0.01128695568437094,3,0.10000000000000009,3,0.10204664759883408
2023-06-01,-0.00364102564102554,2,0.4,2,0.10167509313834604
2023-06-02,0.01537828567985406,2,0.4,2,0.1032386817671533
2023-06-05,-0.0005952380952380699,1,0.7,1,0.10317723017086333
2023-06-06,-0.01250256948872802,3,0.10000000000000009,3,0.10188724968099763
2023-06-07,0.006350710900473899,1,0.7,1,0.10253430614816605
2023-06-08,-0.0033879950495049596,1,0.7,1,0.10218692042653164
2023-06-09,0.0030346655022573596,2,0.4,2,0.10249702354873196
2023-06-12,0.007073405068669859,2,0.4,2,0.10322202651462513
2023-06-13,-0.00060362173038225,1,0.7,1,0.10315971945636682
2023-06-14,-0.0003024193548387,1,0.7,1,0.10312852196056349
2023-06-15,-0.00476185671039351,2,0.4,2,0.10263743871623261
2023-06-16,0.0005970149253731099,1,0.7,1,0.10269871479904827
2023-06-19,-0.00436541457731955,3,0.10000000000000009,3,0.10225039233239253
2023-06-20,-0.00511476801252567,2,0.4,2,0.1017274052964226
2023-06-21,-0.009306122448979619,2,0.4,2,0.10078071760631711
2023-06-26,-0.019514863582170902,3,0.10000000000000009,3,0.09881399565051655
2023-06-27,0.0029106893196669,2,0.4,2,0.09910161249229012
2023-06-28,-0.00838271604938274,2,0.4,2,0.09827087181473128
2023-06-29,-0.00499950189354795,2,0.4,2,0.09777956640501292
2023-06-30,-0.003197112077112059,2,0.4,2,0.09746695417236467
2023-07-03,-0.00833579663020983,1,0.7,1,0.09665448946421787
2023-07-04,-0.0006211311347263503,2,0.4,2,0.09659445435150056
2023-07-05,-0.00797101449275358,1,0.7,1,0.09582449855594512
2023-07-06,0.00837792476670369,2,0.4,2,0.09662730899565394
2023-07-07,0.005348319822611579,2,0.4,2,0.09714410274776102
2023-07-10,-0.009,2,0.4,2,0.09626980582303117
2023-07-11,0.015290652246279329,2,0.4,2,0.09774183394568797
2023-07-12,-0.00350406912669849,2,0.4,2,0.097399339802972
2023-07-13,0.00083885209713021,1,0.7,1,0.09748104344342483
2023-07-14,0.00814499559729966,1,0.7,1,0.0982750261130917
2023-07-17,-0.0053598566028912895,2,0.4,2,0.09774828606548014
2023-07-18,-0.010846153846153828,2,0.4,2,0.09668809311661608
2023-07-19,0.00282384580905423,1,0.7,1,0.09696112538314887
2023-07-20,-0.008692307692307699,2,0.4,2,0.09611830944712611
2023-07-21,0.00249021143304618,1,0.7,1,0.09635766436023643
2023-07-24,-0.00545200372786575,1,0.7,1,0.095832322014936
2023-07-25,0.00427147603227333,1,0.7,1,0.0962416674815399
2023-07-26,-0.00744033692091714,1,0.7,1,0.09552559704964636
2023-07-27,-0.00177543186180423,1,0.7,1,0.09535599786102655
2023-07-28,0.00038616251005626,1,0.7,1,0.09539282077250949
2023-07-31,0.0021693716856821697,1,0.7,1,0.09559976325691072
2023-08-01,-0.009,1,0.7,1,0.09473936538759853
2023-08-02,0.0011187761514411592,2,0.4,2,0.09484535753019684
2023-08-03,0.00155793573515088,1,0.7,1,0.0949931205020063
2023-08-04,0.00487955366996367,2,0.4,2,0.09545664453177317
2023-08-07,-0.0016292457038468693,2,0.4,2,0.09530112220376614
2023-08-08,-0.00278301886792449,2,0.4,2,0.09503589738253868
2023-08-09,0.0017989584977118299,1,0.7,1,0.09520686301772266
2023-08-10,-0.009577697782189889,3,0.10000000000000009,3,0.09429500045694857
2023-08-11,-0.021829255086521518,3,0.10000000000000009,3,0.09223661083859017
2023-08-14,-0.0027775073073994776,3,0.10000000000000009,3,0.09198042297797622
2023-08-15,0.00517119210420453,3,0.10000000000000009,3,0.09245607141502132
2023-08-16,-0.01039751552795031,3,0.10000000000000009,3,0.09149475797683036
2023-08-17,-0.004790191674478919,3,0.10000000000000009,3,0.09105648054891129
2023-08-18,-0.01071257314114452,3,0.10000000000000009,3,0.09008103134105587
2023-08-21,-0.01654810680869688,3,0.10000000000000009,3,0.0885903608129865
2023-08-22,0.0114849848738673,3,0.10000000000000009,3,0.08960781976689411
2023-08-23,-0.01219201776427278,3,0.10000000000000009,3,0.08851531963647838
2023-08-24,-0.009982032897068161,3,0.10000000000000009,3,0.08763175680397255
2023-08-25,-0.00298980440073318,3,0.10000000000000009,3,0.08736975499183605
2023-08-28,0.00870375710949108,2,0.4,2,0.08813020011800073
2023-08-29,-0.00572089595713377,3,0.10000000000000009,3,0.08762601641244426
2023-08-30,0.010568793982043249,3,0.10000000000000009,3,0.08855211772737454
2023-08-31,-0.00580114782069174,3,0.10000000000000009,3,0.08803841380260274
2023-09-01,0.00487002828374637,3,0.10000000000000009,3,0.08846716336787759
2023-09-04,0.00595142402526627,3,0.10000000000000009,3,0.08899366896939233
2023-09-05,-0.01342452379756485,3,0.10000000000000009,3,0.08779897134248012
2023-09-06,0.00037707298267712977,3,0.10000000000000009,3,0.0878320779624802
2023-09-07,-0.01173521354617488,3,0.10000000000000009,3,0.08680134977138622
2023-09-08,-0.011108996122763429,3,0.10000000000000009,3,0.08583707391332526
2023-09-11,0.013392608246137888,3,0.10000000000000009,3,0.08698665621724122
2023-09-12,-0.0029625380416404,2,0.4,2,0.08672895493908254
2023-09-13,-0.00981744934027092,2,0.4,2,0.08587749781763346
2023-09-14,-0.00016661907022392,2,0.4,2,0.08586318898879393
2023-09-15,-0.00866400169553394,2,0.4,2,0.08511927017381107
2023-09-18,0.0025690282659350696,2,0.4,2,0.08533794398486334
2023-09-19,-0.00962047569803514,2,0.4,2,0.08451695236863668
2023-09-20,-0.0034764557581963796,2,0.4,2,0.08422313292290953
2023-09-21,-0.00248031043856424,2,0.4,2,0.08401423340715226
2023-09-22,0.02400632244467859,2,0.4,2,0.08603110618426683
2023-09-25,-0.00403100222343414,2,0.4,2,0.08568431460395357
2023-09-26,-0.00186335403726708,1,0.7,1,0.08552465439040582
2023-09-27,-0.0006894646365422399,2,0.4,2,0.08546568816565114
2023-09-28,-0.00159668835008868,1,0.7,1,0.08532922609702474
2023-10-09,-0.0027087103422576606,3,0.10000000000000009,3,0.08509809393979889
2023-10-10,-0.0013104702808018195,3,0.10000000000000009,3,0.0849865754167379
2023-10-11,-0.00126849894291756,1,0.7,1,0.08487877003565958
2023-10-12,-0.0023721736244895304,2,0.4,2,0.08467742285610187
2023-10-13,-0.00866999442361905,2,0.4,2,0.08394327007213304
2023-10-16,-0.00160166142520878,2,0.4,2,0.08380882137455262
2023-10-17,-0.0032052669552669,2,0.4,2,0.08354019172884089
2023-10-18,0.004046895726858631,2,0.4,2,0.0838782701737693
2023-10-19,-0.01614154308241041,3,0.10000000000000009,3,0.08252434546208133
2023-10-20,-0.007527004909983719,3,0.10000000000000009,3,0.08190318430859506
2023-10-23,-0.0006149625970087499,3,0.10000000000000009,3,0.08185281691366936
2023-10-24,-0.0078139509296952,3,0.10000000000000009,3,0.08121322301884862
2023-10-25,0.00587478150325761,3,0.10000000000000009,3,0.08169033295925969
2023-10-26,-0.007979591836734749,2,0.4,2,0.08103847744523783
2023-10-27,0.00030145065681686975,2,0.4,2,0.08106290654749114
2023-10-30,-0.00833862433862433,3,0.10000000000000009,3,0.0803869534219946
2023-10-31,0.00066600488306391,3,0.10000000000000009,3,0.08044049152550829
2023-11-01,-0.0013236533151295502,3,0.10000000000000009,3,0.08033401620222991
2023-11-02,9.479595362324933e-05,3,0.10000000000000009,3,0.08034163154190418
2023-11-03,0.00885405905329755,3,0.10000000000000009,3,0.08105298109201448
2023-11-06,0.016157654860116118,2,0.4,2,0.08236260718588276
2023-11-07,0.0012975850751167496,2,0.4,2,0.08246947967571486
2023-11-08,-0.0007357679896734595,3,0.10000000000000009,3,0.08240880127244445
2023-11-09,0.0005652492791867398,3,0.10000000000000009,3,0.08245538278796234
2023-11-10,-0.01569531638140593,3,0.10000000000000009,3,0.08116121946775534
2023-11-13,0.012521040996005069,3,0.10000000000000009,3,0.08217744242399687
2023-11-14,0.0023287983062777098,3,0.10000000000000009,3,0.0823688171127281
2023-11-15,0.0064014683557284,2,0.4,2,0.082896098488974
2023-11-16,-0.01123953674518725,2,0.4,2,0.08196438474397451
2023-11-17,-0.00347749675465569,2,0.4,2,0.08167935386202999
2023-11-20,0.00427452424508799,2,0.4,2,0.08202849424043634
2023-11-21,-0.0009950902509825604,2,0.4,2,0.08194686848551491
2023-11-22,-0.01144551353770416,2,0.4,2,0.08100894449289149
2023-11-23,0.00021838968145398004,2,0.4,2,0.08102663601047422
2023-11-24,-0.01074621653084985,2,0.4,2,0.08015590623513931
2023-11-27,-0.007514126070168329,2,0.4,2,0.07955360465041988
2023-11-28,-0.00232793624913696,2,0.4,2,0.07936840893040466
2023-11-29,-0.01475678278649121,3,0.10000000000000009,3,0.07819718655970927
2023-11-30,-0.0035437045973093096,2,0.4,2,0.07792007883020097
2023-12-01,-0.0007389162561576,1,0.7,1,0.07786250241727224
2023-12-04,-0.0005363984674329301,2,0.4,2,0.07782073709030513
2023-12-05,-0.01951041870475443,3,0.10000000000000009,3,0.07630242192576066
2023-12-06,-0.00472323504824106,3,0.10000000000000009,3,0.07594202765225523
2023-12-07,0.00902117809199808,3,0.10000000000000009,3,0.07662711420837366
2023-12-08,0.006498340097633639,3,0.10000000000000009,3,0.0771250632571999
2023-12-11,0.00446323702137657,2,0.4,2,0.07746929069480545
2023-12-12,0.0026957637997432502,1,0.7,1,0.0776781296042523
2023-12-13,-0.009,1,0.7,1,0.07697902643781403
2023-12-14,-0.00390644252772393,3,0.10000000000000009,3,0.07667831229519456
2023-12-15,-0.0046314499821958795,3,0.10000000000000009,3,0.07632318052708018
2023-12-18,-0.008917698357407489,3,0.10000000000000009,3,0.07564255342546171
2023-12-19,0.00319602192578961,3,0.10000000000000009,3,0.0758843086847322
2023-12-20,-0.0133288851681825,3,0.10000000000000009,3,0.07487285544820649
2023-12-21,0.01289414353257606,3,0.10000000000000009,3,0.07583827679304948
2023-12-22,-0.00578287134449187,3,0.10000000000000009,3,0.07539971379536732
2023-12-25,0.00406537180097388,3,0.10000000000000009,3,0.0757062416656325
2023-12-26,-0.01356430419733164,3,0.10000000000000009,3,0.07467933917404315
2023-12-27,-4.7777209563299805e-06,2,0.4,2,0.07467898237699938
2023-12-28,0.0197842013059404,2,0.4,2,0.0761564463976687
2023-12-29,-0.00314736407435583,3,0.10000000000000009,3,0.07591675433424608
2024-01-02,-0.015211839727602629,2,0.4,2,0.07476192083467374
2024-01-03,-0.009392156862745108,2,0.4,2,0.07405974514683436
2024-01-04,-0.01253403141361254,2,0.4,2,0.0731314779746798
2024-01-05,0.0008636399904252603,2,0.4,2,0.07319463724361762
2024-01-08,-0.01605538215928194,3,0.10000000000000009,3,0.07201946937066132
2024-01-09,0.0023161400049444003,2,0.4,2,0.07218627654480558
2024-01-10,-0.011289829118850419,3,0.10000000000000009,3,0.07137130581788864
2024-01-11,0.01199980341424347,3,0.10000000000000009,3,0.07222774745712116
2024-01-12,-0.00541616822436786,3,0.10000000000000009,3,0.07183654982642623
2024-01-15,-0.0015392118016397999,2,0.4,2,0.0717259781611443
2024-01-16,0.0056272730866539595,2,0.4,2,0.07212959982766444
2024-01-17,-0.01312463835388173,3,0.10000000000000009,3,0.07118292491531614
2024-01-18,0.00529145090284662,2,0.4,2,0.07155958586762655
2024-01-19,-0.00622572518742717,2,0.4,2,0.07111407555148862
2024-01-22,-0.010958760654714211,2,0.4,2,0.07033475341833859
2024-01-23,0.02038726790450928,2,0.4,2,0.07176868687927584
2024-01-24,0.00878640319481595,2,0.4,2,0.07239927549895966
2024-01-25,0.00142180094786727,1,0.7,1,0.07250221285748899
2024-01-26,-0.005377358490566009,1,0.7,1,0.07211234246759496
2024-01-29,-0.009,1,0.7,1,0.0714633313853866
2024-01-30,-0.001924601004431939,2,0.4,2,0.07132579298602224
2024-01-31,-0.010511335012594469,2,0.4,2,0.07057606368090719
2024-02-01,0.016101265822784788,2,0.4,2,0.07171242764295926
2024-02-02,-0.01336698922397295,2,0.4,2,0.07075384839543089
2024-02-05,0.0011819188662046801,2,0.4,2,0.07083747370370605
2024-02-06,0.013056757444642379,1,0.7,1,0.07176238141584657
2024-02-07,-0.00258620689655166,1,0.7,1,0.07157678905011593
2024-02-26,-0.0047077823542164,2,0.4,2,0.07123982110565431
2024-02-28,-0.00933557046979866,2,0.4,2,0.07057475673546663
2024-02-29,0.00335946248600223,1,0.7,1,0.07081184998317817
2024-03-01,-0.00332225913621258,1,0.7,1,0.07057659466761945
2024-03-04,-0.00537513997760358,1,0.7,1,0.0701972355921384
2024-03-05,0.00342075256556442,1,0.7,1,0.07043736296588575
2024-03-06,-0.00338218714768881,1,0.7,1,0.07019913062214544
2024-03-07,-0.007289623717217789,2,0.4,2,0.06968740537463419
2024-03-08,0.0032354703415218597,2,0.4,2,0.06991287690790143
2024-03-11,0.00306122448979587,1,0.7,1,0.07012689591884398
2024-03-12,-0.00106406234306406,2,0.4,2,0.07005227652966077
2024-03-13,-0.010195911064716269,3,0.10000000000000009,3,0.06933802974828343
2024-03-14,-0.007449188584521749,2,0.4,2,0.0688215176886093
2024-03-15,0.01592526616448862,2,0.4,2,0.06991751867564445
2024-03-18,0.0022877719030055398,2,0.4,2,0.07007747401039845
2024-03-19,-0.01372408253929068,3,0.10000000000000009,3,0.06911572497293474
2024-03-20,0.01022565961695885,2,0.4,2,0.0698224788506873
2024-03-21,0.0024147184578923097,2,0.4,2,0.06999108047914385
2024-03-22,-0.01316023931547936,3,0.10000000000000009,3,0.06906998111008934
2024-03-25,-0.007636363636363679,2,0.4,2,0.06854253761797593
2024-03-26,0.00010158098122785113,2,0.4,2,0.06854950023620301
2024-03-27,-0.011323008849557458,2,0.4,2,0.06777331363839574
2024-03-28,0.01666220735785953,2,0.4,2,0.06890256664356793
2024-03-29,-0.004455536405959739,2,0.4,2,0.06859556874942345
2024-04-01,0.00500824402308324,1,0.7,1,0.06893911209662275
2024-04-02,-0.0074130574366109096,2,0.4,2,0.06842806249902153
2024-04-03,-0.010040374078193848,2,0.4,2,0.06774101915408533
2024-04-08,-0.00518317021548606,2,0.4,2,0.0673899059212392
2024-04-09,1.098488133441009e-05,2,0.4,2,0.06739064619135887
2024-04-10,-0.01212180193791573,2,0.4,2,0.06657375012575907
2024-04-11,0.0023158111336397703,2,0.4,2,0.06672792235750846
2024-04-12,-0.014290149468731668,3,0.10000000000000009,3,0.06577437037328175
2024-04-15,0.006676599023889089,2,0.4,2,0.06621351947031293
2024-04-16,-0.00166000943923974,2,0.4,2,0.06610360440298692
2024-04-17,0.009916262670780059,1,0.7,1,0.06675910510773227
2024-04-18,0.0019926881088533103,2,0.4,2,0.06689213518263813
2024-04-19,-0.012571428571428539,2,0.4,2,0.06605120548319925
2024-04-22,-0.00840531659808768,2,0.4,2,0.06549602418942761
2024-04-23,-0.00765771812080536,2,0.4,2,0.06499447409815153
2024-04-24,0.010080097127497918,2,0.4,2,0.06564962470981155
2024-04-25,-0.0003785563168296597,2,0.4,2,0.06562477262968015
2024-04-26,0.009275801414922479,2,0.4,2,0.06623349498849251
2024-04-29,0.01485124625422188,2,0.4,2,0.06721714493284439
2024-04-30,-0.0032970706305510897,2,0.4,2,0.06699552525841682
2024-05-06,0.006055882078349581,2,0.4,2,0.06740124225915888
2024-05-07,0.00014172594968094,2,0.4,2,0.06741079476422773
2024-05-08,-0.013154317369684799,2,0.4,2,0.0665240517757564
2024-05-09,0.00322432490257275,2,0.4,2,0.06673854693251702
2024-05-10,-0.00033686608461000033,2,0.4,2,0.0667160649795193
2024-05-13,0.00337051008692796,2,0.4,2,0.06694093214949291
2024-05-14,-0.005808075061910069,2,0.4,2,0.06655213419085443
2024-05-15,-0.00366951303946455,1,0.7,1,0.0663079202666369
2024-05-16,-0.00112149532710276,1,0.7,1,0.06623355624390796
2024-05-17,0.00246247654784238,1,0.7,1,0.0663966548228388
2024-05-20,0.00164409195591033,2,0.4,2,0.06650581702893239
2024-05-21,-0.00145161290322579,1,0.7,1,0.06640927632679362
2024-05-22,0.0033341051169252,1,0.7,1,0.06663069183480608
2024-05-23,-0.0131810396152965,2,0.4,2,0.06575243004613689
2024-05-24,-0.00875096957683356,2,0.4,2,0.06517703253120027
2024-05-27,0.00259615384615383,1,0.7,1,0.06534624213488704
2024-05-28,-0.010609242590454659,2,0.4,2,0.06465296799970344
2024-05-29,-0.00390190284413835,2,0.4,2,0.0644006983999834
2024-05-30,0.0014520011166918303,2,0.4,2,0.0644942082859759
2024-05-31,0.0012658956758955,2,0.4,2,0.06457585122536542
2024-06-03,-0.00616336415199855,3,0.10000000000000009,3,0.06417784673883821
2024-06-04,0.0007030004787675601,2,0.4,2,0.06422296379582189
2024-06-05,-0.00339843442964913,2,0.4,2,0.06400470626448405
2024-06-06,-0.0016667494868334897,2,0.4,2,0.0638980264531628
2024-06-07,-0.0004840281970513202,2,0.4,2,0.06386709800662353
2024-06-11,-0.007971407981810012,3,0.10000000000000009,3,0.0633579873117985
2024-06-12,-0.0012950165170337999,2,0.4,2,0.06327593767174369
2024-06-13,-0.00176209916605602,2,0.4,2,0.06316443919474089
2024-06-14,0.0036521586521585997,2,0.4,2,0.0633951257478547
2024-06-17,-0.0076612485683543695,3,0.10000000000000009,3,0.06290943993147831
2024-06-18,-0.00105500379508302,2,0.4,2,0.06284307023360405
2024-06-19,-0.0015982404692082004,2,0.4,2,0.06274263189554742
2024-06-20,-0.010606042712215229,3,0.10000000000000009,3,0.06207718086178645
2024-06-21,0.0016772560845794704,3,0.10000000000000009,3,0.06218130019110042
2024-06-24,-0.01027877887842447,3,0.10000000000000009,3,0.06154215235606317
2024-06-25,0.0035002989669736797,2,0.4,2,0.06175756828838043
2024-06-26,0.0004016064257028,2,0.4,2,0.06178237052464083
2024-06-27,-0.007376623376623409,2,0.4,2,0.061326625245965556
2024-06-28,-0.00132743362831854,1,0.7,1,0.06124521822130277
2024-07-01,0.0037894736842104897,1,0.7,1,0.06147730536403613
2024-07-02,-0.004573804573804559,1,0.7,1,0.061196120183576924
2024-07-03,-0.00541871921182266,1,0.7,1,0.06086451559144917
2024-07-04,-0.00680840898232203,1,0.7,1,0.060450125076791664
2024-07-05,-0.01378430380654767,3,0.10000000000000009,3,0.05961686218758936
2024-07-08,-0.010314348302300129,2,0.4,2,0.059001953106296336
2024-07-09,0.00695206826382123,2,0.4,2,0.059412138711990095
2024-07-10,0.0011954980824237299,2,0.4,2,0.05948316580989298
2024-07-11,0.0026959952062318797,2,0.4,2,0.05964353213976795
2024-07-12,-0.0045210727969348195,1,0.7,1,0.059373879389097745
2024-07-15,-0.00412344398340249,1,0.7,1,0.0591290545233595
2024-07-16,0.00694188798317115,1,0.7,1,0.059539521796411476
2024-07-17,-0.00069390902081721,1,0.7,1,0.059498206785141804
2024-07-18,-0.0017774343122101798,1,0.7,1,0.05939245263088691
2024-07-19,0.00474216118165323,1,0.7,1,0.059674101214236275
2024-07-22,-0.00721374839184198,3,0.10000000000000009,3,0.05924362726256746
2024-07-23,-0.00963993270857676,2,0.4,2,0.058672522682344304
2024-07-24,-0.00494409025348317,3,0.10000000000000009,3,0.05838244043480326
2024-07-25,-0.0017697475606506298,3,0.10000000000000009,3,0.05827911825325893
2024-07-26,-0.00709539159025731,3,0.10000000000000009,3,0.05786560508771715
2024-07-29,0.00222253012700976,2,0.4,2,0.05799421313834225
2024-07-30,-0.00497475992435664,3,0.10000000000000009,3,0.05770570585097703
2024-07-31,0.0078255001186359,2,0.4,2,0.05815728185895981
2024-08-01,-0.00348308934881373,1,0.7,1,0.05795471484996091
2024-08-02,-0.00666421318271937,2,0.4,2,0.05756849227525706
2024-08-05,-0.01375890519325335,3,0.10000000000000009,3,0.05677641284792326
2024-08-06,-0.01817855639429619,3,0.10000000000000009,3,0.05574429962510144
2024-08-07,0.0030123888129356398,3,0.10000000000000009,3,0.05591222312967703
2024-08-08,0.0004305050758239302,3,0.10000000000000009,3,0.05593629362553496
2024-08-09,-0.00208044382801662,1,0.7,1,0.05581992130869959
2024-08-12,-0.00997826086956519,2,0.4,2,0.05526293557216278
2024-08-13,-0.00014263941845213987,2,0.4,2,0.055255052899170806
2024-08-14,-0.00314185987714134,2,0.4,2,0.05508144926545758
2024-08-15,8.678044547291999e-05,1,0.7,1,0.05508622925816213
2024-08-16,-0.00190861769809137,1,0.7,1,0.054981090706078886
2024-08-19,0.00043655413271243996,1,0.7,1,0.055005092928447664
2024-08-20,-0.00427201394943324,1,0.7,1,0.05477011040416747
2024-08-21,-0.00017688679245285,1,0.7,1,0.054760422295015786
2024-08-22,-0.00814159292035398,1,0.7,1,0.05431458522854309
2024-08-23,0.0077319587628866095,1,0.7,1,0.05473454336175348
2024-08-26,-0.00357016886115156,2,0.4,2,0.054539131799414
2024-08-27,-0.005929203539823029,1,0.7,1,0.054215758186090035
2024-08-28,-0.00534368604999366,3,0.10000000000000009,3,0.053926046195381196
2024-08-29,-0.012884154491974529,3,0.10000000000000009,3,0.05323125468505855
2024-08-30,0.00371249751968763,3,0.10000000000000009,3,0.05342887558604669
2024-09-02,-0.011854607798408369,3,0.10000000000000009,3,0.05279549722086415
2024-09-03,7.416897971453985e-05,3,0.10000000000000009,3,0.05279941300902655
2024-09-04,-0.0011229668389863,3,0.10000000000000009,3,0.05274012101909947
2024-09-05,0.00328596802841916,2,0.4,2,0.05291342337058319
2024-09-06,0.00230076808101294,3,0.10000000000000009,3,0.05303516488613135
2024-09-09,-0.01234670621458071,3,0.10000000000000009,3,0.052380355286240445
2024-09-10,0.0061344235447569,2,0.4,2,0.05270167857099109
2024-09-11,-0.0156927082320642,3,0.10000000000000009,3,0.0518746465058365
2024-09-12,0.0007866618222707399,2,0.4,2,0.05191545430978643
2024-09-13,-0.00811028376974355,3,0.10000000000000009,3,0.05149440524329891
2024-09-18,0.00141463784388558,3,0.10000000000000009,3,0.05156725117770446
2024-09-19,0.008929120013364239,2,0.4,2,0.052027701352229484
2024-09-20,0.00058716287931891,2,0.4,2,0.0520582500871598
2024-09-23,0.00444444444444444,1,0.7,1,0.05228962008754718
2024-10-09,-0.026999999999999996,3,0.10000000000000009,3,0.050877800345183403
2024-10-10,0.005944649446494478,2,0.4,2,0.05118025103284426
2024-10-11,-0.020399584598178627,3,0.10000000000000009,3,0.05013619517214373
2024-10-14,0.02066384483917368,3,0.10000000000000009,3,0.05117220173000744
2024-10-15,-0.01179004903029255,3,0.10000000000000009,3,0.050568878962622625
2024-10-16,0.006642446743473869,3,0.10000000000000009,3,0.05090478004800902
2024-10-17,0.0032852509948727996,3,0.10000000000000009,3,0.051072015027305524
2024-10-18,0.00992215475463987,3,0.10000000000000009,3,0.05157875946403775
2024-10-21,-0.0034273745973825596,3,0.10000000000000009,3,0.0514019797340862
2024-10-22,-0.0055598758191517505,3,0.10000000000000009,3,0.05111619110990613
2024-10-23,0.0036179052817404598,3,0.10000000000000009,3,0.051301124647705115
2024-10-24,-0.00923813365850079,3,0.10000000000000009,3,0.05082719800137821
2024-10-25,0.00156945676321137,3,0.10000000000000009,3,0.05090696909103656
2024-10-28,-0.0013868216142486599,3,0.10000000000000009,3,0.05083637020598522
2024-10-29,-0.003181153155755129,3,0.10000000000000009,3,0.05067465192647731
2024-10-30,-0.00995623261903113,3,0.10000000000000009,3,0.05017012330400887
2024-10-31,0.0011714146740040795,3,0.10000000000000009,3,0.050228893322643776
2024-11-01,-0.00308259619870977,3,0.10000000000000009,3,0.050074057927022
2024-11-04,0.006769370690874001,3,0.10000000000000009,3,0.05041302778712631
2024-11-05,0.01644134740374453,3,0.10000000000000009,3,0.05124188589064908
2024-11-06,0.00029073750332894895,3,0.10000000000000009,3,0.0512567838286188
2024-11-07,0.00572447053889703,1,0.7,1,0.05155020177756434
2024-11-08,-0.014813137642680298,3,0.10000000000000009,3,0.05078658154312534
2024-11-11,-0.01223741007194241,2,0.4,2,0.050165085318629975
2024-11-12,-0.01256976857728737,3,0.10000000000000009,3,0.04953452180551492
2024-11-13,0.018946588270171438,3,0.10000000000000009,3,0.05047303199532383
2024-11-14,-0.009683875496650559,3,0.10000000000000009,3,0.04998425743754266
2024-11-15,-0.00414594642590841,3,0.10000000000000009,3,0.049777025384067794
2024-11-18,0.00910836098503368,3,0.10000000000000009,3,0.05023041250002707
2024-11-19,-0.00682568720445072,3,0.10000000000000009,3,0.04988755541615135
2024-11-20,0.0051078075656810105,3,0.10000000000000009,3,0.05014237144913929
2024-11-21,0.00446847214895073,3,0.10000000000000009,3,0.050366431239442115
2024-11-22,-0.022982644949025896,3,0.10000000000000009,3,0.04920887743291649
2024-11-25,-0.00856925293903779,3,0.10000000000000009,3,0.04878719411534772
2024-11-26,-0.007120660862783669,3,0.10000000000000009,3,0.04843979705160554
2024-11-27,0.01662212763860691,3,0.10000000000000009,3,0.04924496954098554
2024-11-28,-0.0051501821019744294,3,0.10000000000000009,3,0.048991348980243286
2024-11-29,0.019781770262996698,3,0.10000000000000009,3,0.04996048459064476
2024-12-02,0.00033545134327040983,3,0.10000000000000009,3,0.04997724390231114
2024-12-03,0.0006034244876328598,3,0.10000000000000009,3,0.0500074013951062
2024-12-04,0.0024203069657614796,3,0.10000000000000009,3,0.050128434657042406
2024-12-05,0.00447197691017139,3,0.10000000000000009,3,0.050352607859371734
2024-12-06,0.00499703751354267,2,0.4,2,0.05060422172974972
2024-12-09,0.004988399071925729,1,0.7,1,0.05085665578246192
2024-12-10,0.01044123240775962,1,0.7,1,0.05138766194496804
2024-12-11,-0.01259910994091127,2,0.4,2,0.050740223142517006
2024-12-12,-0.00497081528902281,1,0.7,1,0.05048800286555175
2024-12-13,-0.02064589228994694,3,0.10000000000000009,3,0.04944563299645504
2024-12-16,-0.00249804855370563,2,0.4,2,0.049322115404461186
2024-12-17,-0.00800252370873909,3,0.10000000000000009,3,0.04892741400657182
2024-12-18,0.00397271268057786,1,0.7,1,0.049121788564623604
2024-12-19,0.003923641767218701,3,0.10000000000000009,3,0.04931452486591624
2024-12-20,0.00093221984851422,1,0.7,1,0.0493604968448163
2024-12-23,-0.00877057115198448,1,0.7,1,0.04892757709514153
2024-12-24,0.00023932987634619,1,0.7,1,0.048939286926117626
2024-12-25,-0.0024511757672379298,1,0.7,1,0.04881932813193842
2024-12-26,0.00560578661844486,1,0.7,1,0.049092998868301915
2024-12-27,-0.0049704142011834295,1,0.7,1,0.048848986329548226
2024-12-30,0.00084235860409146,1,0.7,1,0.04889013469348407
2024-12-31,-0.015607929515418478,2,0.4,2,0.04812706091718886
2025-01-02,-0.02115559689243897,3,0.10000000000000009,3,0.04710890421680696
2025-01-03,-0.012545535378407009,3,0.10000000000000009,3,0.04651789779231703
2025-01-06,0.00399439350837384,3,0.10000000000000009,3,0.04670370858128186
2025-01-07,0.00742259668646349,2,0.4,2,0.04705037137384283
2025-01-08,-0.00107302629827763,2,0.4,2,0.04699988508801497
2025-01-09,-0.0006184860652010101,2,0.4,2,0.04697081631402198
2025-01-10,-0.00681662130017904,2,0.4,2,0.04665063404704902
2025-01-13,-0.00460131889609824,3,0.10000000000000009,3,0.04643597960309337
2025-01-14,0.01252498334443698,1,0.7,1,0.04701758947420473
2025-01-15,-0.00332551694734596,1,0.7,1,0.04686123168358491
2025-01-16,0.01079974132356114,1,0.7,1,0.0473673208638711
2025-01-17,-0.0014357053682896499,1,0.7,1,0.04729931534702534
2025-01-20,-0.00075266569098888,1,0.7,1,0.047263714775156375
2025-01-21,-0.00023170254979346973,2,0.4,2,0.04725276365193026
2025-01-22,-0.01808169993627267,3,0.10000000000000009,3,0.04639835335841645
2025-01-23,0.00387272344568847,2,0.4,2,0.046578041349308937
2025-01-24,0.016175444192495007,2,0.4,2,0.04733146185775041
2025-01-27,0.00882034364508279,2,0.4,2,0.0477489416165599
2025-02-05,0.008208860395584178,3,0.10000000000000009,3,0.048140906012327137
2025-02-06,0.00093870789618993,1,0.7,1,0.04818609626093065
2025-02-07,-0.004345986925232069,2,0.4,2,0.04797668011660267
2025-02-10,-0.00211480362537762,1,0.7,1,0.0478752188595585
2025-02-11,-0.00525758876916063,2,0.4,2,0.047623510646561375
2025-02-12,0.00100353094220403,1,0.7,1,0.04767130231307158
2025-02-13,-0.01027912576403037,2,0.4,2,0.047181283001260406
2025-02-14,0.010250569476081961,1,0.7,1,0.04766491802063551
2025-02-17,-0.0016118942731277097,2,0.4,2,0.04758808721224894
2025-02-18,-0.0067151956323930895,1,0.7,1,0.047268523896847305
2025-02-19,0.00156676287205176,2,0.4,2,0.04734258246510557
2025-02-20,-0.00591377560984197,2,0.4,2,0.0470626090556165
2025-02-21,0.00809264268447207,2,0.4,2,0.04744346993450261
2025-02-24,0.0075708502024291816,2,0.4,2,0.04780265733846018
2025-02-25,-0.01236734693877555,2,0.4,2,0.04721146529056004
2025-02-26,0.0010178464681792198,2,0.4,2,0.0472595193137636
2025-02-27,-0.0055927601809954795,1,0.7,1,0.04699520815597259
2025-02-28,-0.011136317395727369,2,0.4,2,0.0464718546018694
2025-03-03,-0.00197292069632496,1,0.7,1,0.04638016931812877
2025-03-04,0.00081775700934576,1,0.7,1,0.046418097026683314
2025-03-05,0.0011067961165048198,1,0.7,1,0.04646947239620799
2025-03-06,0.008705745792222839,1,0.7,1,0.04687402380998809
2025-03-07,-0.005188945290468089,1,0.7,1,0.04663079706489397
2025-03-10,-0.00126267457432563,1,0.7,1,0.04657191754305959
2025-03-11,-0.00097982708933712,1,0.7,1,0.046526285116648525
2025-03-12,-0.00104086353122589,1,0.7,1,0.04647785760322719
2025-03-13,-0.00754352030947779,1,0.7,1,0.04612725094045623
2025-03-14,0.00446428571428569,1,0.7,1,0.04633317616786897
2025-03-17,-0.010876832844574769,2,0.4,2,0.045829217955532825
2025-03-18,-9.81685669266e-05,2,0.4,2,0.04582471896688276
2025-03-19,-0.00389238973945656,2,0.4,2,0.04564635130096258
2025-03-20,-0.0043000048293695995,2,0.4,2,0.04545007176992534
2025-03-21,-0.00823395266696508,2,0.4,2,0.04507583803026161
2025-03-24,0.0013682341933385998,2,0.4,2,0.04513751233314801
2025-03-25,-0.0047297297297297395,1,0.7,1,0.04492402409913988
2025-03-26,-0.00082336066919952,2,0.4,2,0.044887035424594476
2025-03-27,0.00040287785304402,2,0.4,2,0.04490511941705585
2025-03-28,-0.00403866640044222,2,0.4,2,0.04472376262005834
2025-03-31,-0.0040207454923885805,2,0.4,2,0.04454393975310108
2025-04-01,0.0033149207300275196,2,0.4,2,0.04469159938238573
2025-04-02,0.00125130344108445,1,0.7,1,0.04474752213448047
2025-04-03,-0.00108487577990085,2,0.4,2,0.0446989766315062
2025-04-07,-0.026999999999999996,3,0.10000000000000009,3,0.04349210426245553
2025-04-08,0.01726349513478219,3,0.10000000000000009,3,0.04424292999279187
2025-04-09,-0.0018415372922901902,3,0.10000000000000009,3,0.04416145498728996
2025-04-10,0.007612525109259239,3,0.10000000000000009,3,0.044497635172242124
2025-04-11,0.00441781076069169,3,0.10000000000000009,3,0.04469421730373138
2025-04-14,0.006135334552876499,3,0.10000000000000009,3,0.044968431279468736
2025-04-15,0.00686584917234837,3,0.10000000000000009,3,0.04527717774615068
2025-04-16,0.00444505716573819,3,0.10000000000000009,3,0.04547843738953561
2025-04-17,0.00111907915374156,2,0.4,2,0.04552933136076298
2025-04-18,0.00231555051078318,1,0.7,1,0.045634756827251016
2025-04-21,-0.00544507071329604,3,0.10000000000000009,3,0.04538627234934257
2025-04-22,0.00338458566745743,3,0.10000000000000009,3,0.04553988607623547
2025-04-23,-0.00255950437699713,3,0.10000000000000009,3,0.045423326538495394
2025-04-24,0.00322315250181162,3,0.10000000000000009,3,0.04556973284706855
2025-04-25,-0.0029354996281412402,3,0.10000000000000009,3,0.045435962913241486
2025-04-28,0.0020911942797389397,2,0.4,2,0.045530978338980094
2025-04-29,0.0003411097099621501,2,0.4,2,0.045546509397795594
2025-04-30,-0.00202312138728324,1,0.7,1,0.045454363280516816
2025-05-06,0.0014548981571289898,1,0.7,1,0.04552049474988711
2025-05-07,0.00202702702702701,1,0.7,1,0.04561276602302878
2025-05-15,-0.00478388585816196,1,0.7,1,0.045394559756699565
2025-05-21,-0.00425757254818896,1,0.7,1,0.04520128912524232
2025-05-23,-0.00431237931774297,1,0.7,1,0.04500636402088331
2025-05-26,0.0005224205485416,1,0.7,1,0.04502987627026297
2025-05-27,-0.00195567144719688,1,0.7,1,0.044941812626970404
2025-05-28,-0.00203412073490814,1,0.7,1,0.04485039555404153
2025-05-30,-0.00418634607127521,1,0.7,1,0.044662636276818726
2025-06-10,-0.0037887568820631594,2,0.4,2,0.04449342040625385
2025-06-11,0.0006263048016701399,1,0.7,1,0.044521286849097015
2025-06-12,-0.00099999999999996,1,0.7,1,0.044476765562247916
2025-06-13,-0.0034892241080225995,2,0.4,2,0.04432157615960126
2025-06-16,0.00025125628140699,1,0.7,1,0.044332712234013215
2025-06-17,-0.0016945606694560198,1,0.7,1,0.04425758776349114
2025-06-18,0.00037870818430467,1,0.7,1,0.04427434847419476
2025-06-19,-0.00460180710233241,1,0.7,1,0.04407060646293507
2025-06-20,-0.00717029449423812,1,0.7,1,0.043754607236056155
2025-06-23,0.00118058592041976,1,0.7,1,0.04380626330931254
2025-06-24,0.00470383275261321,1,0.7,1,0.04401232064543648
2025-06-26,-0.0012012644889357598,1,0.7,1,0.043959450207569466
2025-07-02,-0.00433689503456943,1,0.7,1,0.04376880268624185
2025-07-03,-0.00012755102040813,1,0.7,1,0.043763219930797174
2025-07-04,-0.00070182900893238,1,0.7,1,0.04373250563352545
2025-07-07,-0.0037092304412705097,1,0.7,1,0.043570291692356544
2025-07-08,-0.0045200142921745495,2,0.4,2,0.04337335335119288
2025-07-09,-0.00012809564474807998,1,0.7,1,0.04336779741353047
2025-07-10,-6.407518154634e-05,1,0.7,1,0.04336501861403794
2025-07-11,-0.00761244715224351,2,0.4,2,0.04303490470158251
2025-07-14,-0.0038952745849297503,1,0.7,1,0.04286727193103356
2025-07-15,-0.00982857601210047,2,0.4,2,0.04244594769042802
2025-07-16,-0.00406539140896911,3,0.10000000000000009,3,0.042273388299341796
2025-07-17,-0.0020998851344884197,2,0.4,2,0.042184619039667554
2025-07-18,0.00311849334875652,2,0.4,2,0.04231617149356258
2025-07-21,-0.0017211689590940998,2,0.4,2,0.04224333821272015
2025-07-22,-0.00847406499403887,2,0.4,2,0.0418853654191404
2025-07-23,0.0032471655328797895,2,0.4,2,0.042021374134061505
2025-07-24,-0.01047033524044146,2,0.4,2,0.041581396259613865
2025-07-25,0.00022970903522202,2,0.4,2,0.041590947882031847
2025-07-28,-0.0024250037543911205,3,0.10000000000000009,3,0.041490089677269235
2025-07-29,-0.00959736632682174,2,0.4,2,0.0410918940877038
2025-07-30,-0.0015616956154055096,2,0.4,2,0.041027721056878325
2025-07-31,-0.0079977817213842,2,0.4,2,0.040699590299339575
2025-08-01,0.0028431451075257297,3,0.10000000000000009,3,0.04081530514037744
2025-08-04,0.0032749740000082195,2,0.4,2,0.04094897420351458
2025-08-05,-0.00067250866109637,1,0.7,1,0.040921435663699705
2025-08-06,-0.00024529844644314,1,0.7,1,0.04091139769910518
2025-08-07,-0.00073329364051656,2,0.4,2,0.04088139763134778
2025-08-08,-0.00576782562264723,2,0.4,2,0.04064560085860006
2025-08-11,-0.00246710526315789,1,0.7,1,0.0405453238827976
2025-08-12,-0.0032641486478366694,3,0.10000000000000009,3,0.04041297791866947
2025-08-13,-0.00186291829409214,3,0.10000000000000009,3,0.04033769184278604
2025-08-14,-0.0029606368958983802,3,0.10000000000000009,3,0.040218266584020904
2025-08-15,-0.00906626992643106,2,0.4,2,0.039853636923197
2025-08-18,0.00110375275938192,2,0.4,2,0.03989762548492239
2025-08-19,-0.00025025418775698,3,0.10000000000000009,3,0.039887640937063235
2025-08-20,0.00091122127752663,2,0.4,2,0.03992398740419543
2025-08-21,0.0033406938430485603,2,0.4,2,0.04005736122310657
2025-08-22,-0.0022670025188916898,1,0.7,1,0.03996655108431363
2025-08-27,-0.01341291292350897,2,0.4,2,0.039430483214766755
2025-08-28,0.0005076142131979499,1,0.7,1,0.03945049868847983
2025-08-29,-0.00769379737605984,3,0.10000000000000009,3,0.039146974545186154
2025-09-01,-0.00832667122295859,3,0.10000000000000009,3,0.03882101055877486
2025-09-02,0.0091227042962766,3,0.10000000000000009,3,0.0391751631585852
2025-09-03,-0.014877342419080078,2,0.4,2,0.038592340841951595
2025-09-04,-0.00947834974068105,3,0.10000000000000009,3,0.038226549138140005
2025-09-05,0.0019426585527577503,3,0.10000000000000009,3,0.03830081027076563
2025-09-08,0.01396400707196262,3,0.10000000000000009,3,0.0388356430562485
2025-09-09,-0.007691099476439849,2,0.4,2,0.03853695426227138
2025-09-10,-0.00031353825223668014,2,0.4,2,0.038524871452985464
2025-09-11,0.00789316324496709,1,0.7,1,0.03882895455235525
2025-09-12,-0.01247570060767923,3,0.10000000000000009,3,0.038344536140450886
2025-09-15,-0.00482154534727779,3,0.10000000000000009,3,0.03815965622062937
2025-09-16,-0.00239885168838414,3,0.10000000000000009,3,0.03806811686487635
2025-09-17,-0.0038131446318886205,3,0.10000000000000009,3,0.037922957629406936
2025-09-18,-0.009883208338913459,3,0.10000000000000009,3,0.03754815713832772
2025-09-19,0.0037413010086658196,3,0.10000000000000009,3,0.03768863609650289
2025-09-22,-0.005923785125244571,3,0.10000000000000009,3,0.03746537671460366
2025-09-23,-0.00712351406507133,3,0.10000000000000009,3,0.03719849157662399
2025-09-24,-0.007137913355549789,2,0.4,2,0.0369329719667929
2025-09-25,0.009654746974523369,3,0.10000000000000009,3,0.03728955046614945
2025-09-26,-0.01334432823813354,3,0.10000000000000009,3,0.036791946464876706
2025-09-29,-0.00684327667503135,3,0.10000000000000009,3,0.03654016899580461
2025-09-30,-0.00478872483941478,2,0.4,2,0.03636518818089799
2025-10-09,-0.00252100840336131,1,0.7,1,0.03627351123590413
2025-10-10,-0.00798305084745765,2,0.4,2,0.03598393795129208
2025-10-13,-0.00294800786135427,1,0.7,1,0.03587785701932918
2025-10-14,-0.009,1,0.7,1,0.03555495630615522
2025-10-15,0.00896030245746687,1,0.7,1,0.03587353946852039
2025-10-16,-0.00424008810572682,1,0.7,1,0.035721432500509596
2025-10-17,-0.009,1,0.7,1,0.03539993960800501
2025-10-20,-0.007373998462818119,2,0.4,2,0.03513890050775173
2025-10-21,0.00730282375851993,2,0.4,2,0.03539551370522801
2025-10-22,-0.0039241212163788,2,0.4,2,0.0352566174189327
2025-10-23,-0.00080171733012999,2,0.4,2,0.035228351577746175
2025-10-24,0.0042814476549621295,2,0.4,2,0.0353791799209969
2025-10-27,0.00131026434579144,2,0.4,2,0.03542553599903072
2025-10-28,-0.004626656569481249,2,0.4,2,0.03526163421017341
2025-10-29,-0.00676077626422842,2,0.4,2,0.035023238190567366
2025-10-30,-0.00441506566018617,3,0.10000000000000009,3,0.03486860829432367
2025-10-31,0.00332682625130745,3,0.10000000000000009,3,0.03498461009574379
