trade_date,daily_ret,avg_prob,n,label_hit_any
2020-05-07,-0.004903919079490366,0.7162594686139099,3,1
2020-05-08,0.00875700253242255,0.6801622455818477,2,1
2020-05-11,0.0033885363287744995,0.76964609093892,2,1
2020-05-12,-0.0137150077543014,0.8997677031264112,3,1
2020-05-13,-0.003998535703997667,0.8399716468337625,3,1
2020-05-14,-0.014857191768390532,0.897736673170745,3,1
2020-05-15,-0.0077339128872231,0.9084250871151734,3,1
2020-05-18,-0.0012442049568470665,0.8948736796571692,3,1
2020-05-19,0.0093837521592152,0.7378972645761847,2,1
2020-05-20,0.0038119774531978,0.6968045219353018,3,1
2020-05-21,-0.0208011462714027,0.8852977832449325,3,1
2020-05-22,-0.02763865229493043,0.9594974744669552,3,1
2020-05-25,-0.001960288590705267,0.8428679851510705,3,1
2020-05-26,0.0095653342768369,0.8912551394752452,3,1
2020-05-27,-0.0031026741872077334,0.8768519503952148,3,1
2020-05-28,0.0019354838709677,0.9579757848857346,1,1
2020-05-29,-0.00017914656541930018,0.8741315694448022,2,1
2020-06-02,0.0105459057071959,0.653206550081526,1,1
2020-06-04,-0.00611847303023765,0.7633943785658037,2,1
2020-06-05,0.00211116716299705,0.7084524883241408,2,1
2020-06-08,0.0027065536611261,0.7059281714969021,3,1
2020-06-09,0.002646519466659133,0.7293807801150831,3,1
2020-06-10,-0.014030323846274801,0.7553679718350458,2,1
2020-06-11,-0.021975192722312267,0.6984316087132844,3,1
2020-06-12,-0.0035734847861752504,0.6655002694596064,2,1
2020-06-15,-0.0212064120647085,0.9246302187592884,3,1
2020-06-16,0.0097164425949637,0.6819496998543655,2,1
2020-06-17,-0.00012054528323523327,0.8053456622922792,3,1
2020-06-18,-0.0017656255914947332,0.6722207468080122,3,1
2020-06-19,0.0066899360093075,0.7742813770206011,1,1
2020-06-23,-0.0062015549167029,0.7269983852796535,3,1
2020-06-29,-0.0072807197822887,0.6126487587318643,2,1
2020-06-30,0.0012453300124533,0.6577638028184171,1,1
2020-07-09,-0.015625,0.5888492739261952,1,1
2020-07-10,-0.0407141476887242,0.8808691461746813,3,1
2020-07-13,0.00450173446862175,0.9027492741170244,2,1
2020-07-14,-0.0294414801280776,0.9692946812962827,3,1
2020-07-15,-0.027875176137932833,0.9796075408677893,3,1
2020-07-16,-0.0180039791081819,0.9755447623097453,3,1
2020-07-17,0.0043355259362437,0.9025928056719356,3,1
2020-07-20,0.0215509749045853,0.7438605191769614,2,1
2020-07-21,-0.0037000892281303,0.8677026342487394,3,1
2020-07-22,0.0010499835180703332,0.7980497686519076,3,1
2020-07-23,-0.02461910140548257,0.9448581632867619,3,1
2020-07-24,-0.04184643383304626,0.9900269556130844,3,1
2020-07-27,-0.009675966337653033,0.9616202523104646,3,1
2020-07-28,0.004298124840556434,0.9454900099620112,3,1
2020-07-29,0.0216733621767064,0.8152607886459672,3,1
2020-07-30,-0.0177813437753555,0.9753740847311952,3,1
2020-07-31,0.0011724765830657669,0.8709317061491967,3,1
2020-08-03,0.0059382422802851,0.7094736156794754,1,1
2020-08-04,-0.0075370121130552,0.8577622165431312,1,1
2020-08-05,-0.014109017038567033,0.9268604930465999,3,1
2020-08-06,0.0072538176652630505,0.7289725764424979,2,1
2020-08-07,-0.015819581575621865,0.8687264281592334,3,1
2020-08-10,0.011442003966010734,0.7320883775077375,3,1
2020-08-11,-0.008288820821790133,0.9218146758884073,3,1
2020-08-12,-0.0002539460493481997,0.755777161217231,2,1
2020-08-13,-0.005290714984722066,0.8488998539524729,3,1
2020-08-17,0.0145310435931307,0.7413185410539452,1,0
2020-08-18,-0.010295004468022834,0.7556297128354234,3,1
2020-08-19,-0.011890348988389534,0.7934219609683443,3,1
2020-08-20,-0.021779004563324766,0.8797799706263532,3,1
2020-08-21,-0.0113544201135442,0.7384487391135967,1,1
2020-08-24,-0.006687234326116734,0.818926614631958,3,1
2020-08-25,0.0025480822523206996,0.708240063808404,3,1
2020-08-26,-0.018228209727719533,0.8795722917747515,3,1
2020-08-27,0.0004562460078474499,0.7103508235494593,2,1
2020-08-28,0.0073669849931787,0.8712683080431282,1,1
2020-08-31,-0.0035662694113398,0.7919977058719583,2,1
2020-09-01,0.004875314523509251,0.6627908905277862,2,1
2020-09-02,-0.0091027161778137,0.7401316957847277,2,1
2020-09-03,-0.021486927021790368,0.8104566818269973,3,1
2020-09-04,-0.0027302136065405665,0.800984128392952,3,1
2020-09-07,-0.011506124458984067,0.8446498282458773,3,1
2020-09-08,0.0067096264526017,0.7282843787612449,2,1
2020-09-09,-0.021011805209384532,0.8437278679683109,3,1
2020-09-10,-0.0076207997645348505,0.8004768474924978,2,1
2020-09-11,-0.008698130638291867,0.7975103868006689,3,1
2020-09-14,0.0096774193548385,0.7475315793784618,1,1
2020-09-15,0.00293373324376485,0.7870682406691657,2,1
2020-09-16,0.0041623764130157,0.6315468627805876,2,1
2020-09-17,-0.0028943560057885,0.6813425219114677,1,1
2020-09-21,-0.0152063721940622,0.652888403811054,1,0
2020-09-22,-0.02096504452599397,0.7746156941043086,3,1
2020-09-23,-0.0042194424953371,0.6714761749018742,2,1
2020-09-24,-0.023679514862268502,0.8808134552146507,3,1
2020-09-25,0.0011809758975579333,0.8183291889641869,3,1
2020-09-28,-0.0019678036214716,0.8043164559246265,3,1
2020-09-29,-0.009971953445406266,0.7835956184973843,3,1
2020-09-30,0.005891179252972968,0.7696377284760848,3,1
2020-10-09,0.0007745933384972,0.7665122898586876,1,1
2020-10-14,-0.0063782584581254,0.5513899067950169,1,0
2020-10-16,-0.0065248226950354,0.7283874390557021,1,1
2020-10-19,-0.008353654687222451,0.7189217909095349,2,1
2020-10-20,-0.0010863216041952497,0.6989268961197694,2,1
2020-10-21,-0.0237210631609032,0.9510333393805585,1,1
2020-10-22,-0.0097976654383816,0.744660250645635,3,1
2020-10-23,0.0033889979234052498,0.6774334698935991,2,1
2020-10-26,-0.0079587762465195,0.7516633212120863,3,1
2020-10-27,-0.00588989299097655,0.7679359791468585,2,1
2020-10-28,-0.0094985881748951,0.8679641381539429,2,1
2020-10-29,0.0025436027496899506,0.7263427896991459,2,1
2020-10-30,-0.0080471679366326,0.872597222101595,2,1
2020-11-02,-0.004556526862033301,0.8166411864996561,2,1
2020-11-03,0.0068399452804379,0.6982638016523388,1,1
2020-11-04,0.0006971892841457,0.6064284995813836,2,1
2020-11-05,-0.0179512638416748,0.7856856219116872,2,1
2020-11-06,-0.0038860103626942,0.8033840963746165,1,1
2020-11-09,0.0130039011703511,0.5531720784959764,1,1
2020-11-10,-0.0090024330900244,0.7159811182520996,1,1
2020-11-11,-0.025790754069462452,0.9251809154694881,2,1
2020-11-12,-0.013353334852436,0.7536662260476711,2,1
2020-11-13,-0.02425756335916113,0.8783899055151524,3,1
2020-11-16,0.0014863398442487002,0.8295579286341279,2,1
2020-11-17,-0.0008879342623119985,0.8001118810865482,2,1
2020-11-18,0.0007453416149068,0.7498413849956228,1,1
2020-11-19,0.000248262164846,0.9674849433831764,1,1
2020-11-20,0.0007446016381236,0.9352959840967346,1,1
2020-11-23,0.0044642857142858,0.8992721003687266,1,1
2020-11-24,-0.0545679012345678,0.9967862139627672,1,1
2020-11-25,-0.011799274872020366,0.7419297393858352,3,1
2020-11-26,-0.007142857142857,0.9821971846404488,1,1
2020-11-27,0.0045297095656808,0.9684573463436094,1,1
2020-11-30,-0.0055925301586136995,0.8604925498043121,3,1
2020-12-01,0.0207336523125996,0.7744199903516384,1,1
2020-12-02,-0.0128460511523327,0.8175726411694679,2,1
2020-12-03,0.0032809339405281,0.7145818285707647,2,1
2020-12-04,-0.013115365195053567,0.845890027915802,3,1
2020-12-07,-0.01710616162536367,0.9056335973189878,3,1
2020-12-08,-0.0037137333216710664,0.9074656933191458,3,1
2020-12-09,-0.0101943716665311,0.9333990949023971,3,1
2020-12-10,-0.002375052494764034,0.9032750006543327,3,1
2020-12-11,-0.004333221412746267,0.8778206991491991,3,1
2020-12-14,0.008910229394981333,0.726889518244687,3,1
2020-12-15,0.0007001641169970332,0.752183873381036,3,1
2020-12-16,-0.00542758349546855,0.749625595174958,2,1
2020-12-17,-0.0016808358125396002,0.7184691134680512,3,1
2020-12-18,-0.005991967741573866,0.7277324120913414,3,1
2020-12-21,-0.0031238582389478,0.7933610112642915,2,1
2020-12-22,-0.025192908991207467,0.9139025451292918,3,1
2020-12-23,0.002407080544865067,0.7769829234304707,3,1
2020-12-24,0.0045532655126048,0.7370506164775934,3,1
2020-12-25,-0.010653514047181734,0.8306719069078451,3,1
2020-12-28,-0.01784528181828335,0.8701219214101531,2,1
2020-12-29,0.0005529330775528502,0.7913355987562037,2,1
2020-12-30,0.00817182293010485,0.7550099633318301,2,1
2021-01-04,-0.021016768634000798,0.7128090652315375,2,1
2021-01-05,-0.013803056027164551,0.7702486183649477,2,1
2021-01-08,-0.0028344671201814,0.7241712151305221,1,1
2021-01-11,-0.01087434557318605,0.7185866863236559,2,1
2021-01-13,-0.0160085378868728,0.6613897509617578,1,0
2021-01-14,-0.03347573624833045,0.9008873479599924,2,1
2021-01-15,-0.0115777525539159,0.8495613987714613,1,1
2021-01-18,-0.0039044556729445,0.8108089907925937,1,1
2021-01-19,-0.0176125244618396,0.6397905092549746,1,1
2021-01-20,-0.00693588992510735,0.7427284875850828,2,1
2021-01-22,-0.01621548137898,0.7921233747579308,2,1
2021-01-25,-0.0043257859896237,0.7689344020117788,3,1
2021-01-26,-0.0153975262112125,0.9328262571553779,3,1
2021-01-27,0.018289642573026236,0.6862940261028219,3,1
2021-01-28,-0.024836707460805532,0.902851080758464,3,1
2021-01-29,0.0,0.9945718594896696,1,1
2021-02-01,0.0247020585048753,0.9536464766127358,1,1
2021-02-02,-0.013157174487552799,0.8547424930260934,2,1
2021-02-03,-0.1011489536315141,0.9999732396646384,1,1
2021-02-04,0.0024448495441220493,0.7980671203542344,2,1
2021-02-05,-0.0362416107382551,0.9977152076414944,1,1
2021-02-08,0.0038644366161128,0.9328238285010942,2,1
2021-02-09,-0.0097604259094942,0.6697693692457549,1,1
2021-02-10,-0.0340501792114695,0.992745465841678,1,1
2021-02-18,0.0004612816025199012,0.7359036086946275,2,1
2021-02-19,-0.0204174228675135,0.9843014408192844,1,1
2021-02-22,-0.04843999493223396,0.9315792297072404,2,1
2021-02-23,-0.022365805168986,0.9985543351330072,1,1
2021-02-24,-0.03615187012576097,0.9493874433122599,3,1
2021-02-25,-0.021320145481408148,0.9973170391417006,2,1
2021-02-26,-0.028708138764946767,0.9859978258641866,3,1
2021-03-01,0.010402200194430868,0.9021458581840118,3,1
2021-03-02,0.0018311627009692001,0.9439048775587008,3,1
2021-03-03,-0.0038712306438467,0.990963762350742,1,1
2021-03-04,-0.0164984375847548,0.8534539866509564,3,1
2021-03-05,-0.01254424874658665,0.9599375603772331,2,1
2021-03-08,-0.027945262916891398,0.904473623393451,3,1
2021-03-09,-0.0126732833129931,0.9985208858099921,2,1
2021-03-10,-0.009534557169284833,0.929928914174995,3,1
2021-03-11,0.029539343367442947,0.979380262191526,2,1
2021-03-12,0.017625063921253,0.8323316029539924,3,1
2021-03-15,-0.0232648412249932,0.986891915749954,2,1
2021-03-16,-0.01155783413267045,0.9682356966382918,2,1
2021-03-17,-0.011818810619962131,0.9031064604918462,3,1
2021-03-18,0.0187725173581636,0.9202731953144191,2,1
2021-03-19,-0.045344848330374075,0.9883713041019343,3,1
2021-03-22,0.041223853930222064,0.7889753695901538,3,1
2021-03-23,-0.012442273041932335,0.9367579650282124,3,1
2021-03-24,-0.0231395609836921,0.9511033409701909,3,1
2021-03-25,0.002257379943381,0.948176172345596,3,1
2021-03-26,0.00997086721837015,0.7253878706504653,2,1
2021-03-29,-4.802938473529953e-05,0.9096564732443314,3,1
2021-03-30,0.01687987741352655,0.754893736177211,2,1
2021-03-31,0.00562080833006035,0.680984085648089,2,1
2021-04-01,-0.0113476466885797,0.7228622195250263,2,1
2021-04-02,-0.0095536605949378,0.816190559053588,3,1
2021-04-06,0.0029346968739104,0.6751311678098387,3,1
2021-04-07,-0.008801631279769568,0.8865115791374195,3,1
2021-04-08,-0.008238134834370133,0.8853023930488292,3,1
2021-04-09,-0.010689493984802801,0.9231597398019943,3,1
2021-04-12,-0.0298177806112633,0.9907778651195207,2,1
2021-04-13,0.0057242097395071995,0.8379956163416223,3,1
2021-04-14,0.005817588470473401,0.8003954799255868,3,1
2021-04-15,-0.022790245857206796,0.9648529668496354,3,1
2021-04-16,0.004901695400630067,0.8284489281938926,3,1
2021-04-19,0.0046511627906977,0.7466237799175031,1,1
2021-04-20,-0.0092592592592593,0.9001809238143869,1,1
2021-04-21,0.0093457943925234,0.6268820511045098,1,1
2021-04-22,-0.0173611111111111,0.826959339008656,1,1
2021-04-23,0.0,0.7779357409372069,1,1
2021-04-26,-0.00875871231119585,0.811127166670471,2,1
2021-04-27,-0.0035885167464113,0.8512224884684048,1,1
2021-04-28,0.005545022987484533,0.7010369722182395,3,1
2021-04-29,0.0086956521739129,0.6158240273466876,1,0
2021-04-30,-0.0280561336808989,0.904300190974148,3,1
2021-05-06,-0.0010355105873987673,0.7271066199169846,3,1
2021-05-07,-0.01724468127331905,0.9042156162457337,2,1
2021-05-10,-0.004748085971525667,0.8240850982221194,3,1
2021-05-11,-0.0013966916354556996,0.8564001167969945,2,1
2021-05-12,0.00478580542458915,0.6387106925373072,2,1
2021-05-13,-0.011874718929038101,0.7309793661883403,3,1
2021-05-14,0.0206631427198462,0.6862628193046756,1,1
2021-05-17,0.0131826741996234,0.6135384975093852,1,1
2021-05-19,-0.0162821355916742,0.754023081077471,3,1
2021-05-20,0.0048899755501223,0.5844867751431992,1,1
2021-05-21,-0.014543123436286567,0.7765336039011709,3,1
2021-05-24,-0.0002335357309668,0.6601822156257426,2,1
2021-05-27,-0.0071343638525565,0.6425838258990438,1,1
2021-05-31,-0.011446697519307599,0.5963613225147271,2,1
2021-06-01,-0.01113103469235795,0.7990251425938992,2,1
2021-06-02,-0.0071320288536451,0.8770246798380771,2,1
2021-06-03,-0.0154749559629979,0.908004734206771,2,1
2021-06-04,0.0024050850369352,0.9322756302100156,1,1
2021-06-07,0.0015980423351881498,0.7975669338412028,2,1
2021-06-08,-0.0118323191345502,0.9350702275900372,1,1
2021-06-09,0.0049606568593909,0.8621119210363195,1,1
2021-06-10,-0.0199379707576428,0.6620034127477631,1,1
2021-06-11,-0.049012162786002095,0.9726754707983449,2,1
2021-06-15,0.0027432386722146,0.7745024195708495,3,1
2021-06-16,-0.004011550051987968,0.8034822415844104,3,1
2021-06-17,-0.0075542965061379,0.9305336599872472,1,1
2021-06-18,-0.0214081826831589,0.9586831656357828,1,1
2021-06-21,-0.0238210986874088,0.9532267869225788,1,1
2021-06-23,0.0081378650071803,0.7333473464649766,1,1
2021-06-24,-0.0028490028490028,0.799872184451041,1,1
2021-06-28,-0.0272556390977444,0.8399423010115818,1,1
2021-06-29,-0.0212560386473429,0.91778378451356,1,1
2021-06-30,0.0138203356367225,0.7850032769858013,1,1
2021-07-01,0.0282375851996106,0.5554941115550667,1,1
2021-07-02,-0.039087666685395296,0.7822532000802911,2,1
2021-07-05,0.0126710593005574,0.9073046664270752,1,1
2021-07-06,0.0360360360360358,0.6285551439585996,1,1
2021-07-07,-0.0111111111111111,0.9438932157580714,1,1
2021-07-08,-0.0309654515667958,0.8056558252857489,2,1
2021-07-09,-0.0123520329387544,0.9865257720935788,1,1
2021-07-12,-0.0057321521625848,0.9854170730112288,1,1
2021-07-13,-0.0020964360587001,0.990071373180455,1,1
2021-07-14,-0.0175585196672184,0.8658650569414276,2,1
2021-07-15,0.0460385438972161,0.7967276715377697,1,1
2021-07-16,-0.014329580348004,0.9696139009979268,1,1
2021-07-19,-0.0067497403946003,0.9484980534133748,1,1
2021-07-20,-0.0319801993833713,0.9943330784183915,2,1
2021-07-21,-0.0080993520518357,0.9837040199998698,1,1
2021-07-22,-0.0038105606967883,0.9928628131499616,1,1
2021-07-23,-0.0153005464480875,0.9965246785634448,1,1
2021-07-26,-0.050849357309612146,0.9168651744434196,2,1
2021-07-27,-0.05479754402156747,0.9669609502007753,3,1
2021-07-28,0.0019253929323255336,0.9044591710100672,3,1
2021-07-29,0.0095754277143445,0.9651506781452858,3,1
2021-07-30,-0.014604545443750934,0.9665367999809426,3,1
2021-08-02,0.019827638399637366,0.8631018907110718,3,1
2021-08-03,-0.006909844990076567,0.8582465519884882,3,1
2021-08-04,-0.002732366180579,0.890399588281678,3,1
2021-08-05,-0.015795078163028,0.8740678597836875,3,1
2021-08-06,0.0019992851265865003,0.9769133986319423,2,1
2021-08-09,0.0352842977871528,0.8638398749523479,2,1
2021-08-10,0.025502765106074902,0.8309097718589378,2,1
2021-08-11,-0.00546114343312515,0.8997227941963923,2,1
2021-08-12,-0.0009547823528856,0.79939032387983,2,1
2021-08-13,-0.01768402154398565,0.8283797706085165,2,1
2021-08-16,-0.007249109732328649,0.9523271447482401,2,1
2021-08-17,-0.016934154560038665,0.8525502161411191,3,1
2021-08-18,0.02778645214728455,0.8987967752865922,2,1
2021-08-19,-0.004061320475617966,0.8664726760312539,3,1
2021-08-20,-0.0319224450248547,0.9964461242657784,2,1
2021-08-23,0.01232926607175375,0.9330133603463309,2,1
2021-08-24,-0.004210220673635251,0.8916684773292256,2,1
2021-08-25,0.0017669885892776498,0.7981514657400732,2,1
2021-08-26,-0.02002081608953995,0.9141389023353685,2,1
2021-08-27,-0.010606543215238849,0.9431239501567021,2,1
2021-08-30,-0.02781395117371327,0.9681043671956293,3,1
2021-08-31,0.00780637834956825,0.9416823451604492,2,1
2021-09-01,-0.0029383487679250997,0.9842861966552872,2,1
2021-09-02,-0.0006615961530412502,0.993793197955926,2,1
2021-09-03,-0.01626606836087895,0.9904443921842037,2,1
2021-09-06,0.037371377252412546,0.7497697141920385,2,1
2021-09-07,0.02403249316293355,0.8798559352367545,2,1
2021-09-08,0.00232845781555255,0.8659709931019672,2,1
2021-09-09,-0.01240052005358105,0.896084116471128,2,1
2021-09-10,0.0927895981087467,0.6632475653611873,1,1
2021-09-13,-0.0126357847708949,0.8795191302435577,2,1
2021-09-14,-0.027937925106620267,0.8963617895518659,3,1
2021-09-15,0.0010444631121503001,0.8048065482677395,3,1
2021-09-16,-0.016444830058091536,0.8991638837870474,3,1
2021-09-17,-0.005791247955811567,0.7632653049868492,3,1
2021-09-22,-0.014301015704104832,0.8583355322793648,3,1
2021-09-23,-0.0094339622641509,0.8407293722173067,2,1
2021-09-24,-0.011237425058429,0.8439423797351795,2,1
2021-09-27,0.0072036673215455,0.806150967671931,2,1
2021-09-28,0.0258231116849581,0.9961618647201594,1,1
2021-09-29,0.0113278791692887,0.982762709097332,1,1
2021-09-30,-0.011562034025666,0.8236601624760566,2,1
2021-10-08,0.044794952681388,0.707995651039835,1,1
2021-10-11,0.0458937198067634,0.6932268838909854,1,1
2021-10-12,-0.0028868360277136,0.9127151576567888,1,1
2021-10-13,0.0133178922987839,0.7776574684244383,1,1
2021-10-14,-0.0211428571428572,0.98540852774183,1,1
2021-10-15,0.0262697022767075,0.9141968187007276,1,1
2021-10-18,-0.014275589464698766,0.7299347515800741,3,1
2021-10-19,0.007473429684353551,0.7679792864287356,2,1
2021-10-20,-0.0164094086927223,0.8460913506392695,2,1
2021-10-21,0.0122407304071142,0.8267473820439967,2,1
2021-10-22,0.0022321428571427,0.958478624386338,1,1
2021-10-25,-0.0033033871879601003,0.6503826507196123,2,1
2021-10-26,-0.003880266075388,0.5859644424489682,1,1
2021-10-27,-0.0307912638739705,0.8412282380593744,1,1
2021-10-28,-0.0112107623318384,0.5744197308262173,1,1
2021-10-29,-0.0124716553287981,0.5567622956665138,1,1
2021-11-01,-0.01786317282366455,0.8918568293540583,2,1
2021-11-02,-0.03580639787966577,0.963041409827429,3,1
2021-11-03,-0.0053645997824332495,0.9411617312313345,2,1
2021-11-04,-0.006430101138192651,0.9366007376955725,2,1
2021-11-05,-0.00586465084733575,0.9060710775976695,2,1
2021-11-08,-0.0098982630543627,0.9170247773307632,2,1
2021-11-09,0.0071707953063884,0.9992427368135568,1,1
2021-11-10,-0.0084444078766935,0.8764231285984753,2,1
2021-11-11,0.0620104438642297,0.9979038119607564,1,1
2021-11-12,-0.0079558498271575,0.8200082953660043,2,1
2021-11-15,0.0098826436071648,0.8176101908019094,1,1
2021-11-16,-0.01243456627473055,0.8334552747875021,2,1
2021-11-17,-0.006815365551425,0.953489426813968,1,1
2021-11-18,-0.015073312441109899,0.8009116617283439,3,1
2021-11-19,0.022264631043257,0.9818860092843262,1,1
2021-11-22,-0.00441046776403305,0.881148951410827,2,1
2021-11-23,-0.0053804564219702995,0.7797189572617915,2,1
2021-11-24,-0.0198572899058065,0.9848834887940745,2,1
2021-11-25,-0.010211249995235351,0.9188852903027521,2,1
2021-11-26,-0.007076938954643667,0.8617196431296833,3,1
2021-11-29,-0.010934453661412399,0.9868079058050278,2,1
2021-11-30,-0.0029352819446049334,0.7668047937019149,3,1
2021-12-01,0.00837608830845765,0.7373034356704473,2,1
2021-12-02,-0.01090036410202495,0.9405631081492214,2,1
2021-12-03,0.0054380238555771,0.7669134342967228,2,1
2021-12-06,0.006739751761445751,0.926361875420209,2,1
2021-12-07,0.0077020486569438495,0.8913777493044477,2,1
2021-12-08,0.01204053310632765,0.5949694676619883,2,1
2021-12-09,0.0115277516549151,0.6079439116296608,2,1
2021-12-10,-0.012235003165345799,0.8027109722380319,2,1
2021-12-13,-0.0064105835536854006,0.7042903523702698,3,1
2021-12-14,-0.026872732614527953,0.8404966481588374,2,1
2021-12-15,-0.00078210985826085,0.8111425076871784,2,1
2021-12-16,0.0008554258878994501,0.8677877657943114,2,1
2021-12-17,-0.0152410318481869,0.8631551250899937,3,1
2021-12-20,-0.0052847327337874,0.9619885904125974,2,1
2021-12-21,-0.00152841169221705,0.9414849380475812,2,1
2021-12-22,-0.0068396870272914995,0.9358115129077402,2,1
2021-12-23,-0.00689845258828185,0.955407116753467,2,1
2021-12-24,0.0019500459629552,0.8340396062566295,2,1
2021-12-27,-0.0059093893630991,0.969736547222614,1,1
2021-12-28,-0.0033025099075297,0.9821555413930918,1,1
2021-12-29,-0.02017628190170395,0.871289127715352,2,1
2021-12-30,0.0047716428084525,0.9858029835323358,1,1
2021-12-31,-0.0230664857530529,0.9991977089852044,1,1
2022-01-04,0.0124999999999999,0.9919341857857282,1,1
2022-01-05,0.0336076817558299,0.9739064835792772,1,1
2022-01-06,-0.016016403613091652,0.8959844315446497,2,1
2022-01-07,-0.01114985539973895,0.9728337913136894,2,1
2022-01-10,0.0032197280751754,0.9185567581671951,2,1
2022-01-11,-0.002490399439831749,0.9386534583715482,2,1
2022-01-12,-0.016968116410545298,0.99156871634726,2,1
2022-01-13,-0.0174334863199758,0.9850972295395088,2,1
2022-01-14,-0.0225801157563487,0.8848703830038579,3,1
2022-01-17,0.003961538750487132,0.8263120698251463,3,1
2022-01-18,0.021145611475192297,0.8823977312070959,2,1
2022-01-19,-0.0048204877518875,0.9323124861726612,2,1
2022-01-20,0.02961193913529165,0.7532583633843463,2,1
2022-01-21,-0.0068240046595117,0.7929507997283192,2,1
2022-01-24,-0.0003766831083939501,0.7700824315622434,2,1
2022-01-25,-0.026530107615861467,0.8772883924688241,3,1
2022-01-26,-0.002739822408591233,0.8494405663528383,3,1
2022-01-27,-0.027131106764516733,0.9584826744178233,3,1
2022-01-28,-0.0227796441490902,0.9577238543132013,3,1
2022-02-07,0.024975567960008233,0.8461146464627295,3,1
2022-02-08,0.0237091007858004,0.9077089072151774,2,1
2022-02-09,0.01404480180303645,0.955142451516896,2,1
2022-02-10,0.01008960373866335,0.8097884856142212,2,1
2022-02-14,-0.0269256376113899,0.8342857755352446,2,1
2022-02-15,-0.01384622814643095,0.897239532632798,2,1
2022-02-16,0.007398339259818401,0.8197286122838037,2,1
2022-02-17,-0.0017548684631639498,0.9054484069600641,2,1
2022-02-18,0.0244072524407252,0.9208565790370248,1,1
2022-02-21,-0.0137039264541627,0.8068527553840454,2,1
2022-02-22,-0.011102569926099249,0.7803137029529472,2,1
2022-02-23,-0.0042224163258824,0.8519027079502226,2,1
2022-02-24,-0.018329799005843136,0.8961304876805407,3,1
2022-02-25,-0.0007867431776465666,0.9096120535452713,3,1
2022-02-28,-0.007576313372217234,0.9317987876932817,3,1
2022-03-01,0.00982549921833015,0.8497595097230659,2,1
2022-03-02,-0.01010318498766085,0.8948959486023995,2,1
2022-03-03,0.0022058823529411,0.9712518890048496,1,1
2022-03-04,-0.0182255528770569,0.8160977026490381,2,1
2022-03-07,-0.04096527916698567,0.9347015313194339,3,1
2022-03-08,-0.0204816799837105,0.977651576442497,3,1
2022-03-09,-0.020788875391201,0.9845969074446422,3,1
2022-03-10,0.0242493291872173,0.9559196946429463,3,1
2022-03-11,0.010160593606408632,0.9770340995906633,3,1
2022-03-14,-0.022034703840232633,0.9790333072130042,3,1
2022-03-15,-0.03821500367292793,0.985983597166598,3,1
2022-03-16,0.0344817422911091,0.8066026775469893,3,1
2022-03-17,0.009880530955016334,0.8355415684813887,3,1
2022-03-18,0.013324535741931367,0.8709594475603429,3,1
2022-03-21,-0.0152277268655688,0.984466006349939,2,1
2022-03-22,0.011111111111111,0.6860401791812963,1,1
2022-03-23,-0.0083810648600345,0.842872017779329,3,1
2022-03-24,0.0023523501009717666,0.8305953091850607,3,1
2022-03-25,-0.012738861063488502,0.9613294468824877,3,1
2022-03-28,-0.004834228623752467,0.9059807161276859,3,1
2022-03-29,-0.005640535328914134,0.9640171682816431,3,1
2022-03-30,0.028773521361358998,0.7530484101378953,3,1
2022-03-31,0.003535545870665,0.8177619121235212,3,1
2022-04-01,-0.0041152263374486,0.8684520307888302,1,1
2022-04-06,-0.0169638973466723,0.786166995392008,1,1
2022-04-07,-0.0121681415929204,0.8694192147830442,1,1
2022-04-08,-0.0040313549832027,0.9489703329613212,1,1
2022-04-11,-0.033041621368464946,0.8399774918921576,2,1
2022-04-12,-0.00702249573391865,0.9105305906949461,2,1
2022-04-13,-0.008867617019427133,0.8696917037808035,3,1
2022-04-14,-0.0009682885499878,0.98470444833056,1,1
2022-04-15,-0.0021807608432276,0.9891285463353676,1,1
2022-04-18,-0.0334297904969372,0.9437051934906465,2,1
2022-04-19,0.00025086352154379994,0.8992858166118878,2,1
2022-04-20,0.0009591518010818999,0.8023141340217026,2,1
2022-04-21,-0.01340462406004145,0.9499145266092173,2,1
2022-04-22,-0.0041611546293682,0.8591969187275881,2,1
2022-04-25,-0.0724743166260221,0.9785143163622164,3,1
2022-04-26,-0.016064791743545134,0.9132572300006391,3,1
2022-04-27,0.0275445277629836,0.9372760156884579,2,1
2022-04-28,-0.00910902362653,0.9495287336160799,2,1
2022-04-29,0.018429401748993046,0.9972352226023177,2,1
2022-05-05,0.0008196721311474,0.9434758151663487,2,1
2022-05-06,-0.02093807981448753,0.9498986968423303,3,1
2022-05-09,-0.018447616824946767,0.9572278868847066,3,1
2022-05-10,0.0058376493599785,0.9537266581649502,3,1
2022-05-11,0.003728989426288867,0.9711819186803917,3,1
2022-05-12,-0.009264799784118235,0.9459101391953477,3,1
2022-05-13,0.0051467355525334005,0.999296344647942,2,1
2022-05-16,-0.013888150278446998,0.8845685224794071,3,1
2022-05-17,0.0188970456530209,0.9960743365150129,2,1
2022-05-18,-0.0005227041153579333,0.9277841875349536,3,1
2022-05-19,-0.009876580900304932,0.9117938534660924,3,1
2022-05-20,0.024206366506450402,0.9540132772045703,2,1
2022-05-23,-0.004131526003146834,0.8865516092933451,3,1
2022-05-24,-0.03266634848277023,0.9680792817218556,3,1
2022-05-25,0.0006033084790731,0.9285969075164345,3,1
2022-05-26,-0.004782396081095099,0.8852873668727499,2,1
2022-05-27,-0.0017115832144733,0.8666447189885806,2,1
2022-05-30,-0.01330654333156415,0.9052007075046122,2,1
2022-05-31,0.0066666666666665,0.9890691992160944,1,1
2022-06-01,-0.0056260730929605,0.8221761260721203,2,1
2022-06-02,-0.00696705426356585,0.8291193565615513,2,1
2022-06-06,0.0069342448846433005,0.8078281175483089,2,1
2022-06-07,-0.0008271298593879,0.8483929135363495,1,1
2022-06-08,-0.0015576323987538,0.7437259306081301,2,1
2022-06-09,-0.007548509760772799,0.7065611408832433,2,1
2022-06-10,-0.00276332593683715,0.6390164060997433,2,1
2022-06-13,-0.02911312644583845,0.9832828010322604,2,1
2022-06-14,0.0177514792899406,0.5941022080197755,1,1
2022-06-16,-0.02021972631594135,0.8860229666884052,2,1
2022-06-17,0.0008090614886731,0.7020093135970046,1,1
2022-06-20,-0.0088924818108325,0.7708008970438608,1,1
2022-06-21,0.0024469820554648,0.7503073048638698,1,1
2022-06-22,-0.0156384557024993,0.8310573785565107,2,1
2022-06-23,0.01,0.7031923780384918,1,1
2022-06-24,0.0024752475247524,0.7269402390060299,1,1
2022-06-29,-0.0359477124183007,0.8773283224398942,1,1
2022-06-30,-0.0092009685230023,0.7305621255691891,1,1
2022-07-01,-0.0014662756598241,0.7372481053555509,1,1
2022-07-06,-0.02094401063458435,0.852157055791413,2,1
2022-07-07,-0.00674686322931475,0.8010883601225451,2,1
2022-07-08,0.0097244732576986,0.7284234393962757,1,1
2022-07-11,-0.0197587362301681,0.9172302662621177,2,1
2022-07-12,-0.0096839685430005,0.9311533899491334,2,1
2022-07-13,-0.014593676242396167,0.8592791751612493,3,1
2022-07-14,-0.021025483767320566,0.8703387532715086,3,1
2022-07-15,-0.016875409301831734,0.9578706517319379,3,1
2022-07-18,0.0134408602150537,0.9704504568476328,1,1
2022-07-19,0.00572616217134465,0.7887312239244213,2,1
2022-07-20,-0.0028975544723575,0.7492918689941006,2,1
2022-07-21,-0.017884936544162632,0.7854967626045481,3,1
2022-07-22,-0.0049017616492455,0.8341319231842408,2,1
2022-07-25,0.00118934220947395,0.8401931238989309,2,1
2022-07-26,0.0082041932543299,0.9588570237663288,1,1
2022-07-27,-0.00858451245397075,0.7996782971649279,2,1
2022-07-28,0.0082266910420474,0.8813907296867789,1,1
2022-07-29,-0.018166907344501198,0.8783818613149,3,1
2022-08-01,-0.014419152381334701,0.8535003756617441,2,1
2022-08-02,-0.025604009973484467,0.973300885161816,3,1
2022-08-03,-0.009871079281273367,0.9482278295110763,3,1
2022-08-04,0.008168718543774232,0.8622395095637264,3,1
2022-08-05,0.01454898157129,0.9519160067980432,1,1
2022-08-08,-0.007213178591200367,0.8170545948522255,3,1
2022-08-09,-0.0077294685990337,0.970180842533922,1,1
2022-08-10,-0.011331810034085366,0.8007590887512018,3,1
2022-08-11,0.0284035259549459,0.6463730848817684,1,1
2022-08-12,0.0010621815897829,0.7476225602929851,2,1
2022-08-15,-0.022475853812935098,0.9722811248336745,2,1
2022-08-16,-0.00625365618543975,0.8956699926509938,2,1
2022-08-17,0.0184433731098292,0.6769368604341487,2,1
2022-08-18,-0.017369264999596748,0.9737045923005117,2,1
2022-08-19,0.00899728784245905,0.8818356691894811,2,1
2022-08-22,-0.0011945319983932001,0.8473601326513739,2,1
2022-08-23,-0.005151287175672467,0.781479084467097,3,1
2022-08-24,-0.014164020333935134,0.8313889340570725,3,1
2022-08-25,-0.0072192513368982,0.9864504215981896,1,1
2022-08-26,-0.00342681651783835,0.8599549534555847,2,1
2022-08-29,-0.012377029996461035,0.8287099034179738,3,1
2022-08-30,0.0139306200491668,0.842846638527249,1,1
2022-08-31,0.0018857758620689,0.8309372170430915,1,1
2022-09-01,-0.01072425013136115,0.8056056785756884,2,1
2022-09-02,-0.0016633847649179002,0.7422212885620958,2,1
2022-09-05,-0.0237260717174441,0.9788520289924332,1,1
2022-09-06,0.0093896713615022,0.8632937080878849,1,1
2022-09-07,-0.006613231601189401,0.859225142840186,2,1
2022-09-08,-0.00334359997084035,0.7496442225270767,2,1
2022-09-09,0.0151515151515153,0.7492979164088344,1,1
2022-09-13,-0.0021709633649931,0.806445242405554,1,1
2022-09-14,-0.01657295043207465,0.7652668633780766,2,1
2022-09-15,-0.0198456449834619,0.9768292491738764,1,1
2022-09-16,-0.02656660871775557,0.9085104048746935,3,1
2022-09-19,-0.008779234785426701,0.8239780564730621,2,1
2022-09-20,-0.008140379543965234,0.8661680051364237,3,1
2022-09-21,0.00587572829838485,0.780641091476314,2,1
2022-09-22,-0.016676619261885,0.9534348139341888,2,1
2022-09-23,-0.0096802581402171,0.8905883719880532,2,1
2022-09-26,-0.0180052543024392,0.8952256749904332,3,1
2022-09-27,0.0188695250993407,0.6299367042791404,2,1
2022-09-28,-0.0081437558421599,0.9274474297764019,2,1
2022-09-29,-0.019177823887826434,0.9203368223631102,3,1
2022-09-30,-0.00572029250067615,0.9404305311946236,2,1
2022-10-10,-0.037583709170425,0.9975988044764263,2,1
2022-10-11,-0.0058834163693498335,0.8379398832604967,3,1
2022-10-12,0.011750010114496001,0.9334775654161058,2,1
2022-10-13,-0.008776493256262034,0.8479222067983588,3,1
2022-10-14,0.0200210748155953,0.8840934082241307,1,1
2022-10-17,-0.0051652892561981,0.955248424728047,1,1
2022-10-18,-0.01143451143451145,0.9496119525998191,2,1
2022-10-19,-0.014434262717836066,0.8726931575567839,3,1
2022-10-20,-0.0009089244611843999,0.8814249406108374,2,1
2022-10-21,0.0019410129434001347,0.7143943560554536,3,1
2022-10-24,-0.0173310710692795,0.8512953728862501,3,1
2022-10-25,-0.006063164344967799,0.9613718983048113,2,1
2022-10-26,-0.00115893389857115,0.8213116265264606,2,1
2022-10-27,0.0011350737797957,0.7916996494839985,2,1
2022-10-28,-0.022817182512307067,0.883819389632912,3,1
2022-10-31,-0.0185804880523565,0.9663349433892969,2,1
2022-11-01,0.03886925795053,0.739762293630289,1,1
2022-11-02,-0.0049037775625775,0.8696145797386646,2,1
2022-11-03,-0.0135401916069078,0.8386092360190293,3,1
2022-11-07,-0.0066837669822195495,0.6721363676007678,2,1
2022-11-08,-0.0033972406792172503,0.7103923855741978,2,1
2022-11-09,-0.00877777777777795,0.8198984762825573,2,1
2022-11-10,-0.0104547193762133,0.7803481684849163,2,1
2022-11-14,-0.0067330210772832,0.8558114282537872,1,1
2022-11-16,-0.011940321758341251,0.6849414227524226,2,1
2022-11-17,-0.0130391173520562,0.7894556058329152,1,1
2022-11-18,-0.015784952117152234,0.8529418080002552,3,1
2022-11-21,-0.013680817785778468,0.8268653932124618,3,1
2022-11-22,-0.0219129404797158,0.99439786213146,1,1
2022-11-23,-0.0045413260672115,0.99195860433983,1,1
2022-11-24,-0.0188564476885646,0.9992721077401272,1,1
2022-11-25,-0.008989460632362,0.99470926677859,1,1
2022-11-28,-0.0308919699427515,0.818067542094641,2,1
2022-11-29,0.0315011250401802,0.9478518704952668,1,1
2022-11-30,-0.0043627298223747,0.9931803689134232,1,1
2022-12-01,0.0225352112676056,0.8828115437071432,1,1
2022-12-02,0.0,0.9561134366262004,1,1
2022-12-05,0.0140801958983778,0.6245045278963596,1,1
2022-12-06,0.0,0.902095554802712,1,1
2022-12-07,-0.004996541076733801,0.6830924150132431,2,1
2022-12-08,-0.0053571428571428,0.809341679322503,1,1
2022-12-09,0.0083782166367445,0.6413506387990475,1,1
2022-12-12,-0.0497890295358649,0.9994857382634416,1,1
2022-12-13,-0.0124091716454061,0.9867539521814301,2,1
2022-12-14,0.009755784109775949,0.9080847289047353,2,1
2022-12-15,-0.005973224241693167,0.8205853437407303,3,1
2022-12-16,0.00859197786998625,0.9122514334070579,2,1
2022-12-19,-0.0222810207633968,0.9868689195802363,2,1
2022-12-20,-0.02534901605983007,0.9440443161426598,3,1
2022-12-21,0.0020307240602502,0.9933441237371755,2,1
2022-12-22,0.019816821323347198,0.9162802094351663,2,1
2022-12-23,0.0022908519014184,0.8687077471879873,3,1
2022-12-26,-0.016821601318631568,0.9020185259269526,3,1
2022-12-27,0.031135531135531,0.7498237689518329,1,1
2022-12-28,-0.006282837092314201,0.8630959153726593,2,1
2022-12-29,0.0023972228378899,0.8610688999325145,2,1
2022-12-30,0.0016980998298356002,0.9222773714281542,2,1
2023-01-04,-0.0064572938068682,0.7769096703190598,1,0
2023-01-06,-0.0140679953106681,0.8568032265755239,1,1
2023-01-09,0.0029726516052319,0.7011652695295215,1,0
2023-01-10,0.0023710729104919,0.922838118393098,1,0
2023-01-11,-0.0272028385570668,0.975050328266086,1,1
2023-01-12,0.0033434650455927,0.9379262835215396,1,1
2023-01-13,-0.0015146925174188,0.929244205152776,1,1
2023-02-01,-0.0220700152207001,0.9159464078711712,1,1
2023-02-02,-0.0077821011673151,0.8686295142490397,1,1
2023-02-03,-0.0219607843137253,0.9607808249329766,1,1
2023-02-06,-0.0256615878107457,0.9943074071956216,1,1
2023-02-07,0.0172839506172839,0.844107598776638,1,1
2023-02-08,-0.0137540453074433,0.9517533696442028,1,1
2023-02-09,0.007383100902379,0.8786909901128674,1,1
2023-02-10,-0.0122149837133549,0.9534238450278374,1,1
2023-02-13,-0.00039904119292970015,0.7757579978962956,2,1
2023-02-14,-0.005770304045036649,0.8406596671112876,2,1
2023-02-15,-0.023947151114781,0.987060153313336,1,1
2023-02-16,-0.02563884088219705,0.9665205176279705,2,1
2023-02-17,-0.025906241723315952,0.9871833437172008,2,1
2023-02-20,0.0621761658031088,0.7619226060200964,1,1
2023-02-21,-0.0047971332793897,0.8245114167351201,2,1
2023-02-22,-0.00604529023682545,0.9165294200678256,2,1
2023-02-23,-0.0180366302986708,0.9235505611454148,2,1
2023-02-24,-0.0005179340517166503,0.8792930767018655,2,1
2023-02-27,-0.0209975992370738,0.9949123693898019,2,1
2023-02-28,0.00959136845310245,0.977776587171715,2,1
2023-03-01,0.0323736576044132,0.9229680261907653,2,1
2023-03-02,0.01312731489970295,0.9281428079743623,2,1
2023-03-03,0.00014028589931304979,0.8330656806165628,2,1
2023-03-06,-0.0215531675629611,0.9629094945526127,2,1
2023-03-07,-0.02156070904971345,0.9902586074978195,2,1
2023-03-08,-0.008920366894815599,0.9935131548333488,2,1
2023-03-09,-0.017644924249296902,0.9977651228914721,2,1
2023-03-10,-0.012708753164561333,0.9092996562432223,3,1
2023-03-13,0.003481865133794533,0.9404273222487997,3,1
2023-03-14,-0.014733131750908799,0.9261025890345053,3,1
2023-03-15,0.0084804487708298,0.9791182838817845,2,1
2023-03-16,-0.003062343358396,0.9765120345367926,2,1
2023-03-17,-0.0063810391978121,0.9952397845970598,1,1
2023-03-20,-0.0197997818497586,0.9888700402221628,2,1
2023-03-21,0.0035033698188850996,0.9004006437514523,2,1
2023-03-22,0.01137232687880135,0.8269815718676448,2,1
2023-03-23,0.010054844606947,0.8784941310441318,1,1
2023-03-24,-0.0072398190045248,0.912787427525775,1,1
2023-03-27,-0.0200546946216956,0.9784977288140876,1,1
2023-03-28,-0.0165903327560614,0.8741424705102268,2,1
2023-03-29,0.0036186006872342006,0.7729807245842595,2,1
2023-03-30,0.00295122509077395,0.94096879373554,2,1
2023-03-31,-0.0138504155124653,0.9872701941198194,1,1
2023-04-03,0.0131086142322098,0.8173205351909933,1,1
2023-04-04,-0.0018484288354897,0.8802239267882682,1,1
2023-04-06,-0.0064814814814815,0.8661694972833393,1,1
2023-04-07,0.0037278657968311,0.7555842596146097,1,1
2023-04-10,-0.04744454602935895,0.8160788052147165,2,1
2023-04-11,0.0012091070319491994,0.9519905472619274,2,1
2023-04-12,-0.0056127221702524,0.8828579570704785,1,1
2023-04-13,-0.01780282011896355,0.9115709202943021,2,1
2023-04-14,0.0068345306030787,0.864827568329529,2,1
2023-04-17,-0.0161345108695653,0.9993818936289778,1,1
2023-04-18,0.01636443772236005,0.7979675973786087,2,1
2023-04-19,-0.0172377254784842,0.8322898703142831,2,1
2023-04-20,-0.009090909090909,0.6843736023495725,1,1
2023-04-21,-0.0578936558155624,0.9722051466299972,2,1
2023-04-24,-0.0125444968622496,0.9990496185058034,2,1
2023-04-25,0.0175609756097561,0.951608887921036,1,1
2023-04-26,-0.03317885668070803,0.8531311383924489,3,1
2023-04-27,-0.007474786275157851,0.9535187413751822,2,1
2023-04-28,0.0278578290105666,0.777334861436359,1,1
2023-05-04,-0.0101160862354892,0.9999531252040504,1,1
2023-05-05,-0.007978569422407902,0.8452708575706256,2,1
2023-05-09,-0.013949433304272,0.9487080617147264,1,1
2023-05-10,-0.032960086805088995,0.9154968224558531,2,1
2023-05-11,0.0009099181073703,0.8413850133423005,1,1
2023-05-12,-0.01423098049986265,0.8454996344699128,2,1
2023-05-15,0.01507654867444235,0.7680147853033968,2,1
2023-05-16,-0.03243165465242764,0.9076842074174802,3,1
2023-05-17,-0.011521605448409,0.8709826907632179,3,1
2023-05-18,0.0,0.9386941701388816,1,1
2023-05-19,-0.01869038891677027,0.9392396505684267,3,1
2023-05-22,-0.0046553711052319995,0.8653218685518999,3,1
2023-05-23,-0.008694747431009066,0.951408346812665,3,1
2023-05-24,-0.029056484010557732,0.9819277751369526,3,1
2023-05-25,-0.0072431627394062325,0.9398315618783265,3,1
2023-05-26,0.012301344978426965,0.8287834489470768,3,1
2023-05-29,-0.01286590778210275,0.9643901055081002,2,1
2023-05-30,0.020451279078438436,0.8777627132179294,3,1
2023-05-31,-0.012541061871523268,0.8680241447276614,3,1
2023-06-01,-0.0060683760683759,0.876655603658977,2,1
2023-06-02,0.0349075975359343,0.8625661362044443,1,1
2023-06-05,-0.0019841269841269,0.86468001215189,1,1
2023-06-06,-0.0058376158145467,0.7748819460822622,2,1
2023-06-09,-0.0233690360272639,0.9747973794372686,1,1
2023-06-12,-0.01447117939576045,0.7421015442053229,2,1
2023-06-13,-0.0020120724346075,0.8706668663729487,1,1
2023-06-14,-0.00518421946555285,0.7429281214092778,2,1
2023-06-15,0.0141271442986883,0.8616333085875352,1,1
2023-06-16,-0.0005674751243781502,0.6743490355659375,2,1
2023-06-19,-0.015990729470508898,0.7657665799849588,2,1
2023-06-20,-0.00852461335420945,0.7367181405854941,2,1
2023-06-21,-0.0010204081632654,0.7789510218833254,1,1
2023-06-26,-0.0175247726369515,0.8934540815818075,2,1
2023-06-27,0.007652497014199049,0.6832661058014793,2,1
2023-06-28,0.0020576131687242,0.6719160581171821,1,1
2023-06-29,-0.0123203285420945,0.8259427490610955,1,1
2023-06-30,0.0051975051975052,0.6325595661587263,1,1
2023-07-04,-0.0090634441087613,0.6441608368201451,1,1
2023-07-05,-0.0060975609756097,0.5876203803345896,1,1
2023-07-06,-0.0102249488752556,0.686737369290862,1,1
2023-07-07,-0.0041322314049585,0.6647266534085207,1,1
2023-07-10,0.0,0.7885457551899243,1,1
2023-07-11,0.0010373443983402,0.7131029847213562,1,1
2023-07-12,0.0031088082901553,0.672938784646782,1,1
2023-07-17,-0.0151515151515151,0.6775082646489221,1,1
2023-07-18,-0.0061538461538461,0.6353077432920954,1,1
2023-07-20,0.001025641025641,0.6770547577365762,1,1
2023-07-21,0.0020491803278688,0.5903989703149702,1,1
2023-07-24,-0.0081799591002045,0.5990638477477863,1,1
2023-08-02,-0.0122641509433961,0.6361804624314176,1,1
2023-08-04,-0.0027855153203342,0.8134116685266283,1,1
2023-08-07,-0.0130353817504655,0.8639781480094266,1,1
2023-08-08,-0.0056603773584905,0.7852136689973175,1,1
2023-08-10,-0.0100020453232577,0.7599129706563392,2,1
2023-08-11,-0.0269361480102659,0.9643801791256872,2,1
2023-08-14,-0.020648596321394,0.9773174081257018,2,1
2023-08-15,0.008461864544950501,0.8972450709584219,2,1
2023-08-16,-0.0303929204229054,0.9625635358909612,3,1
2023-08-17,-0.005322435193865466,0.9710380298685372,3,1
2023-08-18,-0.014126407854630834,0.9251826024131944,3,1
2023-08-21,-0.018386785342996533,0.9615606227652876,3,1
2023-08-22,0.012761094304297,0.9299390316478275,3,1
2023-08-23,-0.0218187237661019,0.9335343290808776,3,1
2023-08-24,-0.011091147663409066,0.943521271533068,3,1
2023-08-25,-0.0054375102255478334,0.8834541664518224,3,1
2023-08-28,0.0145062618491518,0.9803186126731873,2,1
2023-08-29,-0.006356551063481967,0.9569669187401191,3,1
2023-08-30,0.013596813127410597,0.9390472956600046,3,1
2023-08-31,-0.0064457198007686,0.9499674220805198,3,1
2023-09-01,0.005411142537495968,0.9316394404954539,3,1
2023-09-04,0.006612693361406967,0.926644492575544,3,1
2023-09-05,-0.014916137552849833,0.9480937710279688,3,1
2023-09-06,0.0004189699807523667,0.8482513489860417,3,1
2023-09-07,-0.013039126162416535,0.8841235667257191,3,1
2023-09-08,-0.0123433290252927,0.8804733128431411,3,1
2023-09-11,0.0148806758290421,0.8580539048531545,3,1
2023-09-12,-0.004937563402734,0.9747499476876489,2,1
2023-09-13,-0.011434869988400001,0.8508589402547603,3,1
2023-09-14,-0.00027769845037319994,0.947623388111424,2,1
2023-09-15,-0.0144400028258899,0.9785253772014277,2,1
2023-09-18,0.00428171377655845,0.9411108909306156,2,1
2023-09-19,-0.01794985883254925,0.9435275940709236,2,1
2023-09-20,-0.0057940929303273,0.9550818936448975,2,1
2023-09-21,-0.0041338507309404,0.985251025518604,2,1
2023-09-22,0.04072174430434935,0.8901423800607895,2,1
2023-09-25,-0.0067183370390569,0.94526647617915,2,1
2023-09-26,-0.0062111801242236,0.8125186103900153,1,1
2023-09-27,-0.0011491077275703999,0.6121049151477057,2,1
2023-09-28,-0.0053222945002956,0.6950039794493493,1,1
2023-10-09,-0.003009678158064067,0.8363725005000952,3,1
2023-10-10,-0.0014560780897798,0.8380845730671163,3,1
2023-10-11,-0.0013179865609135501,0.7440238647432507,2,1
2023-10-12,-0.00395362270748255,0.8418562047473199,2,1
2023-10-13,-0.01444999070603175,0.8846607181236736,2,1
2023-10-16,-0.0026694357086813,0.8121443096885615,2,1
2023-10-17,-0.0053421115921115,0.8280153789470598,2,1
2023-10-18,0.00674482621143105,0.8990824795280756,2,1
2023-10-19,-0.021435562376653564,0.9863386694292281,3,1
2023-10-20,-0.0152787616744429,0.9714245089489778,3,1
2023-10-23,-0.0006832917744541669,0.974746956959465,3,1
2023-10-24,-0.03203485462308563,0.9818022478255015,3,1
2023-10-25,0.0065275350036195666,0.9244636449530397,3,1
2023-10-26,-0.018636516777417053,0.9898025884943615,2,1
2023-10-27,0.0005024177613614498,0.991262563240314,2,1
2023-10-30,-0.0093822840539205,0.9777474479369034,3,1
2023-10-31,0.0007400054256265666,0.926979289532429,3,1
2023-11-01,-0.0014707259056995,0.9132277469528899,3,1
2023-11-02,0.0001053288373591664,0.8794921187539275,3,1
2023-11-03,0.009837843392552831,0.953039040146955,3,1
2023-11-06,0.0269294247668602,0.8783811656708691,2,1
2023-11-07,-0.00016854476355786732,0.8128140247475194,3,1
2023-11-08,-0.0008175199885260663,0.8715134812409938,3,1
2023-11-09,0.0006280547546519332,0.8948401832149195,3,1
2023-11-10,-0.017439240423784367,0.942928138626085,3,1
2023-11-13,0.013912267773338968,0.940653363423244,3,1
2023-11-14,0.0025875536736419,0.9249690097306874,3,1
2023-11-15,0.010669113926214,0.9925518856889778,2,1
2023-11-16,-0.01873256124197875,0.994771375798149,2,1
2023-11-17,-0.007627326143165833,0.8495821715346635,3,1
2023-11-20,0.00712420707514665,0.9465596300948416,2,1
2023-11-21,-0.0016584837516376,0.9424174011703221,2,1
2023-11-22,-0.0190758558961736,0.9869134716049066,2,1
2023-11-23,0.0003639828024233,0.9418545262620412,2,1
2023-11-24,-0.0187417720820657,0.965086687274074,2,1
2023-11-27,-0.01252354345028055,0.9924508896435731,2,1
2023-11-28,-0.0038798937485616,0.9955458520310085,2,1
2023-11-29,-0.016396425318323568,0.888963034909192,3,1
2023-11-30,-0.00590617432884885,0.9985950019840693,2,1
2023-12-01,0.0260412001791312,0.7761796701815186,2,1
2023-12-04,-0.0027746475346204333,0.7946937463030878,3,1
2023-12-05,-0.0245668486281139,0.9649162369036631,3,1
2023-12-06,-0.005248038942490066,0.9829128696628726,3,1
2023-12-07,0.0100235312133312,0.8597328137634568,3,1
2023-12-08,0.0072203778862596005,0.8748799443784828,3,1
2023-12-11,0.013318392315058566,0.7352539026720114,3,1
2023-12-12,0.0089858793324775,0.986879372244346,1,1
2023-12-13,-0.0330788804071248,0.9999569230791198,1,1
2023-12-14,-0.004340491697471033,0.8224043976496866,3,1
2023-12-15,-0.0051460555357732,0.971431373616963,3,1
2023-12-18,-0.009908553730452766,0.9665710765531669,3,1
2023-12-19,0.0035511354730995664,0.9725552726399979,3,1
2023-12-20,-0.017662449871923367,0.9859226973624696,3,1
2023-12-21,0.014326826147306732,0.9380760606182896,3,1
2023-12-22,-0.006425412604990968,0.9052945935576443,3,1
2023-12-25,0.004517079778859867,0.8303822893166126,3,1
2023-12-26,-0.015622698031488198,0.8814115149758509,3,1
2023-12-27,-7.962868260550076e-06,0.9785147320391624,2,1
2023-12-28,0.032973668843233994,0.9426260675606148,2,1
2023-12-29,-0.0034970711937286993,0.8667706241503432,3,1
2024-01-02,-0.025353066212671048,0.9995383932450793,2,1
2024-01-03,-0.020920855350306397,0.9824785939297669,2,1
2024-01-04,-0.0242280282148881,0.9985071212065182,2,1
2024-01-05,0.0014393999840421005,0.999901564641397,2,1
2024-01-08,-0.017839313510313266,0.9019192288967967,3,1
2024-01-09,0.0038602333415740002,0.9906349859129562,2,1
2024-01-10,-0.012544254576500468,0.8920319398529525,3,1
2024-01-11,0.013333114904714968,0.9118371550724822,3,1
2024-01-12,-0.006017964693742067,0.9507790203150045,3,1
2024-01-15,-0.002565353002733,0.9348521646584043,2,1
2024-01-16,0.0093787884777566,0.912960248041482,2,1
2024-01-17,-0.014582931504313034,0.8461636844152501,3,1
2024-01-18,0.0088190848380777,0.9819977547218577,2,1
2024-01-19,-0.01037620864571195,0.973671999817439,2,1
2024-01-22,-0.018264601091190352,0.9986914003000209,2,1
2024-01-23,0.05426764538706725,0.9648751569693921,2,1
2024-01-24,0.01464400532469325,0.8949517313860396,2,1
2024-01-25,0.0047393364928909,0.987921367365293,1,1
2024-01-26,-0.0014055890879710493,0.7847147172957929,2,1
2024-01-29,-0.0343419788664745,0.9999600757864128,1,1
2024-01-30,-0.003207668340719899,0.9038789968578749,2,1
2024-01-31,-0.03598249696367105,0.9112931762707119,2,1
2024-02-01,0.030735966598183947,0.9456475474272806,2,1
2024-02-02,-0.02227831537328825,0.999877178475718,2,1
2024-02-05,0.0019698647770078,0.9964864687466028,2,1
2024-02-06,0.0435225248154746,0.9565294005900572,1,1
2024-02-07,-0.0086206896551722,0.8934151424337151,1,1
2024-02-26,-0.0100691241605077,0.8758127033175364,2,1
2024-02-28,-0.0229292962082295,0.9982352096499953,2,1
2024-02-29,0.0111982082866741,0.9957814530421568,1,1
2024-03-01,-0.0110741971207086,0.999056796280176,1,1
2024-03-04,-0.0179171332586786,0.9996159538796804,1,1
2024-03-05,0.0114025085518814,0.9971607275508436,1,1
2024-03-06,-0.0112739571589627,0.9984900197845769,1,1
2024-03-07,-0.014407375175951751,0.9399839890230159,2,1
2024-03-08,0.0053924505692031,0.9447054424953769,2,1
2024-03-11,0.0102040816326529,0.9258720478298909,1,1
2024-03-12,-0.0017734372384401002,0.954557858508006,2,1
2024-03-13,-0.011328790071906967,0.8868961410582914,3,1
2024-03-14,-0.008276876205024167,0.8393561703772368,3,1
2024-03-15,0.026542110274147702,0.9576258323064556,2,1
2024-03-18,0.0038129531716759,0.9686479268702592,2,1
2024-03-19,-0.015248980599211865,0.9296909945170738,3,1
2024-03-20,0.01704276602826475,0.7855346343915145,2,1
2024-03-21,0.00402453076315385,0.89498053042609,2,1
2024-03-22,-0.0146224881283104,0.9291027108696515,3,1
2024-03-25,-0.01708654945683255,0.988037304102819,2,1
2024-03-26,0.00016930163537975072,0.9412470382134022,2,1
2024-03-27,-0.026560932775193,0.9799244338600119,2,1
2024-03-28,0.03906278809369435,0.9666680121567808,2,1
2024-03-29,-0.007425894009932899,0.8926157696185697,2,1
2024-04-01,0.0166941467436108,0.9892810629009168,1,1
2024-04-02,-0.01235509572768485,0.9749051934043865,2,1
2024-04-03,-0.01673395679698975,0.9742953431048917,2,1
2024-04-08,-0.0086386170258101,0.9617390181904908,2,1
2024-04-09,1.830813555735015e-05,0.9699174854478338,2,1
2024-04-10,-0.020203003229859552,0.9982770332111384,2,1
2024-04-11,0.0038596852227329504,0.9944934536243365,2,1
2024-04-12,-0.0158779438541463,0.9015930865495895,3,1
2024-04-15,0.01112766503981515,0.9206371359236851,2,1
2024-04-16,-0.0027666823987329,0.9864123538741731,2,1
2024-04-17,0.0330542089026002,0.9656475881330496,1,1
2024-04-18,0.0033211468480888497,0.8580580341452444,2,1
2024-04-19,-0.0260561423012784,0.8014129357259323,2,1
2024-04-22,-0.0140088609968128,0.995273952052194,2,1
2024-04-23,-0.02396522288131795,0.8672087465009501,2,1
2024-04-24,0.016800161879163198,0.9657401955299036,2,1
2024-04-25,-0.0006309271947160999,0.9707697383641796,2,1
2024-04-26,0.0154596690248708,0.9783163301392794,2,1
2024-04-29,0.0247520770903698,0.8196843248750927,2,1
2024-04-30,-0.00549511771758515,0.8706257143557435,2,1
2024-05-06,0.0100931367972493,0.8226820594324359,2,1
2024-05-07,0.00023620991613490007,0.7764773162087963,2,1
2024-05-08,-0.021923862282808,0.9665040409535345,2,1
2024-05-09,0.00537387483762125,0.9113036761660154,2,1
2024-05-10,-0.0005614434743500003,0.8432356001398233,2,1
2024-05-13,0.0056175168115466,0.8318499481350192,2,1
2024-05-14,-0.009680125103183449,0.8552107097612203,2,1
2024-05-15,-0.0122317101315485,0.9963801394733875,1,1
2024-05-16,-0.0037383177570092,0.9960626644628422,1,1
2024-05-17,0.0082082551594746,0.971054177650316,1,1
2024-05-20,0.00274015325985055,0.8062763581003476,2,1
2024-05-21,-0.0048387096774193,0.9839964803488872,1,1
2024-05-22,0.011113683723084,0.7748448138939559,1,1
2024-05-23,-0.021968399358827502,0.8268368683569276,2,1
2024-05-24,-0.0145849492947226,0.8734089869965989,2,1
2024-05-27,0.0086538461538461,0.918971212155665,1,1
2024-05-28,-0.0176820709840911,0.8978592959132887,2,1
2024-05-29,-0.00650317140689725,0.963683803120488,2,1
2024-05-30,0.0024200018611530497,0.9264523202607503,2,1
2024-05-31,0.0021098261264925,0.8437659680804876,2,1
2024-06-03,-0.0068481823911095,0.8856264486697367,3,1
2024-06-04,0.0011716674646126,0.8921946697132835,2,1
2024-06-05,-0.00566405738274855,0.804820316951367,2,1
2024-06-06,-0.0027779158113891496,0.9152833472058686,2,1
2024-06-07,-0.0008067136617522005,0.8982403595310194,2,1
2024-06-11,-0.0088571199797889,0.8932355476369205,3,1
2024-06-12,-0.002158360861723,0.8449656929889537,2,1
2024-06-13,-0.0029368319434267,0.7932364290121292,2,1
2024-06-14,0.006086931086931,0.7641206958672775,2,1
2024-06-17,-0.008512498409282634,0.8353204142086644,3,1
2024-06-18,-0.0017583396584717002,0.8003893954457493,2,1
2024-06-19,-0.0026637341153470002,0.850758510810667,2,1
2024-06-20,-0.011784491902461365,0.8490514586235157,3,1
2024-06-21,0.0018636178717549665,0.7705116156592968,3,1
2024-06-24,-0.011420865420471632,0.8529410034599859,3,1
2024-06-25,0.0058338316116228,0.8497071646841198,2,1
2024-06-26,0.000669344042838,0.7344136105422361,2,1
2024-06-27,-0.0098691073186797,0.7533779778428603,3,1
2024-06-28,-0.0011359631157299502,0.7641733516320841,2,1
2024-07-01,0.0126315789473683,0.6804255194053607,1,1
2024-07-02,-0.0152460152460152,0.9691797170586864,1,1
2024-07-03,-0.0180623973727422,0.9991614539983394,1,1
2024-07-04,-0.0226946966077401,0.9994730716922622,1,1
2024-07-05,-0.015577747329285033,0.9294098145077873,3,1
2024-07-08,-0.0326042058079698,0.9830271121943617,2,1
2024-07-09,0.01158678043970205,0.9098712637990083,2,1
2024-07-10,0.00199249680403955,0.8852422853669615,2,1
2024-07-11,0.004493325343719799,0.8902611775879341,2,1
2024-07-12,-0.0150702426564494,0.9999372821456828,1,1
2024-07-15,-0.0137448132780083,0.9996496259025036,1,1
2024-07-16,0.0231396266105705,0.9941687707916832,1,1
2024-07-17,-0.0023130300693907,0.9983173616563225,1,1
2024-07-18,-0.0059247810407006,0.9989874571262712,1,1
2024-07-19,0.0058137378105923496,0.7847408441518628,2,1
2024-07-22,-0.008015275990935534,0.854020195815071,3,1
2024-07-23,-0.0160665545142946,0.9292281669934387,2,1
2024-07-24,-0.0054934336149813,0.8649407339637224,3,1
2024-07-25,-0.0019663861785007,0.914173385547557,3,1
2024-07-26,-0.007883768433619234,0.9756189660597002,3,1
2024-07-29,0.0037042168783496003,0.8674070040419068,2,1
2024-07-30,-0.005527511027062933,0.9274972411497187,3,1
2024-07-31,0.0130425001977265,0.7775614599380146,2,1
2024-08-01,-0.0116102978293791,0.9620408810539272,1,1
2024-08-02,-0.01110702197119895,0.8379097624344924,2,1
2024-08-05,-0.015287672436948167,0.8828049279138197,3,1
2024-08-06,-0.023249542378142102,0.9701382386858072,3,1
2024-08-07,0.0033470986810396,0.8898829191798466,3,1
2024-08-08,0.00047833897313770006,0.8874519229494244,3,1
2024-08-09,-0.0069348127600554,0.9981062653301728,1,1
2024-08-12,-0.01825054651445215,0.8160886381419911,2,1
2024-08-13,-0.0002377323640869,0.857341786619878,2,1
2024-08-14,-0.0043059513440662665,0.7569999963342395,3,1
2024-08-15,0.0002892681515764,0.9958469634870784,1,1
2024-08-16,-0.0063620589936379,0.9974933769226252,1,1
2024-08-19,0.0014551804423748,0.9858410685009352,1,1
2024-08-20,-0.0135079442711227,0.7801316760011104,2,1
2024-08-21,-0.0005896226415095,0.9882868113306762,1,1
2024-08-22,-0.0271386430678466,0.9996765138104894,1,1
2024-08-23,0.0257731958762887,0.9720513157963552,1,1
2024-08-26,-0.0059502814352526,0.9216785010024116,2,1
2024-08-27,-0.0197640117994101,0.9993541120633131,1,1
2024-08-28,-0.0059374289444374005,0.80298454990499,3,1
2024-08-29,-0.015017272992139735,0.9830639199467518,3,1
2024-08-30,0.0041249972440973665,0.9522945313659982,3,1
2024-09-02,-0.013171786442675968,0.9726999063022136,3,1
2024-09-03,8.240997746059946e-05,0.887531521870866,3,1
2024-09-04,-0.001247740932207,0.9468266276705273,3,1
2024-09-05,0.0054766133806986,0.9079720899902035,2,1
2024-09-06,0.0025564089789032666,0.7649331665477886,3,1
2024-09-09,-0.013718562460645234,0.9489288515020466,3,1
2024-09-10,0.010224039241261501,0.8197577226365372,2,1
2024-09-11,-0.017737125339568633,0.9118475800458633,3,1
2024-09-12,0.0013111030371178996,0.9477974554460229,2,1
2024-09-13,-0.009011426410826166,0.9751603978788216,3,1
2024-09-18,0.0015718198265395336,0.9070965252092728,3,1
2024-09-19,0.0148818666889404,0.879594978423853,2,1
2024-09-20,0.00097860479886485,0.7369220508831587,2,1
2024-09-23,0.0148148148148148,0.7448446660358444,1,1
2024-10-09,-0.06576563400431344,0.9289537370406764,3,1
2024-10-10,0.0011185448957114486,0.9958293658173341,2,1
2024-10-11,-0.026331079661058632,0.9849848082976167,3,1
2024-10-14,0.022959827599081866,0.9232488215149418,3,1
2024-10-15,-0.013100054478102833,0.9953437393674204,3,1
2024-10-16,0.007380496381637634,0.9423653426519268,3,1
2024-10-17,0.003650278883191999,0.9923905704521933,3,1
2024-10-18,0.011024616394044298,0.9739502422193014,3,1
2024-10-21,-0.003808193997091733,0.9836561474277276,3,1
2024-10-22,-0.0061776397990575,0.9728659592063816,3,1
2024-10-23,0.0040198947574894,0.9556014804699466,3,1
2024-10-24,-0.010264592953889767,0.9764463877358197,3,1
2024-10-25,0.0017438408480126334,0.9787131967361954,3,1
2024-10-28,-0.0015409129047207332,0.9821815473854301,3,1
2024-10-29,-0.0035346146175057,0.9883676570150666,3,1
2024-10-30,-0.011062480687812367,0.9909766492493753,3,1
2024-10-31,0.0013015718600045336,0.9943430249574208,3,1
2024-11-01,-0.0034251068874552996,0.9843300762158599,3,1
2024-11-04,0.00752152298986,0.9828995183755067,3,1
2024-11-05,0.01826816378193837,0.9660777163019664,3,1
2024-11-06,0.0003230416703654994,0.8571403889833821,3,1
2024-11-07,0.025979140395878654,0.6679678280766272,2,1
2024-11-08,-0.016459041825200332,0.7500437224370063,3,1
2024-11-11,-0.02301226376411815,0.9204506823462482,2,1
2024-11-12,-0.017429824164465632,0.9381831128433719,3,1
2024-11-13,0.0344664319535274,0.796747831601289,3,1
2024-11-14,-0.010759861662945068,0.941690916893036,3,1
2024-11-15,-0.004606607139898233,0.9522802950408189,3,1
2024-11-18,-0.009581946146094533,0.8595100294317745,3,1
2024-11-19,-0.007584096893834134,0.9334685256957708,3,1
2024-11-20,0.005675341739645567,0.9105198478829268,3,1
2024-11-21,0.0049649690543897,0.8609291373390958,3,1
2024-11-22,-0.025536272165584333,0.9842360448332244,3,1
2024-11-25,-0.009521392154486432,0.9875165653203073,3,1
2024-11-26,-0.0098924026701567,0.9550868094765216,3,1
2024-11-27,0.018469030709563235,0.8945423618549627,3,1
2024-11-28,-0.005722424557749367,0.9302624958584161,3,1
2024-11-29,0.026358062702575267,0.8805289920716134,3,1
2024-12-02,0.0003727237147448999,0.8569254655619618,3,1
2024-12-03,0.0006704716529253996,0.7821168011083409,3,1
2024-12-04,0.0026892299619571997,0.8291332351129278,3,1
2024-12-05,0.004968863233523766,0.8267802466288198,3,1
2024-12-06,0.00832839585590445,0.8135051948331832,2,1
2024-12-09,0.0166279969064191,0.9999272843682948,1,1
2024-12-10,0.0228221082134746,0.7948937347018772,2,1
2024-12-11,-0.020998516568185452,0.895030028097378,2,1
2024-12-12,-0.0165693842967427,0.9998332894471572,1,1
2024-12-13,-0.022939880322163264,0.9019143616350217,3,1
2024-12-16,-0.0034963302248380668,0.729765761020269,3,1
2024-12-17,-0.0088916930097101,0.830519332652586,3,1
2024-12-18,0.007169433414998301,0.7944755092319458,2,1
2024-12-19,0.004359601963576334,0.7846380727892278,3,1
2024-12-20,0.0031073994950474,0.9854284882213592,1,1
2024-12-23,-0.0292352371732816,0.9979699343943904,1,1
2024-12-24,0.0007977662544873,0.979473697964362,1,1
2024-12-25,-0.0081705858907931,0.9919728117839574,1,1
2024-12-26,0.0186859553948162,0.9753336240314284,1,1
2024-12-27,-0.0165680473372781,0.9843089736319052,1,1
2024-12-30,0.0028078620136382,0.9474899413046344,1,1
2024-12-31,-0.0251730252844168,0.7625270477398876,3,1
2025-01-02,-0.027469995901963334,0.9288359505949648,3,1
2025-01-03,-0.0171429469572488,0.8654190621088896,3,1
2025-01-06,0.004438215009304267,0.799837715956539,3,1
2025-01-07,0.01237099447743915,0.8295704480407402,2,1
2025-01-08,-0.00178837716379605,0.843615573239817,2,1
2025-01-09,-0.0010308101086683496,0.8147407911578413,2,1
2025-01-10,-0.011361035500298398,0.8499243488898075,2,1
2025-01-13,-0.005112576551220267,0.7635300971059316,3,1
2025-01-14,0.0417499444814566,0.9299741828923798,1,1
2025-01-15,-0.0110850564911532,0.9849493883973336,1,1
2025-01-16,0.0359991377452038,0.947443561092129,1,1
2025-01-17,-0.0047856845609655,0.9701371456614812,1,1
2025-01-20,-0.0025088856366296,0.9735555855504096,1,1
2025-01-21,-0.0003861709163224501,0.818922789678562,2,1
2025-01-22,-0.021469626435216004,0.9306681193803267,3,1
2025-01-23,0.006454539076147451,0.9126014581134463,2,1
2025-01-24,0.020666318463041598,0.7683207794987085,3,1
2025-01-27,0.014700572741804651,0.8404949703777247,2,1
2025-02-05,0.013834281420162702,0.8643920938427122,3,1
2025-02-06,0.0011002606069275,0.6819002296047197,2,1
2025-02-07,-0.0042092956748758,0.6253450684014554,3,1
2025-02-10,-0.0070493454179254,0.7176992904376364,1,1
2025-02-11,-0.00876264794860105,0.7418710073184414,2,1
2025-02-12,0.0033451031406801,0.8539476000455183,1,1
2025-02-13,-0.01713187627338395,0.8784250941258416,2,1
2025-02-14,0.0341685649202732,0.8192411949378188,1,1
2025-02-17,-0.0026864904552128498,0.7930639289459565,2,1
2025-02-18,-0.0223839854413103,0.9730731960415684,1,1
2025-02-19,0.0026112714534195997,0.7754992872176079,2,1
2025-02-20,-0.00985629268306995,0.796177866762491,2,1
2025-02-21,0.01348773780745345,0.8198583305046239,2,1
2025-02-24,0.012618083670715301,0.7560355301388475,2,1
2025-02-25,-0.018017611922628265,0.8326564916329051,3,1
2025-02-26,0.0016964107802986995,0.9033901421313093,2,1
2025-02-27,-0.0186425339366516,0.9895984427887222,1,1
2025-02-28,-0.0267991863149003,0.822448955188533,2,1
2025-03-03,-0.004312791324476,0.7939867840395567,2,1
2025-03-04,0.0027258566978192,0.9980424827766338,1,1
2025-03-05,0.0036893203883494,0.9909936029648316,1,1
2025-03-06,0.0084120153447617,0.7697793010783727,2,1
2025-03-07,-0.0172964843015603,0.9912622396284,1,1
2025-03-10,-0.0042089152477521,0.986948162048016,1,1
2025-03-11,-0.0032660902977904,0.9804555607914044,1,1
2025-03-12,-0.0034695451040863,0.9820117349330252,1,1
2025-03-13,-0.0251450676982593,0.9954259045891318,1,1
2025-03-14,0.0148809523809523,0.9682154637731956,1,1
2025-03-17,-0.023796480422576198,0.973525753164826,2,1
2025-03-18,-0.000163614278211,0.8526502164382602,2,1
2025-03-19,-0.0064873162324276,0.8468295422175973,2,1
2025-03-20,-0.007166674715616,0.858078327645811,2,1
2025-03-21,-0.013723254444941801,0.9073948064324469,2,1
2025-03-24,0.002280390322231,0.8432725971628743,2,1
2025-03-25,-0.0157657657657658,0.9865533059961534,1,1
2025-03-26,-0.0013722677819992001,0.8269846541717999,2,1
2025-03-27,0.0006714630884067,0.7940953330661269,2,1
2025-03-28,-0.006731110667403699,0.7495321979899805,2,1
2025-03-31,-0.0067012424873143005,0.8086679849172755,2,1
2025-04-01,0.0055248678833792,0.6926467898903573,2,1
2025-04-02,0.0067715413490113,0.6680735683810913,2,1
2025-04-03,-0.0018081262998347499,0.7767242131011403,2,1
2025-04-07,-0.0807334755324678,0.99997746329163,3,1
2025-04-08,0.0191816612608691,0.9836968476844987,3,1
2025-04-09,-0.0020461525469891,0.999384287826062,3,1
2025-04-10,0.008458361232510267,0.9989318982524912,3,1
2025-04-11,0.004908678622990767,0.9993066685445413,3,1
2025-04-14,0.006817038392085,0.982065489424582,3,1
2025-04-15,0.0076287213026093,0.9631183838132721,3,1
2025-04-16,0.004938952406375767,0.94016719024849,3,1
2025-04-17,0.0018651319229026002,0.8852089643775651,2,1
2025-04-18,0.0077185017026106,0.9951073928078492,1,1
2025-04-21,-0.006050078570328933,0.9384055265081267,3,1
2025-04-22,0.003760650741619366,0.8944745559996475,3,1
2025-04-23,-0.0028438937522190333,0.9394272929072107,3,1
2025-04-24,0.0035812805575684667,0.9137723069168229,3,1
2025-04-25,-0.003261666253490267,0.9346695516933233,3,1
2025-04-28,0.0034853237995648998,0.8937156965887412,2,1
2025-04-29,0.00056851618327025,0.8646291639396448,2,1
2025-04-30,-0.0067437379576108,0.9203139370830172,1,1
2025-05-06,0.0048496605237633,0.8656500973825896,1,1
2025-05-07,0.00253945220388175,0.6709050476815556,2,0
2025-05-15,-0.0159462861938732,0.726389888666198,1,1
2025-05-21,-0.0141919084939632,0.7801892060614809,1,1
2025-05-23,-0.0143745977258099,0.8280835943802667,1,1
2025-05-26,0.001741401828472,0.6778354576792589,1,1
2025-05-27,-0.0065189048239896,0.847343129646908,1,1
2025-05-28,-0.0067804024496938,0.8373509460703297,1,1
2025-05-29,-0.004233700254022,0.5644036094172852,1,1
2025-05-30,-0.0139544869042507,0.7746867162241338,1,1
2025-06-09,-0.0008396305625524,0.5903690836159351,1,1
2025-06-10,-0.0063145948034386,0.7317433542443406,2,1
2025-06-11,0.0006254312942759,0.6109416651803845,2,1
2025-06-12,-0.0033333333333332,0.8152301833822151,1,1
2025-06-13,-0.005815373513371,0.7701401621727586,2,1
2025-06-16,0.0008375209380233,0.7980195845570254,1,1
2025-06-17,-0.0056485355648534,0.7880086747772491,1,1
2025-06-18,0.0012623606143489,0.7467486840433928,1,1
2025-06-19,-0.0153393570077747,0.9266387047488996,1,1
2025-06-20,-0.0239009816474604,0.9873735421078104,1,1
2025-06-23,0.0039352864013992,0.9217399317113358,1,1
2025-06-24,0.0156794425087107,0.7285753409445253,1,1
2025-06-26,-0.0040042149631192,0.6531105571867919,1,1
2025-07-02,-0.0144563167818981,0.8490044118543022,1,1
2025-07-03,-0.0004251700680271,0.6987933019736238,1,1
2025-07-04,-0.0023394300297746,0.7312285057809107,1,1
2025-07-07,-0.0123641014709017,0.9330084760725316,1,1
2025-07-08,-0.0075333571536242505,0.6487055442391145,2,1
2025-07-09,-0.0004269854824936,0.7047190693293962,1,1
2025-07-10,-0.0002135839384878,0.6865964764160436,1,1
2025-07-11,-0.01268741192040585,0.7873388062412888,2,1
2025-07-14,0.0050836785297224,0.6717432410803165,2,1
2025-07-15,-0.01638096002016745,0.8203380450350612,2,1
2025-07-16,-0.004517101565521233,0.7668055470079062,3,1
2025-07-17,-0.0034998085574806997,0.9103688100908651,2,1
2025-07-18,0.0051974889145942,0.6956383433349581,2,1
2025-07-21,-0.0028686149318235,0.8745651949554355,2,1
2025-07-22,-0.014123441656731451,0.9303464703296972,2,1
2025-07-23,0.00541194255479965,0.7910538765046026,2,1
2025-07-24,-0.017450558734069102,0.9597765176518933,2,1
2025-07-25,0.0003828483920367,0.923856809387227,2,1
2025-07-28,-0.0026944486159901347,0.7695578765599267,3,1
2025-07-29,-0.0159956105447029,0.9444676421469274,2,1
2025-07-30,0.002397014054508133,0.7395637003287642,3,1
2025-07-31,-0.013329636202307,0.941504220878143,2,1
2025-08-01,0.0031590501194730335,0.8389407437341001,3,1
2025-08-04,0.009056816656355866,0.6789032490000076,3,1
2025-08-05,-0.0022416955369879,0.7248483758268427,1,1
2025-08-06,-0.0008176614881438,0.8448004868493081,1,1
2025-08-07,-0.0012221560675276,0.666910533942777,2,1
2025-08-08,-0.00961304270441205,0.8154756335115061,2,1
2025-08-11,-0.0082236842105263,0.8407060944473926,1,1
2025-08-12,-0.0036268318309296333,0.7792877895001377,3,1
2025-08-13,-0.0020699092156579333,0.774194795437503,3,1
2025-08-14,-0.0032895965509982003,0.8304639873785161,3,1
2025-08-15,-0.0151104498773851,0.95402746000724,2,1
2025-08-18,0.0018395879323032,0.8773681165717562,2,1
2025-08-19,-0.00027806020861886665,0.7748964288934097,3,1
2025-08-20,0.00151870212921105,0.8017952006814459,2,1
2025-08-21,0.0055678230717476004,0.6469109201823928,2,1
2025-08-22,-0.0075566750629723,0.7380189525567062,1,1
2025-08-27,-0.02235485487251495,0.8444596425144044,2,1
2025-08-28,0.0016920473773265,0.7198597518337688,1,1
2025-08-29,-0.0085486637511776,0.7706511241192523,3,1
2025-09-01,-0.009251856914398433,0.8724463920422495,3,1
2025-09-02,0.010136338106974,0.7304253302664359,3,1
2025-09-03,-0.01967354728279683,0.8498320440704892,3,1
2025-09-04,-0.012925498407236365,0.8841559191578972,3,1
2025-09-05,0.0021585095030641666,0.8680657951489797,3,1
2025-09-08,0.0155155634132918,0.8015952235618431,3,1
2025-09-09,-0.020494020949031647,0.9376551672919521,2,1
2025-09-10,-0.0015371537721,0.770639149471907,3,1
2025-09-11,0.01662448282949845,0.6054011868930467,2,1
2025-09-12,-0.016137621386562034,0.9101909181523861,3,1
2025-09-15,-0.0053572726080864325,0.9091760302373668,3,1
2025-09-16,-0.002665390764871266,0.8835029329158172,3,1
2025-09-17,-0.004236827368765134,0.8945815905506471,3,1
2025-09-18,-0.010981342598792734,0.9798561445494643,3,1
2025-09-19,0.0041570011207398,0.9354622154524129,3,1
2025-09-22,-0.006581983472493967,0.9271306068831465,3,1
2025-09-23,-0.007915015627857035,0.8912994426703525,3,1
2025-09-24,-0.01189652225924965,0.9086082319413344,2,1
2025-09-25,0.010727496638359299,0.7884873924188393,3,1
2025-09-26,-0.016517732224318234,0.8834844240225564,3,1
2025-09-29,-0.007603640750034834,0.8674869933634343,3,1
2025-09-30,-0.0079812080656913,0.8821349006749759,2,1
2025-10-09,-0.0084033613445377,0.977687760597143,1,1
2025-10-10,-0.0290730257249713,0.9893064915181605,2,1
2025-10-13,-0.0062538290093169,0.7806416780966212,2,1
2025-10-14,-0.0454709491158427,0.9997379173537396,1,1
2025-10-15,0.0298676748582229,0.9890225797609076,1,1
2025-10-16,-0.0141336270190894,0.9998722867368586,1,1
2025-10-17,-0.0441258611059393,0.9999603846564334,1,1
2025-10-20,-0.0122899974380302,0.9185219704680558,2,1
2025-10-21,0.01217137293086655,0.9035516267650765,2,1
2025-10-22,-0.006540202027298001,0.9546597633857433,2,1
2025-10-23,-0.0013361955502166501,0.9754673960268851,2,1
2025-10-24,0.0071357460916035495,0.9692153868535283,2,1
2025-10-27,0.0021837739096524002,0.9407689614602843,2,1
2025-10-28,-0.01507038495324745,0.9952347084474832,2,1
2025-10-29,-0.0154408608833091,0.854906109628816,3,1
2025-10-30,-0.004905628511317967,0.8680228483201743,3,1
2025-10-31,0.003696473612563834,0.8552874408218397,3,1
