trading_date,n_candidates,n_trades,daily_return,equity,year
2020-05-07,4,3,-0.009053156817593888,0.9909468431824061,2020
2020-05-08,4,3,0.00827146176432736,0.9991434221062703,2020
2020-05-11,4,3,0.00371082445147101,1.0028510679475486,2020
2020-05-12,4,3,-0.00586909776084595,0.9969652369901957,2020
2020-05-13,4,3,-0.0078632231201754,0.9891258768886833,2020
2020-05-14,4,3,-0.01283124877470565,0.9764341566928257,2020
2020-05-15,4,3,-0.007733912887223138,0.9688824999848542,2020
2020-05-18,4,3,-0.01311459698570209,0.9561759964710533,2020
2020-05-19,4,3,0.010411598971671173,0.9661313174926479,2020
2020-05-20,4,3,0.0038119774531978345,0.9698141882917581,2020
2020-05-21,4,3,-0.011627920712861414,0.9585372658040935,2020
2020-05-22,4,3,-0.032135204381285254,0.9277344748604006,2020
2020-05-25,4,3,-0.003440058135121752,0.9245430143329242,2020
2020-05-26,4,3,0.02553881227563141,0.9481547448167192,2020
2020-05-27,4,3,-0.00262184550992565,0.9456688295563068,2020
2020-05-28,4,3,-0.0013369624719419642,0.9444045058203048,2020
2020-05-29,4,3,-0.00636455204283215,0.9383937941935263,2020
2020-06-01,4,3,0.028847069372906525,0.965463705073732,2020
2020-06-02,4,3,0.0007987876868759495,0.9662349055934706,2020
2020-06-03,4,3,0.00010837257680932726,0.966339618959993,2020
2020-06-04,4,3,0.003917134346243967,0.9701249010715574,2020
2020-06-05,4,3,0.0045660951701627095,0.9745545836967948,2020
2020-06-08,4,3,0.0056880782850766325,0.9800979264619424,2020
2020-06-09,4,3,0.006524062610463417,0.9864921466985656,2020
2020-06-10,4,3,-0.0023482140417986352,0.9841756519875638,2020
2020-06-11,4,3,-0.021975192722312336,0.9625482023625298,2020
2020-06-12,4,3,-0.00786677023856297,0.954976056811002,2020
2020-06-15,4,3,-0.016849084140111326,0.9388855848780017,2020
2020-06-16,4,3,0.01951540226251332,0.9572083147453709,2020
2020-06-17,4,3,-0.004274035005218317,0.9531171729008632,2020
2020-06-18,4,3,0.003950897849365827,0.9568828414894709,2020
2020-06-19,4,3,0.02407926351084222,0.9799238755786993,2020
2020-06-22,4,3,-0.001520037164695472,0.9784343548692472,2020
2020-06-23,3,3,-0.006201554916702934,0.9723665404851368,2020
2020-06-24,3,3,0.0235820108248271,0.9952968987685569,2020
2020-06-29,3,3,-0.0048538131881924835,0.990465913555147,2020
2020-06-30,3,3,0.012028859184632479,1.0023800885564802,2020
2020-07-01,3,3,0.014853051783007701,1.0172684919180655,2020
2020-07-02,4,3,0.014644786190319947,1.032166171480355,2020
2020-07-03,4,3,0.007568315816397719,1.0399779310411204,2020
2020-07-06,3,3,0.08995621860563079,1.133530413150887,2020
2020-07-07,3,3,0.0005177653442417496,1.1341173159154605,2020
2020-07-08,3,3,0.012543803136667808,1.14834346026019,2020
2020-07-09,3,3,0.0012624187643300866,1.1497931505923182,2020
2020-07-10,3,3,-0.04071414768872424,1.102980302447619,2020
2020-07-13,3,3,0.006702118562599502,1.1103726072068347,2020
2020-07-14,3,3,-0.02944148012807768,1.0776815941569928,2020
2020-07-15,3,3,-0.02787517613793289,1.0476410298992584,2020
2020-07-16,3,3,-0.018003979108181894,1.028779322684078,2020
2020-07-17,3,3,0.004335525936243719,1.033239622120246,2020
2020-07-20,3,3,0.030921749824156814,1.0651891992238545,2020
2020-07-21,3,3,-0.0037000892281302913,1.0612479041418856,2020
2020-07-22,3,3,0.0010499835180703225,1.0623621969498214,2020
2020-07-23,3,3,-0.024619101405482624,1.0362077942937624,2020
2020-07-24,3,3,-0.041846433833046315,0.9928461933925616,2020
2020-07-27,3,3,-0.009675966337653072,0.9832394470468282,2020
2020-07-28,3,3,0.004298124840556472,0.9874655329383952,2020
2020-07-29,3,3,0.021673362176706457,1.0088672310707836,2020
2020-07-30,3,3,-0.017781343775355524,0.9909282160114229,2020
2020-07-31,3,3,0.0011724765830657402,0.9920900561401955,2020
2020-08-03,3,3,0.019957626491808506,1.0118898189268788,2020
2020-08-04,3,3,0.020565496827733676,1.0326998357880355,2020
2020-08-05,3,3,-0.014109017038567115,1.0181294562091765,2020
2020-08-06,3,3,0.016423783567535526,1.0348509940416888,2020
2020-08-07,3,3,-0.01581958157562195,1.0184800843228328,2020
2020-08-10,3,3,0.011442003966010805,1.0301335374869576,2020
2020-08-11,3,3,-0.00828882082179013,1.0215949451722113,2020
2020-08-12,3,3,0.006851202493357837,1.0285940990077769,2020
2020-08-13,3,3,-0.005290714984722111,1.0231521007949598,2020
2020-08-14,3,3,0.028350879032494374,1.0521593622364402,2020
2020-08-17,3,3,0.03413361222174527,1.0880733619024978,2020
2020-08-18,3,3,-0.010295004468022858,1.076871641780175,2020
2020-08-19,3,3,-0.011890348988389587,1.0640672621437086,2020
2020-08-20,3,3,-0.021779004563324784,1.0408929363857962,2020
2020-08-21,3,3,0.010804260894916965,1.0521390152341845,2020
2020-08-24,3,3,-0.006687234326116768,1.0451031150956638,2020
2020-08-25,3,3,0.00254808225232069,1.0477661237950842,2020
2020-08-26,3,3,-0.018228209727719585,1.0286672231449476,2020
2020-08-27,3,3,0.002781455499864194,1.0315284152502942,2020
2020-08-28,3,3,0.02512156161436141,1.057442019890969,2020
2020-08-31,3,3,-0.0036725142358944676,1.0535585490192865,2020
2020-09-01,3,3,0.004810272084835643,1.0586264522973738,2020
2020-09-02,3,3,-0.0014100923587081482,1.057133691226263,2020
2020-09-03,3,3,-0.02148692702179041,1.0344191367506084,2020
2020-09-04,3,3,-0.002730213606540577,1.0315949515485858,2020
2020-09-07,3,3,-0.011506124458984099,1.019725291644808,2020
2020-09-08,3,3,0.01735426200941063,1.0374218715336347,2020
2020-09-09,3,3,-0.021011805209384542,1.015623765249015,2020
2020-09-10,3,3,-0.00173432983015324,1.0138623386567311,2020
2020-09-11,3,3,-0.00869813063829187,1.0050436315858509,2020
2020-09-14,3,3,0.009972083909964588,1.0150660110132006,2020
2020-09-15,3,3,0.00028078028646301895,1.0153510215385517,2020
2020-09-16,3,3,0.0027749176086771707,1.0181685369672073,2020
2020-09-17,3,3,0.0010603982149586615,1.0192482010663344,2020
2020-09-18,3,3,0.022297351260679592,1.0419747362273264,2020
2020-09-21,3,3,-0.006948436243075025,1.0347346412057559,2020
2020-09-22,3,3,-0.020965044525994014,1.0130413833802887,2020
2020-09-23,3,3,-0.001310332061754978,1.0117139627757608,2020
2020-09-24,3,3,-0.023679514862268564,0.9877570669578475,2020
2020-09-25,3,3,0.0011809758975579454,0.9889235842465673,2020
2020-09-28,3,3,-0.001967803621471642,0.9869775768361282,2020
2020-09-29,3,3,-0.009971953445406282,0.9771354823882584,2020
2020-09-30,3,3,0.005891179252972963,0.9828919626694479,2020
2020-10-09,3,3,0.0141734922317062,0.9968229742669499,2020
2020-10-12,3,3,0.031589502500715204,1.028312116105326,2020
2020-10-13,3,3,0.006894284109404292,1.0354015919868989,2020
2020-10-14,3,3,-0.00328932032509599,1.0319958244857397,2020
2020-10-15,3,3,0.011386541680483697,1.0437466879553317,2020
2020-10-16,3,3,0.014752749466845275,1.0591448213495862,2020
2020-10-19,3,3,0.002966386542750129,1.0622866542944611,2020
2020-10-20,3,3,0.0005898460439836736,1.0629132398750734,2020
2020-10-21,3,3,0.005400134269227734,1.0686531140869386,2020
2020-10-22,3,3,-0.009797665438381639,1.05818280840543,2020
2020-10-23,3,3,0.014677632602531595,1.07371442689352,2020
2020-10-26,3,3,-0.007958776246519528,1.0651689740172146,2020
2020-10-27,3,3,0.0033740771030376835,1.0687629362633122,2020
2020-10-28,3,3,0.011904118505700612,1.0814856169110914,2020
2020-10-29,3,3,0.0027652538830375737,1.084476199212704,2020
2020-10-30,3,3,-0.006075510678437479,1.077887452483876,2020
2020-11-02,3,3,0.01601502197801763,1.0951498437252345,2020
2020-11-03,3,3,0.00960521595580858,1.1056689944781855,2020
2020-11-04,3,3,0.008108104958007956,1.11463387473423,2020
2020-11-05,3,3,-0.0076571644001969625,1.1060989399093615,2020
2020-11-06,3,3,0.0045580041473640325,1.1111405434648634,2020
2020-11-09,3,3,0.011146158981986268,1.1235254926136535,2020
2020-11-10,3,3,0.004110939168373499,1.1281442375679052,2020
2020-11-11,3,3,-0.012761211932833158,1.1137477498614965,2020
2020-11-12,3,3,0.024938724311573957,1.1415231979479281,2020
2020-11-13,3,3,-0.024257563359161183,1.113832626647754,2020
2020-11-16,3,3,0.005034019914135286,1.1194396822713124,2020
2020-11-17,3,3,0.0029588649525110386,1.122751953113635,2020
2020-11-18,3,3,0.021201887107893613,1.1465564132737174,2020
2020-11-19,3,3,0.009825658471392643,1.15782208500873,2020
2020-11-20,3,3,-0.0025423281938545816,1.1548785212785448,2020
2020-11-23,3,3,0.026667207547617904,1.185675906497766,2020
2020-11-24,3,3,-0.025275422265029768,1.155707447291563,2020
2020-11-25,3,3,-0.011799274872020407,1.1420709374493287,2020
2020-11-26,3,3,0.013549545188681086,1.1575454792249777,2020
2020-11-27,3,3,0.014497940573176363,1.1743275047935304,2020
2020-11-30,3,3,-0.005592530158613718,1.167760042806883,2020
2020-12-01,3,3,0.022674952111549535,1.19423894585531,2020
2020-12-02,3,3,-0.010557654516228143,1.181630583655145,2020
2020-12-03,3,3,0.0017861661488799419,1.1837411722041513,2020
2020-12-04,3,3,-0.01311536519505363,1.168215974434273,2020
2020-12-07,3,3,-0.017106161625363714,1.1482322831622687,2020
2020-12-08,3,3,-0.003713733321671094,1.1439680546712705,2020
2020-12-09,3,3,-0.010194371666531143,1.1323060191473129,2020
2020-12-10,3,3,-0.002375052494764033,1.1296167329117008,2020
2020-12-11,3,3,-0.00433322141274628,1.1247218534964514,2020
2020-12-14,3,3,0.008910229394981354,1.1347433832166534,2020
2020-12-15,3,3,0.0007001641169970263,1.1355378898155815,2020
2020-12-16,3,3,0.0018427760515646134,1.137630431844578,2020
2020-12-17,3,3,-0.0016808358125396012,1.1357182618732986,2020
2020-12-18,3,3,-0.005991967741573882,1.1289130746846374,2020
2020-12-21,3,3,0.008903564382684212,1.1389644249275461,2020
2020-12-22,3,3,-0.02519290899120752,1.1102705978261234,2020
2020-12-23,3,3,0.0024070805448650847,1.1129431085816863,2020
2020-12-24,3,3,0.004553265512604783,1.1180106340554825,2020
2020-12-25,3,3,-0.01065351404718177,1.106099892060674,2020
2020-12-28,3,3,0.0052134116141735465,1.1118664460843792,2020
2020-12-29,3,3,0.006798198101531076,1.119425134447306,2020
2020-12-30,3,3,0.006039248008991656,1.1261856204617322,2020
2020-12-31,3,3,0.038200289446623716,1.169206237133996,2020
2021-01-04,3,3,-0.010369096480278358,1.1570826248558104,2021
2021-01-05,3,3,0.0013604780010501398,1.158656810312324,2021
2021-01-06,3,3,0.030786351135188312,1.1943276257197764,2021
2021-01-07,3,3,0.011757320101439558,1.2083697179213562,2021
2021-01-08,3,3,0.002274755554409887,1.2111184636489785,2021
2021-01-11,3,3,0.0027940216550182604,1.2145023548632061,2021
2021-01-12,3,3,0.026629298447285937,1.2468437005357902,2021
2021-01-13,3,3,0.013073334555661878,1.2631441053715142,2021
2021-01-14,3,3,-0.02105133471407687,1.2365532360172253,2021
2021-01-15,3,3,0.013690080974326077,1.253481749947366,2021
2021-01-18,3,3,0.03562023922198417,1.2981310697408825,2021
2021-01-19,3,3,0.018387407580745602,1.3220003348134373,2021
2021-01-20,3,3,-0.002465892088185743,1.318740424647242,2021
2021-01-21,3,3,0.029412207672029272,1.357527491882467,2021
2021-01-22,3,3,-0.01048467287972125,1.3432942602048508,2021
2021-01-25,3,3,-0.004325785989623743,1.3374834567141147,2021
2021-01-26,3,3,-0.015397526211212561,1.3168895201322959,2021
2021-01-27,3,3,0.01828964257302627,1.3409749587636797,2021
2021-01-28,3,3,-0.024836707460805574,1.3076695560006004,2021
2021-01-29,3,3,0.017495135921065257,1.3305474126226702,2021
2021-02-01,3,3,0.05154788238801614,1.3991343141602228,2021
2021-02-02,3,3,-0.017398900638760744,1.3747909152478686,2021
2021-02-03,3,3,-0.005623297044316818,1.3670600575576015,2021
2021-02-04,3,3,0.0024311817473633792,1.3703836290170852,2021
2021-02-05,3,3,0.010429297654688289,1.3846757677852162,2021
2021-02-08,3,3,0.0025762910774085324,1.3882430956108651,2021
2021-02-09,3,3,0.02904987936226096,1.4285713900638524,2021
2021-02-10,3,3,0.022718165696372267,1.4610259116124198,2021
2021-02-18,3,3,0.00564085440167994,1.4692673460569072,2021
2021-02-19,3,3,-0.006831132515557521,1.4592305861152108,2021
2021-02-22,3,3,-0.031966532569201754,1.4125840440581836,2021
2021-02-23,3,3,0.028963070775218758,1.4534968157021853,2021
2021-02-24,3,3,-0.03615187012576101,1.4009501875927126,2021
2021-02-25,3,3,-0.006515200913702501,1.3918227156504568,2021
2021-02-26,3,3,-0.028708138764946822,1.3518660759933583,2021
2021-03-01,3,3,0.010402200194430907,1.3659284575519008,2021
2021-03-02,3,3,0.001831162700969206,1.3684296947955623,2021
2021-03-03,3,3,0.0396743329352377,1.4227212301053473,2021
2021-03-04,3,3,-0.01649843758475485,1.3992485526899485,2021
2021-03-05,3,3,-0.009108544652832506,1.3865034347673608,2021
2021-03-08,3,3,-0.02794526291689144,1.3477572317476139,2021
2021-03-09,3,3,-0.009205571395192588,1.335350356327374,2021
2021-03-10,3,3,-0.0095345571692849,1.3226183820139459,2021
2021-03-11,3,3,0.026526608562350045,1.3577029621109986,2021
2021-03-12,3,3,0.017625063921253032,1.3816325636042794,2021
2021-03-15,3,3,-0.007325370340471686,1.3715115934014228,2021
2021-03-16,3,3,-0.008068330961359097,1.3604457839485191,2021
2021-03-17,3,3,-0.01181881061996215,1.3443669328693055,2021
2021-03-18,3,3,0.016598159307818088,1.3666809493892331,2021
2021-03-19,3,3,-0.04534484833037411,1.3047090090231666,2021
2021-03-22,3,3,0.0412238539302221,1.3584941426325825,2021
2021-03-23,3,3,-0.01244227304193235,1.3415913875840821,2021
2021-03-24,3,3,-0.023139560983692187,1.310547551855884,2021
2021-03-25,3,3,0.002257379943381007,1.3135059556142905,2021
2021-03-26,3,3,0.026723942308299147,1.3486080129937343,2021
2021-03-29,3,3,-4.802938473528565e-05,1.3485432401806212,2021
2021-03-30,3,3,0.03194021491893192,1.391616001099463,2021
2021-03-31,3,3,0.003012181665097239,1.3958078013028306,2021
2021-04-01,3,3,-0.0058191658138963724,1.3876853642627192,2021
2021-04-02,3,3,-0.009553660594937822,1.3744278892799906,2021
2021-04-06,3,3,0.0029346968739104216,1.3784614185100759,2021
2021-04-07,3,3,-0.008801631279769628,1.366328709370962,2021
2021-04-08,3,3,-0.008238134834370156,1.355072709235093,2021
2021-04-09,3,3,-0.010689493984802864,1.3405876676607538,2021
2021-04-12,3,3,-0.014483530041420334,1.3211712259030317,2021
2021-04-13,3,3,0.0057242097395072316,1.3287338871019025,2021
2021-04-14,3,3,0.005817588470473385,1.336463914043834,2021
2021-04-15,3,3,-0.022790245857206865,1.3060055728634898,2021
2021-04-16,3,3,0.004901695400630087,1.312407214373192,2021
2021-04-19,3,3,0.03502676331616331,1.358376591245467,2021
2021-04-20,3,3,0.009496078517122161,1.3712758420117546,2021
2021-04-21,3,3,0.034013185855054605,1.4179173020846467,2021
2021-04-22,3,3,-0.006738731877603284,1.4083623375612837,2021
2021-04-23,3,3,0.0068688504172375415,1.4180361677912632,2021
2021-04-26,3,3,-0.011386771910110985,1.4018893133883363,2021
2021-04-27,3,3,0.004630631046353899,1.4083809455664642,2021
2021-04-28,3,3,0.005545022987484531,1.4161904502847653,2021
2021-04-29,3,3,0.01832438887515749,1.4421412748170677,2021
2021-04-30,3,3,-0.02805613368089895,1.401680366424058,2021
2021-05-06,3,3,-0.0010355105873987396,1.400228911564477,2021
2021-05-07,3,3,-0.0028649413134116766,1.3962173379075025,2021
2021-05-10,3,3,-0.004748085971525688,1.389587977952183,2021
2021-05-11,3,3,0.028105357517876055,1.4286428448750714,2021
2021-05-12,3,3,0.006933716749243961,1.4385486496972693,2021
2021-05-13,3,3,-0.011874718929038167,1.421466288816367,2021
2021-05-14,3,3,0.015601165827545449,1.4436428201064566,2021
2021-05-17,3,3,0.003703055166476029,1.448988709109998,2021
2021-05-18,3,3,0.012454521903529544,1.4670351707255753,2021
2021-05-19,3,3,-0.01628213559167428,1.4431487051580665,2021
2021-05-20,3,3,0.015279584773412772,1.46519941813917,2021
2021-05-21,3,3,-0.014543123436286609,1.4438908421423968,2021
2021-05-24,3,3,0.017322694783572585,1.468902922501625,2021
2021-05-25,3,3,0.058058109590144014,1.5541846493535072,2021
2021-05-26,3,3,0.001749675454378245,1.5569039680860524,2021
2021-05-27,3,3,-0.006565380232095149,1.5466823015507096,2021
2021-05-28,3,3,0.0028785001621033737,1.551134426806446,2021
2021-05-31,3,3,-0.006761660969832994,1.5406461816937445,2021
2021-06-01,3,3,-0.012786543453441915,1.520946642345138,2021
2021-06-02,3,3,-0.0035425646903088914,1.5155585904741224,2021
2021-06-03,3,3,-0.0099140608191323,1.5005332504332036,2021
2021-06-04,3,3,0.012635105185970849,1.5194926458874738,2021
2021-06-07,3,3,0.0010653615567921177,1.5211114549382307,2021
2021-06-08,3,3,0.002722965636617558,1.525253389159493,2021
2021-06-09,3,3,-0.0005471876205290771,1.5244187893867749,2021
2021-06-10,3,3,0.006869356167478635,1.5348905649994693,2021
2021-06-11,3,3,-0.03508732042589121,1.4810353679266557,2021
2021-06-15,3,3,0.0027432386722145985,1.4850982014228697,2021
2021-06-16,3,3,-0.004011550051987944,1.4791406556557447,2021
2021-06-17,3,3,0.01998826879193827,1.5087061166620754,2021
2021-06-18,3,3,0.013559728708876229,1.5291637623054353,2021
2021-06-21,3,3,-0.009832233070413846,1.5141286677916175,2021
2021-06-22,3,3,0.012865735808603581,1.5336090472116573,2021
2021-06-23,3,3,-0.003821327681473511,1.5277486245069891,2021
2021-06-24,3,3,-0.00893090765682684,1.514104442618673,2021
2021-06-25,3,3,0.006866697798555717,1.524501340261586,2021
2021-06-28,3,3,-0.008188531503048916,1.5120179130104137,2021
2021-06-29,3,3,-0.011154692268012653,1.4951518184870598,2021
2021-06-30,3,3,0.027214166597386253,1.5358411291637515,2021
2021-07-01,3,3,-0.00016348813386228103,1.5355900373636355,2021
2021-07-02,3,3,-0.03851998291846866,1.4764391353546176,2021
2021-07-05,3,3,0.015579978650316462,1.4994420255619343,2021
2021-07-06,3,3,0.007886487745443501,1.5112673567215313,2021
2021-07-07,3,3,0.00031816847913605323,1.5117481943579874,2021
2021-07-08,3,3,-0.015319487807240684,1.488588986326902,2021
2021-07-09,3,3,-0.0253015818797081,1.45092533020412,2021
2021-07-12,3,3,0.0009854574758597263,1.452355155417684,2021
2021-07-13,3,3,0.0006880997180201224,1.4533545205905918,2021
2021-07-14,3,3,-0.01822033775860162,1.4268739103424406,2021
2021-07-15,3,3,0.023481786176210218,1.4603794584055148,2021
2021-07-16,3,3,-0.005466153611535389,1.4523967999547394,2021
2021-07-19,3,3,0.0029121899254663797,1.456626455283347,2021
2021-07-20,3,3,-0.02214623783757182,1.4243676593641428,2021
2021-07-21,3,3,0.010114603379048607,1.438774573304555,2021
2021-07-22,3,3,0.022286505421792262,1.4708398306332437,2021
2021-07-23,3,3,-0.020771457814907895,1.4402883431387592,2021
2021-07-26,3,3,-0.03229185449794081,1.393778761527042,2021
2021-07-27,3,3,-0.05479754402156752,1.3174031084859381,2021
2021-07-28,3,3,0.0019253929323254833,1.3199396271200405,2021
2021-07-29,3,3,0.009575427714344534,1.3325786136068274,2021
2021-07-30,3,3,-0.014604545443751005,1.3131169086870358,2021
2021-08-02,3,3,0.019827638399637415,1.339152915928932,2021
2021-08-03,3,3,-0.00690984499007663,1.3298995768618538,2021
2021-08-04,3,3,-0.002732366180579001,1.3262658042344702,2021
2021-08-05,3,3,-0.015795078163028053,1.3053173321916354,2021
2021-08-06,3,3,0.002650379807711175,1.3087769188915315,2021
2021-08-09,3,3,0.027459873065450946,1.344715766955285,2021
2021-08-10,3,3,0.018298860265269168,1.369322532871304,2021
2021-08-11,3,3,-0.003210099067389227,1.3649268718855787,2021
2021-08-12,3,3,-0.0023569516761172693,1.3617098052071106,2021
2021-08-13,3,3,-0.011357008742250726,1.3462448550449648,2021
2021-08-16,3,3,-0.0031056241047994204,1.342063924572175,2021
2021-08-17,3,3,-0.0169341545600387,1.3193372066440179,2021
2021-08-18,3,3,0.024561386381932726,1.3517419575444614,2021
2021-08-19,3,3,-0.004061320475618024,1.346252100254534,2021
2021-08-20,3,3,-0.019565628300568145,1.3199118320620946,2021
2021-08-23,3,3,0.005231888008569959,1.32681746294863,2021
2021-08-24,3,3,-0.0023761505610626252,1.3236647448896168,2021
2021-08-25,3,3,0.00031777733908833206,1.324085375550093,2021
2021-08-26,3,3,-0.015503312494363467,1.3035576662037234,2021
2021-08-27,3,3,-0.005768945476825937,1.2960375131014956,2021
2021-08-30,3,3,-0.027813951173713287,1.2599895889927897,2021
2021-08-31,3,3,0.009204252233045551,1.2715868509808907,2021
2021-09-01,3,3,0.00375036740021506,1.2763557688533516,2021
2021-09-02,3,3,0.001717830543913797,1.2785483317779884,2021
2021-09-03,3,3,-0.010415045144918866,1.26523219318256,2021
2021-09-06,3,3,0.02362890445790659,1.2951282437923384,2021
2021-09-07,3,3,0.02161305995808475,1.3231199281788313,2021
2021-09-08,3,3,0.0015523052103683839,1.3251738141372855,2021
2021-09-09,3,3,-0.009959060746380644,1.3119763276227794,2021
2021-09-10,3,3,0.03886130945915611,1.3629614456936154,2021
2021-09-13,3,3,-0.009262430937410082,1.3503371094325258,2021
2021-09-14,3,3,-0.027937925106620336,1.31261149240051,2021
2021-09-15,3,3,0.001044463112150303,1.3139824666849067,2021
2021-09-16,3,3,-0.01644483005809161,1.2923742483209615,2021
2021-09-17,3,3,-0.005791247955811614,1.284889788597229,2021
2021-09-22,3,3,-0.014301015704104839,1.266514559552456,2021
2021-09-23,3,3,-0.003720138215626297,1.2618029503388177,2021
2021-09-24,3,3,0.0036870457772203804,1.2664552755785488,2021
2021-09-27,3,3,0.008913766829164413,1.277744162604621,2021
2021-09-28,3,3,0.00661188248335709,1.2861924568515581,2021
2021-09-29,3,3,0.0035873874051134402,1.2908065274718192,2021
2021-09-30,3,3,-0.00858985689894487,1.2797186841166124,2021
2021-10-08,3,3,0.030658820276137828,1.3189533492569592,2021
2021-10-11,3,3,0.0163999601355298,1.3405841316053968,2021
2021-10-12,3,3,-0.005955199842457885,1.3326006851960588,2021
2021-10-13,3,3,0.0049618226286634775,1.339212813430837,2021
2021-10-14,3,3,-0.011143062769014889,1.3242898809897081,2021
2021-10-15,3,3,0.016869645642530646,1.3466301820099935,2021
2021-10-18,3,3,-0.014275589464698831,1.3274062423708461,2021
2021-10-19,3,3,0.005106340543817829,1.3341844306843813,2021
2021-10-20,3,3,-0.010498104691395449,1.3201780228534268,2021
2021-10-21,3,3,0.009042321153243734,1.332115496515522,2021
2021-10-22,3,3,0.010916272651089779,1.3466572324782273,2021
2021-10-25,3,3,-0.003954338721014176,1.341332093639905,2021
2021-10-26,3,3,0.018359026632058646,1.3659576452694748,2021
2021-10-27,3,3,-0.014436519693499239,1.3462379708230563,2021
2021-10-28,3,3,0.007926068933622021,1.3569083457808593,2021
2021-10-29,3,3,-0.0064090702947845095,1.34821182480917,2021
2021-11-01,3,3,-0.013217838171863542,1.3303913790874495,2021
2021-11-02,3,3,-0.03580639787966581,1.282754856032167,2021
2021-11-03,3,3,0.009372108646284794,1.29477697390945,2021
2021-11-04,3,3,-0.0015492421007486195,1.2927710509103896,2021
2021-11-05,3,3,-0.0047763183580736834,1.2865963648071401,2021
2021-11-08,3,3,-0.004803301926192567,1.2804164540098295,2021
2021-11-09,3,3,0.008160066049036704,1.290864736844823,2021
2021-11-10,3,3,-0.0039757700643597476,1.2857325554669377,2021
2021-11-11,3,3,0.024310217137883578,1.3169889930715848,2021
2021-11-12,3,3,-0.003907251840078933,1.311843185405042,2021
2021-11-15,3,3,0.006830173138535993,1.3208033014919671,2021
2021-11-16,3,3,-0.009204205591475648,1.3086463563591353,2021
2021-11-17,3,3,-0.004881442976924351,1.3022582737936084,2021
2021-11-18,3,3,-0.01507331244110995,1.2826289279536967,2021
2021-11-19,3,3,0.0137855520047759,1.3003106757428322,2021
2021-11-22,3,3,0.003021555815654886,1.3042396370272809,2021
2021-11-23,3,3,-0.006022600732252951,1.296384722434287,2021
2021-11-24,3,3,-0.010913693038087646,1.2822363775143728,2021
2021-11-25,3,3,-0.008654222065152354,1.2711396191633468,2021
2021-11-26,3,3,-0.007076938954643712,1.262143841675699,2021
2021-11-29,3,3,-0.0058811850700496065,1.2547209401577808,2021
2021-11-30,3,3,-0.0029352819446049803,1.2510379804366178,2021
2021-12-01,3,3,0.007948125066158532,1.2609813867676425,2021
2021-12-02,3,3,-0.006327942265199764,1.2530019693546854,2021
2021-12-03,3,3,0.00409351403105888,1.2581311504971833,2021
2021-12-06,3,3,0.0049606760223570205,1.2643723315284352,2021
2021-12-07,3,3,0.00886952636886825,1.275586715262994,2021
2021-12-08,3,3,0.007565341553802951,1.2852369644454524,2021
2021-12-09,3,3,0.011383734575306356,1.2998677609150717,2021
2021-12-10,3,3,-0.00724217403524204,1.2904538923677242,2021
2021-12-13,3,3,-0.006410583553685438,1.2821813298685223,2021
2021-12-14,3,3,-0.01629854126052162,1.2612836445601896,2021
2021-12-15,3,3,-0.0014590530794406826,1.2594433647745458,2021
2021-12-16,3,3,0.002921012651171321,1.263122214776486,2021
2021-12-17,3,3,-0.015241031848186926,1.2438709288729253,2021
2021-12-20,3,3,-0.002584188019708056,1.2406565325204688,2021
2021-12-21,3,3,0.0003855532538777536,1.2411348716835267,2021
2021-12-22,3,3,-0.006424593216329562,1.2331610850063586,2021
2021-12-23,3,3,-0.004130145138554549,1.2280679507460648,2021
2021-12-24,3,3,-0.0005726285340598528,1.2273647239957033,2021
2021-12-27,3,3,0.0014039535460977914,1.2290878870523125,2021
2021-12-28,3,3,-0.0003703246156668838,1.228632725552919,2021
2021-12-29,3,3,-0.014857324362036165,1.2103785306275667,2021
2021-12-30,3,3,0.007335397048142456,1.2192571377282673,2021
2021-12-31,3,3,-0.00322617521588342,1.2153236005687393,2021
2022-01-04,3,3,0.008611259493413717,1.2257890674617067,2022
2022-01-05,3,3,0.012897324058989986,1.2415984662927275,2022
2022-01-06,3,3,-0.013927370282451093,1.2243062647105454,2022
2022-01-07,3,3,-0.0008697113822920081,1.2232414716167153,2022
2022-01-10,3,3,0.00260625549839281,1.2264295514279784,2022
2022-01-11,3,3,-0.0012011294704479998,1.2249564507503299,2022
2022-01-12,3,3,-0.013146098698272731,1.2088530523476801,2022
2022-01-13,3,3,-0.010239198348863554,1.1964753661700631,2022
2022-01-14,3,3,-0.022580115756348773,1.1694588139023232,2022
2022-01-17,3,3,0.003961538750487104,1.174091670310696,2022
2022-01-18,3,3,0.01691001383859514,1.1939455767034293,2022
2022-01-19,3,3,-0.0027487584547683333,1.1906637087049325,2022
2022-01-20,3,3,0.027169333611085866,1.2230132482253495,2022
2022-01-21,3,3,-0.006365866866559118,1.215227708711109,2022
2022-01-24,3,3,-0.0034474691042260717,1.2110382487307279,2022
2022-01-25,3,3,-0.026530107615861498,1.178909273664977,2022
2022-01-26,3,3,-0.002739822408591238,1.1756792716192936,2022
2022-01-27,3,3,-0.02713110676451676,1.1437817917801612,2022
2022-01-28,3,3,-0.02277964414909021,1.1177268495792003,2022
2022-02-07,3,3,0.024975567960008254,1.1456427124715916,2022
2022-02-08,3,3,0.021943933101770712,1.1707826195125994,2022
2022-02-09,3,3,0.008899594340642728,1.1812021098873366,2022
2022-02-10,3,3,0.00904766525938753,1.1918892311812797,2022
2022-02-11,3,3,0.009093413745391965,1.202727573099088,2022
2022-02-14,3,3,-0.004061536185371047,1.1978426515398026,2022
2022-02-15,3,3,-0.00923081876428733,1.1867855831153054,2022
2022-02-16,3,3,0.007393764634750759,1.1955603963887755,2022
2022-02-17,3,3,-0.0023916594071266375,1.1927010231199644,2022
2022-02-18,3,3,0.02426811965706044,1.2216456342641382,2022
2022-02-21,3,3,-0.010257175082355685,1.2091150011048954,2022
2022-02-22,3,3,-0.011306153757893197,1.1954445609914282,2022
2022-02-23,3,3,-0.00167660217895312,1.1934402760356522,2022
2022-02-24,3,3,-0.018329799005843157,1.1715647556504407,2022
2022-02-25,3,3,-0.0007867431776466353,1.1706430350717616,2022
2022-02-28,3,3,-0.007576313372217276,1.1617738765910544,2022
2022-03-01,3,3,0.01279304393247808,1.1766365008338893,2022
2022-03-02,3,3,-0.006062055985039949,1.1695036644917927,2022
2022-03-03,3,3,-0.004069427177619267,1.1647444544951844,2022
2022-03-04,3,3,-0.0093382972541148,1.1538677245540265,2022
2022-03-07,3,3,-0.040965279166985745,1.1065992110958962,2022
2022-03-08,3,3,-0.020481679983710494,1.0839342001840035,2022
2022-03-09,3,3,-0.02078887539120104,1.061400427164117,2022
2022-03-10,3,3,0.024249329187217377,1.087138675521873,2022
2022-03-11,3,3,0.010160593606408641,1.0981846497976602,2022
2022-03-14,3,3,-0.022034703840232688,1.0739864762774791,2022
2022-03-15,3,3,-0.038215003672927995,1.0329440791418603,2022
2022-03-16,3,3,0.03448174229110915,1.068561790679957,2022
2022-03-17,3,3,0.009880530955016361,1.0791197485301178,2022
2022-03-18,3,3,0.013324535741931376,1.0934985181892314,2022
2022-03-21,3,3,-0.002914695730728297,1.0903113027267075,2022
2022-03-22,3,3,0.01810501598721026,1.1100514062936107,2022
2022-03-23,3,3,-0.008381064860034574,1.1007479934594913,2022
2022-03-24,3,3,0.0023523501009717895,1.1033373381130502,2022
2022-03-25,3,3,-0.012738861063488538,1.089282077056669,2022
2022-03-28,3,3,-0.00483422862375249,1.084016238460421,2022
2022-03-29,3,3,-0.005640535328914176,1.0779018065702684,2022
2022-03-30,3,3,0.02877352136135906,1.1089168372270655,2022
2022-03-31,3,3,0.003535545870665032,1.1128374635718346,2022
2022-04-01,3,3,0.011469228816368323,1.1256008510769668,2022
2022-04-06,3,3,0.014994181666407425,1.1424783147218778,2022
2022-04-07,3,3,-0.011586067821794202,1.129241483482581,2022
2022-04-08,3,3,0.0034902621528294375,1.1331828322937851,2022
2022-04-11,3,3,-0.030174861173017636,1.0989891976456734,2022
2022-04-12,3,3,0.00040739470156055574,1.0994369200218665,2022
2022-04-13,3,3,-0.008867617019427176,1.089687534478094,2022
2022-04-14,3,3,0.006010148972220001,1.0962367188934785,2022
2022-04-15,3,3,0.010351635707749995,1.107584562056923,2022
2022-04-18,3,3,-0.028265600241605404,1.0762780195920483,2022
2022-04-19,3,3,0.005748165736838414,1.0824646440275796,2022
2022-04-20,3,3,-0.0008575714539693635,1.0815363532489304,2022
2022-04-21,3,3,-0.010941428571355974,1.0697028004925324,2022
2022-04-22,3,3,-0.0017655302168556597,1.0678142078752078,2022
2022-04-25,3,3,-0.07247431662602215,0.9904251028758949,2022
2022-04-26,3,3,-0.016064791743545137,0.9745141298606144,2022
2022-04-27,3,3,0.04260544275107999,1.0160337358305094,2022
2022-04-28,3,3,0.0022998973834645144,1.0183705091610575,2022
2022-04-29,3,3,0.014328125923524726,1.0329618500531212,2022
2022-05-05,3,3,-0.0014829785995293203,1.0314299897353623,2022
2022-05-06,3,3,-0.020938079814487587,1.009833826287227,2022
2022-05-09,3,3,-0.018447616824946778,0.9912047988030104,2022
2022-05-10,3,3,0.005837649359978547,0.9969911048623504,2022
2022-05-11,3,3,0.0037289894262889276,1.0007088741504861,2022
2022-05-12,3,3,-0.00926479978411828,0.9914375067892914,2022
2022-05-13,3,3,0.012791531449998894,1.0041195108380951,2022
2022-05-16,3,3,-0.013888150278447068,0.9901741481740549,2022
2022-05-17,3,3,0.015158194285833723,1.005183400288887,2022
2022-05-18,3,3,-0.0005227041153578934,1.0046579867888665,2022
2022-05-19,3,3,-0.009876580900305002,0.9947354009052087,2022
2022-05-20,3,3,0.022855923924196924,1.0174709975530039,2022
2022-05-23,3,3,-0.004131526003146813,1.013267289669166,2022
2022-05-24,3,3,-0.032666348482770245,0.9801675472786407,2022
2022-05-25,3,3,0.0006033084790731206,0.9807588906708262,2022
2022-05-26,3,3,-0.0021498424548940984,0.9786504135696472,2022
2022-05-27,3,3,0.004034927960537431,0.9825991974869509,2022
2022-05-30,3,3,-0.0005762758012896793,0.9820329493470725,2022
2022-05-31,3,3,0.010419361666822077,0.9922651058150556,2022
2022-06-01,3,3,-0.0026383683430267015,0.9896471449719831,2022
2022-06-02,3,3,-0.0005796621919706979,0.9890734839386511,2022
2022-06-06,3,3,0.021508554640145488,1.0103470250110647,2022
2022-06-07,3,3,-0.004880815938708372,1.005415707147764,2022
2022-06-08,3,3,0.003910323540456136,1.0093472078553682,2022
2022-06-09,3,3,-0.0003448398405152542,1.008999144725187,2022
2022-06-10,3,3,0.001661825835459818,1.0106759255718483,2022
2022-06-13,3,3,-0.018430712375824426,0.9920484482824634,2022
2022-06-14,3,3,0.01173169483653965,1.0036868579407758,2022
2022-06-15,3,3,0.028937276746587488,1.0327308223159208,2022
2022-06-16,3,3,-0.011640132918468105,1.0207096982751647,2022
2022-06-17,3,3,0.003459528868412424,1.0242408729426162,2022
2022-06-20,3,3,0.027531779135488876,1.0524400464380126,2022
2022-06-21,3,3,0.006049642800024809,1.058806932787404,2022
2022-06-22,3,3,-0.02275096293182795,1.0347180555075952,2022
2022-06-23,3,3,0.007543703172018024,1.0425236613850721,2022
2022-06-24,3,3,0.0027214355613880046,1.045360822350754,2022
2022-06-27,3,3,0.009607807492249135,1.0554044478918394,2022
2022-06-28,3,3,0.017033163566373705,1.0733813244814594,2022
2022-06-29,3,3,-0.01121038094346368,1.0613483109364226,2022
2022-06-30,3,3,0.003933097479951335,1.0655226973035172,2022
2022-07-01,3,3,-0.0030569578550085166,1.0622654393243054,2022
2022-07-04,3,3,0.008532604309264355,1.0713293299894666,2022
2022-07-05,3,3,0.013254618648699553,1.0855293917056437,2022
2022-07-06,3,3,-0.015565604830353408,1.0686324701626198,2022
2022-07-07,3,3,-0.010020228193680314,1.057924528956414,2022
2022-07-08,3,3,0.0003299099525558846,1.0582735487875696,2022
2022-07-11,3,3,-0.01369170161969672,1.0437839831255527,2022
2022-07-12,3,3,-0.0043758958253388896,1.039216493151238,2022
2022-07-13,3,3,-0.014593676242396159,1.0240505041044305,2022
2022-07-14,3,3,-0.021025483767320646,1.0025193468534663,2022
2022-07-15,3,3,-0.016875409301831807,0.985601422542309,2022
2022-07-18,3,3,0.02387224698530299,1.009129943130305,2022
2022-07-19,3,3,0.004870627334872202,1.0140450390157534,2022
2022-07-20,3,3,0.0035605835865569016,1.0176556311377023,2022
2022-07-21,3,3,-0.017884936544162677,0.9994549247509946,2022
2022-07-22,3,3,-0.0022062699742316414,0.9972498573599186,2022
2022-07-25,3,3,0.0007928948063159839,0.9980405715924187,2022
2022-07-26,3,3,0.010341229028024257,1.0083615377225161,2022
2022-07-27,3,3,0.0011481965551348727,1.0095193349664597,2022
2022-07-28,3,3,0.004091104986639042,1.0136493845518495,2022
2022-07-29,3,3,-0.018166907344501253,0.9952345101028853,2022
2022-08-01,3,3,-0.005619795885591916,0.9896414952978101,2022
2022-08-02,3,3,-0.025604009973484516,0.9643027045820308,2022
2022-08-03,3,3,-0.009871079281273362,0.9547839961339553,2022
2022-08-04,3,3,0.008168718543774286,0.9625833578684736,2022
2022-08-05,3,3,0.01756787176714421,0.979493898864694,2022
2022-08-08,3,3,-0.007213178591200446,0.9724286344431917,2022
2022-08-09,3,3,-0.004817924051102855,0.9677435471373268,2022
2022-08-10,3,3,-0.011331810034085454,0.9567772610994546,2022
2022-08-11,3,3,0.018890174946755007,0.9748509509467003,2022
2022-08-12,3,3,0.00397076380047523,0.9787218538135781,2022
2022-08-15,3,3,-0.016599411427255666,0.9624756470892802,2022
2022-08-16,3,3,-0.0052513552058775686,0.9574213455894075,2022
2022-08-17,3,3,0.01718157555856159,0.9738713527800316,2022
2022-08-18,3,3,-0.015324828351791128,0.9589469414619509,2022
2022-08-19,3,3,0.005457066353847166,0.9641799785513275,2022
2022-08-22,3,3,0.0008296615945671363,0.9649799216497821,2022
2022-08-23,3,3,-0.005151287175672481,0.9600090329546062,2022
2022-08-24,3,3,-0.01416402033393512,0.9464114454910757,2022
2022-08-25,3,3,0.007276850181099211,0.9532983397895918,2022
2022-08-26,3,3,-0.001200533505117211,0.9521538731923018,2022
2022-08-29,3,3,-0.012377029996461064,0.9403690361425541,2022
2022-08-30,3,3,0.008721479953627561,0.9485704458402834,2022
2022-08-31,3,3,0.013438301225408825,0.9613176212250055,2022
2022-09-01,3,3,-0.009293122809975,0.9523839785115685,2022
2022-09-02,3,3,-0.002187671828176104,0.9503004749121725,2022
2022-09-05,3,3,-0.0033268902589737395,0.9471389295190891,2022
2022-09-06,3,3,0.0009532735384111998,0.9480418119977988,2022
2022-09-07,3,3,-0.006555895678302319,0.9418265487796725,2022
2022-09-08,3,3,-0.0011485696185937015,0.9407447954197593,2022
2022-09-09,3,3,0.02023772321388721,0.9597833282043694,2022
2022-09-13,3,3,0.008459322208896372,0.9679024446283772,2022
2022-09-14,3,3,-0.014752337325086776,0.9536236212674433,2022
2022-09-15,3,3,0.0037970257445048374,0.9572445547079637,2022
2022-09-16,3,3,-0.026566608717755624,0.931813813175835,2022
2022-09-19,3,3,-0.004758132440421299,0.9273801196429303,2022
2022-09-20,3,3,-0.008140379543965256,0.9198308934875089,2022
2022-09-21,3,3,0.005017262209924415,0.9244459262689249,2022
2022-09-22,3,3,-0.011665991788625115,0.9136613476840436,2022
2022-09-23,3,3,-0.004256910149491218,0.9097719734198896,2022
2022-09-26,3,3,-0.018005254302439266,0.8933912976812325,2022
2022-09-27,3,3,0.013134314569832236,0.9051253800189284,2022
2022-09-28,3,3,-0.0048754607054044925,0.9007124767951818,2022
2022-09-29,3,3,-0.01917782388782648,0.8834387715416359,2022
2022-09-30,3,3,-0.0010076921946146438,0.8825485371871334,2022
2022-10-10,3,3,-0.025612289140884387,0.859944448871832,2022
2022-10-11,3,3,-0.005883416369349859,0.8548850376246079,2022
2022-10-12,3,3,0.010070476541655124,0.8634941373418183,2022
2022-10-13,3,3,-0.008776493256262027,0.8559156868686161,2022
2022-10-14,3,3,0.02204427154682172,0.8747837246911322,2022
2022-10-17,3,3,0.007608692834605746,0.8814396853490193,2022
2022-10-18,3,3,-0.007623007623007642,0.8747204639083823,2022
2022-10-19,3,3,-0.0144342627178361,0.8620945189276612,2022
2022-10-20,3,3,-0.0006059496407896011,0.8615721330635903,2022
2022-10-21,3,3,0.001941012943400137,0.8632444557255395,2022
2022-10-24,3,3,-0.01733107106927952,0.8482835047131987,2022
2022-10-25,3,3,-0.002305998452200734,0.8463273642643027,2022
2022-10-26,3,3,0.010947679347714531,0.8555926848714647,2022
2022-10-27,3,3,0.002195978950491284,0.8574715483976367,2022
2022-10-28,3,3,-0.022817182512307094,0.8379064635787372,2022
2022-10-31,3,3,-0.001688626507415562,0.8364915525136034,2022
2022-11-01,3,3,0.022950545569950947,0.855689490008446,2022
2022-11-02,3,3,-0.00013973980700998645,0.8555699161242517,2022
2022-11-03,3,3,-0.013540191606907856,0.8439853355268232,2022
2022-11-04,3,3,0.025127685374035424,0.8651927334982409,2022
2022-11-07,3,3,-0.003294404468982622,0.862342438690473,2022
2022-11-08,3,3,0.0007139371737859465,0.8629580970139873,2022
2022-11-09,3,3,-0.0058518518518519596,0.8579081940759054,2022
2022-11-10,3,3,-0.00755053301039077,0.8514305299366505,2022
2022-11-11,3,3,0.03565893482914362,0.8817916357152047,2022
2022-11-14,3,3,0.020942288074741893,0.9002583701722503,2022
2022-11-15,3,3,0.011708239981726987,0.9107988112157854,2022
2022-11-16,3,3,-0.009624108016376143,0.9020331850754577,2022
2022-11-17,3,3,0.0013517586577663037,0.903252516242976,2022
2022-11-18,3,3,-0.01578495211715225,0.8889947185243833,2022
2022-11-21,3,3,-0.013680817785778529,0.8768325437677317,2022
2022-11-22,3,3,0.013187253264992224,0.8883955565933841,2022
2022-11-23,3,3,0.0001612665203097515,0.8885388250534545,2022
2022-11-24,3,3,-0.00906827538576808,0.880481310296923,2022
2022-11-25,3,3,0.018248163750085793,0.8965484774261113,2022
2022-11-28,3,3,-0.02604126972218294,0.8732012167064456,2022
2022-11-29,3,3,0.06106587066154523,0.9265240092673453,2022
2022-11-30,3,3,-0.002936883586162472,0.9238029161123426,2022
2022-12-01,3,3,0.009598797315797011,0.9326703130638471,2022
2022-12-02,3,3,-0.005385677411609298,0.9276472516263005,2022
2022-12-05,3,3,0.03070978975483755,0.9561351036903971,2022
2022-12-06,3,3,-0.0028538812785388057,0.9534064076182214,2022
2022-12-07,3,3,-0.0043875514204109916,0.949223287980247,2022
2022-12-08,3,3,0.006528742805421632,0.9554205226923868,2022
2022-12-09,3,3,0.009479691497902657,0.9644776144982755,2022
2022-12-12,3,3,-0.015829657108171708,0.9492102645722603,2022
2022-12-13,3,3,-0.005052169180673305,0.9444146937276096,2022
2022-12-14,3,3,0.006503856073183971,0.9505570309690141,2022
2022-12-15,3,3,-0.005973224241693183,0.9448791406685181,2022
2022-12-16,3,3,0.011651517826086607,0.9558884168195146,2022
2022-12-19,3,3,-0.020674119662370354,0.9361262653063143,2022
2022-12-20,3,3,-0.025349016059830125,0.9123963855730357,2022
2022-12-21,3,3,0.0040905429148246535,0.9161285821435531,2022
2022-12-22,3,3,0.015925655040754938,0.9307185299157472,2022
2022-12-23,3,3,0.0022908519014184225,0.9328506682296901,2022
2022-12-26,3,3,-0.01682160131863164,0.9171586261989111,2022
2022-12-27,3,3,0.02037469601105964,0.9358454544016349,2022
2022-12-28,3,3,0.00013343005298986169,0.935970324310206,2022
2022-12-29,3,3,-0.0016018514414067135,0.9344710388970958,2022
2022-12-30,3,3,0.003286078400288902,0.937541783993711,2022
2023-01-03,3,3,0.03108326835681056,0.9666836468613105,2023
2023-01-04,3,3,0.017542876536405887,0.983642058727961,2023
2023-01-05,3,3,0.009065645528403055,0.9925594089592172,2023
2023-01-06,3,3,-0.0015235259915903725,0.9910472189014703,2023
2023-01-09,3,3,0.005689396006233638,0.9966856789906773,2023
2023-01-10,3,3,-0.011655701868052315,0.9850686078602047,2023
2023-01-11,3,3,-0.0019080328821804808,0.9831890645652037,2023
2023-01-12,3,3,-0.00048551165146907643,0.9827117148187604,2023
2023-01-13,3,3,0.010526733470043662,0.993056459118547,2023
2023-01-16,3,3,0.022195422062455505,1.015097766360531,2023
2023-01-17,3,3,-0.0013057316743181335,1.0137723210544645,2023
2023-01-18,3,3,0.002953880266075385,1.0167668831079206,2023
2023-01-19,3,3,0.031253949703137884,1.0485448641323918,2023
2023-01-20,3,3,-0.003752286301148544,1.0446104236025682,2023
2023-01-30,3,3,0.03623222835871761,1.0824589870164332,2023
2023-01-31,3,3,-0.01436735983743409,1.0669069092407037,2023
2023-02-01,3,3,0.012059629342063838,1.0797734111086337,2023
2023-02-02,3,3,-0.00345293900860999,1.0760450193769568,2023
2023-02-03,3,3,-0.004402786187939212,1.0713074232280433,2023
2023-02-06,3,3,0.02128953876861221,1.094115064147959,2023
2023-02-07,3,3,-0.003249706891916467,1.0905595108834476,2023
2023-02-08,3,3,-0.007709949119791022,1.082151352542432,2023
2023-02-09,3,3,0.0045860723910367,1.08711417698325,2023
2023-02-10,3,3,0.005773095021508061,1.0933901904262027,2023
2023-02-13,3,3,-0.0008045304237194184,1.0925105247530085,2023
2023-02-14,3,3,-0.0033074950375756216,1.0888970516138887,2023
2023-02-15,3,3,0.014006906628693194,1.1041491309441038,2023
2023-02-16,3,3,-0.01763456600818562,1.0846779402115894,2023
2023-02-17,3,3,-0.020528156805771986,1.0624115013711641,2023
2023-02-20,3,3,0.05831235169843496,1.1243632144875817,2023
2023-02-21,3,3,-0.0015877828947944428,1.1225779698080822,2023
2023-02-22,3,3,-0.006701133662157151,1.1150554247862052,2023
2023-02-23,3,3,-0.012562923160880183,1.1010470691644936,2023
2023-02-24,3,3,-0.0030421609967215732,1.0976975067151267,2023
2023-02-27,3,3,-0.015085947071589167,1.0811377002282068,2023
2023-02-28,3,3,0.007485353109487836,1.0892303976743944,2023
2023-03-01,3,3,0.02593262872376867,1.1174770051719274,2023
2023-03-02,3,3,0.009288311919179337,1.1278564801584747,2023
2023-03-03,3,3,0.0043807693776771,1.1327973592891678,2023
2023-03-06,3,3,-0.015426979433508459,1.1153217177250812,2023
2023-03-07,3,3,-0.01543537715840774,1.0981063063590313,2023
2023-03-08,3,3,-0.005946911263210453,1.0915759655975423,2023
2023-03-09,3,3,-0.013893208285473765,1.0764104733480786,2023
2023-03-10,3,3,-0.012708753164561363,1.0627306383385493,2023
2023-03-13,3,3,0.0034818651337944853,1.0664309230947955,2023
2023-03-14,3,3,-0.014733131750908846,1.0507190558015964,2023
2023-03-15,3,3,0.0090037162659804,1.0601794320552929,2023
2023-03-16,3,3,0.0001696041513401895,1.060359242888135,2023
2023-03-17,3,3,0.020726487212255007,1.0823367651762523,2023
2023-03-20,3,3,-0.01209974455550463,1.0692407667945885,2023
2023-03-21,3,3,0.0023355798792567364,1.0717380640155951,2023
2023-03-22,3,3,0.010322779322709716,1.0828013795421763,2023
2023-03-23,3,3,0.03854391184904834,1.1245367804652777,2023
2023-03-24,3,3,0.01714590681294544,1.143817983310865,2023
2023-03-27,3,3,-0.007475746117972674,1.1352670904624615,2023
2023-03-28,3,3,-0.00942087757507922,1.1245718781881984,2023
2023-03-29,3,3,0.0013248528779495523,1.1260617704774771,2023
2023-03-30,3,3,0.0036041446049785244,1.1301202599324163,2023
2023-03-31,3,3,0.023374757453886102,1.1565365469020592,2023
2023-04-03,3,3,0.033926706479633216,1.195774022861774,2023
2023-04-04,3,3,-0.015955487388034133,1.176694865521064,2023
2023-04-06,3,3,-0.01353996801151273,1.1607624546825976,2023
2023-04-07,3,3,0.011917939794016416,1.1745963517326594,2023
2023-04-10,3,3,-0.03270844600447013,1.1361771303849642,2023
2023-04-11,3,3,-0.0008173052687438324,1.1352485268300743,2023
2023-04-12,3,3,0.010339759068386986,1.1469867230802384,2023
2023-04-13,3,3,-0.009704044581473522,1.1358563127851096,2023
2023-04-14,3,3,0.005631622552590088,1.142253026812692,2023
2023-04-17,3,3,0.008432771678085463,1.1518853857864055,2023
2023-04-18,3,3,0.018796060479470356,1.1735362931630648,2023
2023-04-19,3,3,-0.01200542766875834,1.1594474880788328,2023
2023-04-20,3,3,0.03583732397366942,1.2009989833395711,2023
2023-04-21,3,3,-0.04312065742153633,1.149211117615372,2023
2023-04-24,3,3,-0.013459837867391689,1.1337429222968651,2023
2023-04-25,3,3,0.02321843663333915,1.1600666604967118,2023
2023-04-26,3,3,-0.03317885668070808,1.1215769750280238,2023
2023-04-27,3,3,-0.003943149248441191,1.1171544296218732,2023
2023-04-28,3,3,0.047229751699328304,1.169917355942719,2023
2023-05-04,3,3,0.006306694709689475,1.1772956675422168,2023
2023-05-05,3,3,-0.001296924612424773,1.1757688038148801,2023
2023-05-08,3,3,0.06129209565192132,1.247834137802847,2023
2023-05-09,3,3,-0.00767033981945638,1.2382628259275807,2023
2023-05-10,3,3,-0.015877736311238826,1.2186020152934933,2023
2023-05-11,3,3,-0.017470599180050745,1.1973123079242987,2023
2023-05-12,3,3,-0.004269741935092182,1.1922000933537522,2023
2023-05-15,3,3,0.013546424886870115,1.2083501423684884,2023
2023-05-16,3,3,-0.032431654652427665,1.1691613478519818,2023
2023-05-17,3,3,-0.011521605448409078,1.155690732096501,2023
2023-05-18,3,3,0.01998519478991101,1.1787874364943445,2023
2023-05-19,3,3,-0.01869038891677033,1.1567554408560625,2023
2023-05-22,3,3,-0.004655371105231991,1.1513703150008814,2023
2023-05-23,3,3,-0.008694747431009064,1.1413594409123873,2023
2023-05-24,3,3,-0.029056484010557788,1.1081955485672172,2023
2023-05-25,3,3,-0.007243162739406246,1.1001687078618592,2023
2023-05-26,3,3,0.012301344978426979,1.1137022626717383,2023
2023-05-29,3,3,-0.0037925828595198143,1.1094784545597212,2023
2023-05-30,3,3,0.02045127907843843,1.1321687080654366,2023
2023-05-31,3,3,-0.012541061871523337,1.1179701102485853,2023
2023-06-01,3,3,0.02948399262949312,1.1509323327391483,2023
2023-06-02,3,3,0.0208323024407866,1.1749089031836504,2023
2023-06-05,3,3,0.0029142300194932393,1.178332857979478,2023
2023-06-06,3,3,-0.020313091628442193,1.1543972746665367,2023
2023-06-07,3,3,0.014605758997544127,1.171258123047738,2023
2023-06-08,3,3,0.00790227153027275,1.1805137227680988,2023
2023-06-09,3,3,0.002860603114300956,1.1838907039999245,2023
2023-06-12,3,3,0.0012029129539240142,1.185314821463796,2023
2023-06-13,3,3,0.03193287544052873,1.223165332015412,2023
2023-06-14,3,3,-0.002204190128834956,1.2204692430646507,2023
2023-06-15,3,3,-0.002688998145591981,1.2171874035332977,2023
2023-06-16,3,3,0.00618914903529566,1.2247207577776498,2023
2023-06-19,3,3,-0.004850460641466177,1.2187802979452627,2023
2023-06-20,2,2,-0.00852461335420951,1.208390667141551,2023
2023-06-21,3,3,-0.0146590297211416,1.1906768324371728,2023
2023-06-26,3,3,-0.03376166386232297,1.1504776014517737,2023
2023-06-27,3,3,0.004870760455203553,1.1560813022575225,2023
2023-06-28,3,3,-0.012461912390012375,1.1416743183530578,2023
2023-06-29,3,3,-0.00717837872731882,1.1334789477126659,2023
2023-06-30,3,3,-0.00028970401172678795,1.1331505743143058,2023
2023-07-03,3,3,0.0040084541877383195,1.137692756479254,2023
2023-07-04,3,3,-0.0028166741475693646,1.1344882467042021,2023
2023-07-05,3,3,-0.012494339531526602,1.1203135653553535,2023
2023-07-06,3,3,0.007158267661928841,1.1283330697214569,2023
2023-07-07,3,3,0.006483703121805092,1.1356488463680456,2023
2023-07-10,3,3,-0.013253422988841764,1.1205976118403398,2023
2023-07-11,3,3,0.020231104692876627,1.1432685394440694,2023
2023-07-12,3,3,-0.005498546577373216,1.1369822241294907,2023
2023-07-13,3,3,0.015539273739250348,1.1546501021469004,2023
2023-07-14,3,3,0.01216290386685633,1.168694000339169,2023
2023-07-17,3,3,-0.006998693043379485,1.160514669769156,2023
2023-07-18,3,3,-0.017326966934007444,1.1404064704596353,2023
2023-07-19,3,3,0.006253114653467525,1.1475375628709754,2023
2023-07-20,3,3,-0.017438727438392327,1.1275259680867515,2023
2023-07-21,3,3,0.004496534176707072,1.1325959271373784,2023
2023-07-24,3,3,-0.008262786544279995,1.1232375287505214,2023
2023-07-25,3,3,0.027845311284427392,1.1545144273849308,2023
2023-07-26,3,3,-0.008888092978902843,1.1442529958088488,2023
2023-07-27,3,3,0.004729991071019642,1.149665302262012,2023
2023-07-28,3,3,0.023638196444436987,1.1768413165222344,2023
2023-07-31,3,3,0.009203254777416348,1.1876720869907786,2023
2023-08-01,3,3,-0.015752204901432847,1.1689636329207875,2023
2023-08-02,3,3,-0.004579331690053275,1.1636105607120335,2023
2023-08-03,3,3,0.01523275536598708,1.1813355557246388,2023
2023-08-04,3,3,0.006397812195518382,1.1888935187500533,2023
2023-08-07,3,3,-0.004729981033471368,1.1832700749555487,2023
2023-08-08,3,3,-0.003092243186582818,1.17961111612838,2023
2023-08-09,3,3,0.005685385566611985,1.1863176601422312,2023
2023-08-10,3,3,-0.010641886424655503,1.1736930023394345,2023
2023-08-11,3,3,-0.024254727873912845,1.1452253979601759,2023
2023-08-14,3,3,-0.0030861192304438845,1.1416910958363382,2023
2023-08-15,3,3,0.0057457690046717564,1.1482509891477044,2023
2023-08-16,3,3,-0.030392920422905423,1.1133522882090159,2023
2023-08-17,3,3,-0.005322435193865512,1.1074265428070815,2023
2023-08-18,3,3,-0.014126407854630893,1.091782583794345,2023
2023-08-21,3,3,-0.018386785342996575,1.0717082117848962,2023
2023-08-22,3,3,0.01276109430429706,1.0853843813421729,2023
2023-08-23,3,3,-0.021818723766101906,1.0617026793456266,2023
2023-08-24,3,3,-0.011091147663409129,1.049927178154367,2023
2023-08-25,3,3,-0.0054375102255478,1.044218188387072,2023
2023-08-28,3,3,0.014945102836143328,1.0598241365958883,2023
2023-08-29,3,3,-0.0063565510634819855,1.0530873103533058,2023
2023-08-30,3,3,0.013596813127410567,1.067405941719027,2023
2023-08-31,3,3,-0.006445719800768616,1.0605257421050305,2023
2023-09-01,3,3,0.005411142537495972,1.0662643980602446,2023
2023-09-04,3,3,0.006612693361406981,1.0733152775668022,2023
2023-09-05,3,3,-0.014916137552849854,1.0573055592490406,2023
2023-09-06,3,3,0.00041896998075237796,1.0577485385388485,2023
2023-09-07,3,3,-0.013039126162416573,1.0439564218967288,2023
2023-09-08,3,3,-0.012343329025292745,1.0310705242931901,2023
2023-09-11,3,3,0.014880675829042142,1.0464135505220775,2023
2023-09-12,3,3,-0.0022351848992341696,1.0440746227555966,2023
2023-09-13,3,3,-0.011434869988400043,1.0321357651861984,2023
2023-09-14,3,3,0.0029794246617764752,1.0352109359392958,2023
2023-09-15,3,3,-0.009104202510885876,1.0257861659370209,2023
2023-09-18,3,3,0.00024623380617723917,1.0260387491689835,2023
2023-09-19,3,3,-0.008811998422540693,1.016997297329841,2023
2023-09-20,3,3,-0.003862728620218229,1.0130689127627603,2023
2023-09-21,3,3,-0.004318400487293632,1.0086940754762237,2023
2023-09-22,3,3,0.03133411943680856,1.0403006161123969,2023
2023-09-25,3,3,-0.0055124830906374545,1.0345659765568975,2023
2023-09-26,3,3,0.01254093562759806,1.0475404018714007,2023
2023-09-27,3,3,-0.001804493417549513,1.0456501221116066,2023
2023-09-28,3,3,-0.002296015440438485,1.043249293285942,2023
2023-10-09,3,3,-0.0030096781580640775,1.0401094486745235,2023
2023-10-10,3,3,-0.0014560780897798036,1.0385949680953357,2023
2023-10-11,3,3,0.02393507731054097,1.0634538189510363,2023
2023-10-12,3,3,0.0037235520052925075,1.0674136445511273,2023
2023-10-13,3,3,-0.011713410340682665,1.0549105905292564,2023
2023-10-16,3,3,-0.0033494825185033847,1.0513771859476946,2023
2023-10-17,3,3,-0.0025098830172436415,1.048738352203967,2023
2023-10-18,3,3,0.0024001147489205086,1.0512554445908504,2023
2023-10-19,3,3,-0.0214355623766536,1.0287211929345266,2023
2023-10-20,3,3,-0.015278761674442901,1.0130036069982313,2023
2023-10-23,3,3,-0.0006832917744541792,1.0123114299660771,2023
2023-10-24,3,3,-0.03203485462308564,0.9798821804738259,2023
2023-10-25,3,3,0.006527535003619615,0.9862783957062919,2023
2023-10-26,3,3,-0.010811441292471543,0.9756153047330803,2023
2023-10-27,3,3,0.0019400816108380292,0.977508078045045,2023
2023-10-30,3,3,-0.009382284053920498,0.9683368195918245,2023
2023-10-31,3,3,0.0007400054256266145,0.9690533940921564,2023
2023-11-01,3,3,-0.0014707259056994844,0.9676281821614591,2023
2023-11-02,3,3,0.00010532883735914211,0.9677301013128821,2023
2023-11-03,3,3,0.009837843392552817,0.9772504784958574,2023
2023-11-06,3,3,0.020658577550201212,0.9974390832918354,2023
2023-11-07,3,3,-0.0001685447635578763,0.9972709701573785,2023
2023-11-08,3,3,-0.0008175199885260461,0.996455681205298,2023
2023-11-09,3,3,0.0006280547546519225,0.997081509933679,2023
2023-11-10,3,3,-0.01743924042378442,0.9796931657598357,2023
2023-11-13,3,3,0.013912267773338982,0.9933229194175967,2023
2023-11-14,3,3,0.0025875536736419402,0.9958931957868484,2023
2023-11-15,3,3,0.011448785977909623,1.0072949638422684,2023
2023-11-16,3,3,-0.01409351059791634,0.9930986415941296,2023
2023-11-17,3,3,-0.007627326143165895,0.9855239543623562,2023
2023-11-20,3,3,0.0074683403339477206,0.9928841826607923,2023
2023-11-21,3,3,0.0015912157944854381,0.9944640756543369,2023
2023-11-22,3,3,-0.013787328221847214,0.9807530730384546,2023
2023-11-23,3,3,-0.00029411345109516446,0.9804646203674711,2023
2023-11-24,3,3,-0.01141924590417287,0.9692684537671534,2023
2023-11-27,3,3,-0.011028557369854789,0.958578821017992,2023
2023-11-28,3,3,-0.004207341375324192,0.9545457526828135,2023
2023-11-29,3,3,-0.0163964253183236,0.9388946145360267,2023
2023-11-30,3,3,-0.002295413427771139,0.9367394632305587,2023
2023-12-01,3,3,0.0173608001194208,0.953002009815678,2023
2023-12-04,3,3,-0.0027746475346204593,0.9503577651386546,2023
2023-12-05,3,3,-0.02456684862811394,0.9270104697799405,2023
2023-12-06,3,3,-0.005248038942490078,0.9221454827344394,2023
2023-12-07,3,3,0.010023531213331216,0.9313886367638604,2023
2023-12-08,3,3,0.007220377886259621,0.9381136146802637,2023
2023-12-11,3,3,0.013318392315058603,0.9506077798366731,2023
2023-12-12,3,3,0.0012931031149640004,0.951837013717889,2023
2023-12-13,3,3,-0.015016284677535538,0.9375439581532858,2023
2023-12-14,3,3,-0.004340491697471083,0.9334745563869074,2023
2023-12-15,3,3,-0.005146055535773224,0.9286708444785091,2023
2023-12-18,3,3,-0.009908553730452777,0.9194690595180889,2023
2023-12-19,3,3,0.003551135473099524,0.922734218711761,2023
2023-12-20,3,3,-0.01766244987192341,0.906436471828656,2023
2023-12-21,3,3,0.014326826147306774,0.9194228295741234,2023
2023-12-22,3,3,-0.0064254126049909654,0.9135151585356613,2023
2023-12-25,3,3,0.004517079778859882,0.9176415793859647,2023
2023-12-26,3,3,-0.015622698031488266,0.9033055420900797,2023
2023-12-27,3,3,0.0022817125761052845,0.9053666257055322,2023
2023-12-28,3,3,0.026525319262894254,0.9293817645023407,2023
2023-12-29,3,3,-0.0034970711937286993,0.9261316503057229,2023
2024-01-02,3,3,-0.01803390605462733,0.9094298791298925,2024
2024-01-03,3,3,-0.011675800216501867,0.8988115575502544,2024
2024-01-04,3,3,-0.017280050394809805,0.8832800485403485,2024
2024-01-05,3,3,0.004355185727901352,0.8871268972014914,2024
2024-01-08,3,3,-0.017839313510313277,0.8713011623588826,2024
2024-01-09,3,3,0.0037111453221414514,0.8745346875917471,2024
2024-01-10,3,3,-0.01254425457650051,0.8635643018346159,2024
2024-01-11,3,3,0.013333114904714968,0.8750783038985867,2024
2024-01-12,3,3,-0.006017964693742088,0.8698121135614653,2024
2024-01-15,3,3,-0.0011325345841442698,0.8688270212611493,2024
2024-01-16,3,3,0.010866135801780086,0.878267813662429,2024
2024-01-17,3,3,-0.014582931504313112,0.865460094293347,2024
2024-01-18,3,3,0.007603527823086302,0.8720406442000774,2024
2024-01-19,3,3,-0.005202206564265399,0.8675041086365136,2024
2024-01-22,3,3,-0.01217640072746029,0.8569410309770372,2024
2024-01-23,3,3,0.03788491489968308,0.889406169009649,2024
2024-01-24,3,3,0.014856048824272087,0.9026192304810652,2024
2024-01-25,3,3,0.012217267729322115,0.9136467712774872,2024
2024-01-26,3,3,0.004581704404928777,0.9178328307139982,2024
2024-01-29,3,3,-0.006510142356159099,0.9118576083268937,2024
2024-01-30,3,3,-0.005920185160696034,0.906459242445409,2024
2024-01-31,3,3,-0.02398833130911404,0.88471479781942,2024
2024-02-01,3,3,0.018851300136494237,0.9013928220083117,2024
2024-02-02,3,3,-0.012655614971538701,0.8899851415148659,2024
2024-02-05,3,3,0.00404101186988733,0.8935815820357507,2024
2024-02-06,3,3,0.03324761300937203,0.9232910366675776,2024
2024-02-07,3,3,0.0004407091587828038,0.9236979394836591,2024
2024-02-08,3,3,0.015918455926083725,0.938401784422344,2024
2024-02-19,3,3,0.037306097814941395,0.9734098931817194,2024
2024-02-20,3,3,-0.0084079227928426,0.9652255379540583,2024
2024-02-21,3,3,0.0436334937634398,1.0073417004446894,2024
2024-02-22,3,3,0.011962822819151361,1.0193923507254519,2024
2024-02-23,3,3,0.001671926876844217,1.0210967001946791,2024
2024-02-26,3,3,-0.01587305478384989,1.0048887763328807,2024
2024-02-27,3,3,0.02113932081183671,1.0261314425559953,2024
2024-02-28,3,3,-0.017366280675481145,1.0083113559146315,2024
2024-02-29,3,3,0.018937071643474024,1.0274058203005154,2024
2024-03-01,3,3,0.015780853106007447,1.043619160630935,2024
2024-03-04,3,3,-0.009589834044623028,1.0336110260746956,2024
2024-03-05,3,3,0.009683666114714754,1.0436201701436907,2024
2024-03-06,3,3,-0.00869911954134317,1.034541593527854,2024
2024-03-07,3,3,-0.008561619966023115,1.0256842415650245,2024
2024-03-08,3,3,0.0025549254444713343,1.0283047883317922,2024
2024-03-11,3,3,0.007358405410619088,1.0358714718500184,2024
2024-03-12,3,3,-0.0017047575320007964,1.0341055621561972,2024
2024-03-13,3,3,-0.011328790071907013,1.0223903973303383,2024
2024-03-14,3,3,-0.00827687620502419,1.0139281985784296,2024
2024-03-15,3,3,0.020336050272569794,1.0345474933974967,2024
2024-03-18,3,3,0.002541968781117269,1.0371772808282962,2024
2024-03-19,3,3,-0.015248980599211906,1.0213613845950023,2024
2024-03-20,3,3,0.01242341514410857,1.0340501810879874,2024
2024-03-21,3,3,0.006386724212472957,1.040654374416454,2024
2024-03-22,3,3,-0.014622488128310462,1.025437418180875,2024
2024-03-25,3,3,-0.010334508935299858,1.0148400260200938,2024
2024-03-26,3,3,0.004852204249810847,1.0197642371072269,2024
2024-03-27,3,3,-0.016668866917626073,1.002765922751532,2024
2024-03-28,3,3,0.026041858729129563,1.0288798112502127,2024
2024-03-29,3,3,-0.0070209893813631226,1.021656057020726,2024
2024-04-01,3,3,0.015237334628822596,1.0372233722371142,2024
2024-04-02,3,3,-0.006185448433841205,1.0308076805537667,2024
2024-04-03,3,3,-0.013194707181683326,1.0172064750482295,2024
2024-04-08,3,3,-0.0031949754531042096,1.0139565253297118,2024
2024-04-09,3,3,-0.0010056062811297044,1.0129368842790478,2024
2024-04-10,3,3,-0.012958204297190745,0.9998110411924,2024
2024-04-11,3,3,0.0010440714940543512,1.0008549153999498,2024
2024-04-12,3,3,-0.015877943854146353,0.984963397247083,2024
2024-04-15,3,3,0.016272610026543417,1.0009913225009042,2024
2024-04-16,3,3,-0.0038738816194495707,0.9971136006154394,2024
2024-04-17,3,3,0.028098727711949916,1.0251312241770147,2024
2024-04-18,3,3,0.0017098114640309674,1.0268840052962487,2024
2024-04-19,3,3,-0.01686571102913507,1.0095648764024814,2024
2024-04-22,3,3,-0.01186067283801647,0.9975907576947189,2024
2024-04-23,3,3,-0.013436164847707857,0.9841869638237829,2024
2024-04-24,3,3,0.012208680788831971,0.9962025883016372,2024
2024-04-25,3,3,0.002093207913427042,0.9982878474428467,2024
2024-04-26,3,3,0.010805448012588573,1.0090747948799894,2024
2024-04-29,3,3,0.016501384726913242,1.0257259262885352,2024
2024-04-30,3,3,0.010287759090120066,1.0362783475106818,2024
2024-05-06,3,3,0.013902359012609056,1.0506850611347687,2024
2024-05-07,3,3,-0.0012470211045992146,1.0493748346892466,2024
2024-05-08,3,3,-0.01555619967890065,1.0330505502228073,2024
2024-05-09,3,3,0.003582583225080871,1.036751539794696,2024
2024-05-10,3,3,0.0062263644164399405,1.043206732690763,2024
2024-05-13,3,3,0.004669652909038498,1.048078146044801,2024
2024-05-14,3,3,-0.010141752373998761,1.037448797019015,2024
2024-05-15,3,3,-0.006463086155189164,1.0307436760622837,2024
2024-05-16,3,3,0.017031853659059498,1.0482991515129776,2024
2024-05-17,3,3,0.017809070964134383,1.066968385493914,2024
2024-05-20,3,3,0.009004875614238609,1.0765763030896118,2024
2024-05-21,3,3,0.008549376616806326,1.085780359361454,2024
2024-05-22,3,3,0.008806325337157084,1.0953420944506862,2024
2024-05-23,3,3,-0.015072949999902127,1.0788320578282429,2024
2024-05-24,3,3,-0.013146491656473228,1.064649201181268,2024
2024-05-27,3,3,0.014045611759619492,1.0796028505212492,2024
2024-05-28,3,3,-0.011788047322727424,1.0668764410295533,2024
2024-05-29,3,3,-0.006469463823121413,1.059974322490572,2024
2024-05-30,3,3,-0.0022526448073412566,1.0575865768370987,2024
2024-05-31,3,3,-0.0012010111786008304,1.056316403535979,2024
2024-06-03,3,3,-0.006848182391109514,1.049082556141844,2024
2024-06-04,3,3,0.0025471160580861074,1.051754691166851,2024
2024-06-05,3,3,-0.005093561311819224,1.0463975141623991,2024
2024-06-06,3,3,-0.0036156123045945434,1.0426141464346965,2024
2024-06-07,3,3,0.002121765360250364,1.0448263290147086,2024
2024-06-11,3,3,-0.008857119979788886,1.035572176860583,2024
2024-06-12,3,3,0.007533294953836515,1.0433734475148604,2024
2024-06-13,3,3,-0.0007877498859914326,1.0425515302005341,2024
2024-06-14,3,3,0.00654551624700872,1.0493755681798056,2024
2024-06-17,3,3,-0.008512498409282662,1.0404427603249349,2024
2024-06-18,3,3,0.004292254435335689,1.0449086053776524,2024
2024-06-19,3,3,0.004111858415855596,1.0492051216204745,2024
2024-06-20,3,3,-0.01178449190246141,1.036840772360717,2024
2024-06-21,3,3,0.0018636178717549672,1.0387730473542527,2024
2024-06-24,3,3,-0.011420865420471679,1.0269093601780064,2024
2024-06-25,3,3,0.006135402565879744,1.0332098625013684,2024
2024-06-26,3,3,0.026670710924064183,1.0607663040680346,2024
2024-06-27,3,3,-0.009869107318679701,1.050297487573148,2024
2024-06-28,3,3,-0.0003122709156045585,1.0499695102150461,2024
2024-07-01,3,3,0.013593507578469888,1.0642422787093166,2024
2024-07-02,3,3,0.007708063696531727,1.0724455259821501,2024
2024-07-03,3,3,-0.009158874438054965,1.0626231320680257,2024
2024-07-04,3,3,-0.010606893833100206,1.0513520013215838,2024
2024-07-05,3,3,-0.015577747329285074,1.034974305490858,2024
2024-07-08,3,3,-0.017793955864971567,1.016558018377574,2024
2024-07-09,3,3,0.016815429384043828,1.0336518779503856,2024
2024-07-10,3,3,0.00343536870796061,1.0372028532668212,2024
2024-07-11,3,3,-0.0007732939919589862,1.0364007905319472,2024
2024-07-12,3,3,0.011600327613953096,1.0484233792414779,2024
2024-07-15,3,3,-0.002233566123031161,1.0460816562990103,2024
2024-07-16,3,3,0.0058414721804015786,1.0521923131927093,2024
2024-07-17,3,3,0.010132671952378658,1.0628538327331056,2024
2024-07-18,3,3,0.0003793637453278394,1.0632570409438273,2024
2024-07-19,3,3,0.0022809288753231627,1.0656822546304068,2024
2024-07-22,3,3,-0.008015275990935544,1.0571405172409016,2024
2024-07-23,3,3,-0.010303039606836947,1.0462487566217764,2024
2024-07-24,3,3,-0.005493433614981373,1.040501258532518,2024
2024-07-25,3,3,-0.0019663861785007195,1.038455231239027,2024
2024-07-26,3,3,-0.007883768433619265,1.030268290667258,2024
2024-07-29,3,3,0.010886986336408092,1.041484807470587,2024
2024-07-30,3,3,-0.005527511027062948,1.0357279887127746,2024
2024-07-31,3,3,0.01554925698607453,1.0518327893769395,2024
2024-08-01,3,3,0.003222099305100534,1.055221899076673,2024
2024-08-02,3,3,-0.011999944658070416,1.0425592946857691,2024
2024-08-05,3,3,-0.01528767243694821,1.0266209896925174,2024
2024-08-06,3,3,-0.02324954237814214,1.002752521486371,2024
2024-08-07,3,3,0.003347098681039625,1.0061088331284471,2024
2024-08-08,3,3,0.0004783389731377226,1.0065900941945507,2024
2024-08-09,3,3,0.007624925131107278,1.0142652683004985,2024
2024-08-12,3,3,-0.010114485853641312,1.0040064965924334,2024
2024-08-13,3,3,0.00024950849330152014,1.004257004740663,2024
2024-08-14,3,3,-0.004305951344066343,0.9999327229413119,2024
2024-08-15,3,3,0.011079046309947863,1.011011023885611,2024
2024-08-16,3,3,0.005908205312495918,1.0169842845879238,2024
2024-08-19,3,3,0.012940060257991806,1.0301441225119223,2024
2024-08-20,3,3,-0.007241627750413371,1.0226842022474147,2024
2024-08-21,3,3,0.0021151206262047806,1.024847302697682,2024
2024-08-22,3,3,-0.006045371906326776,1.0186517196056788,2024
2024-08-23,3,3,0.0113481224809218,1.0302115040851656,2024
2024-08-26,3,3,-0.0032745732240555916,1.0268380010787743,2024
2024-08-27,3,3,-0.008660542793240356,1.0179450266287062,2024
2024-08-28,3,3,-0.005937428944437458,1.0119010503637547,2024
2024-08-29,3,3,-0.01501727299213973,0.9967050560494092,2024
2024-08-30,3,3,0.004124997244097354,1.000816461658791,2024
2024-09-02,3,3,-0.013171786442676026,0.9876339209575067,2024
2024-09-03,3,3,8.240997746059946e-05,0.987715311846672,2024
2024-09-04,3,3,-0.001247740932206994,0.9864828990227134,2024
2024-09-05,3,3,0.00546661661835975,0.9918756228322385,2024
2024-09-06,3,3,0.002556408978903265,0.994411262580402,2024
2024-09-09,3,3,-0.01371856246064529,0.9807693695631237,2024
2024-09-10,3,3,0.011834846738005464,0.9923766247372334,2024
2024-09-11,3,3,-0.017737125339568654,0.974774716160211,2024
2024-09-12,3,3,0.010227810188010592,0.9847445269331697,2024
2024-09-13,3,3,-0.009011426410826232,0.9758705740952476,2024
2024-09-18,3,3,0.0015718198265395333,0.977404466811747,2024
2024-09-19,3,3,0.01723205259997725,0.9942471519952997,2024
2024-09-20,3,3,0.003996884804594407,0.9982210433291209,2024
2024-09-23,3,3,0.011245521400238193,1.0094465594340467,2024
2024-09-24,3,3,0.04059772753116042,1.0504277958112174,2024
2024-09-25,3,3,0.024849752465769814,1.0765306665202903,2024
2024-09-26,3,3,0.04621149373334332,1.1262787566699446,2024
2024-09-27,3,3,0.03496553044228209,1.165659690822783,2024
2024-09-30,3,3,0.06746715662219582,1.244303435751704,2024
2024-10-08,3,3,0.06570938749940007,1.3260658523783477,2024
2024-10-09,3,3,-0.0657656340043135,1.2388562908652154,2024
2024-10-10,3,3,0.014780784316439255,1.2571675584995583,2024
2024-10-11,3,3,-0.026331079661058705,1.2240649793694076,2024
2024-10-14,3,3,0.022959827599081883,1.252169300265803,2024
2024-10-15,3,3,-0.013100054478102882,1.2357658142165129,2024
2024-10-16,3,3,0.0073804963816376246,1.2448863793368892,2024
2024-10-17,3,3,0.0036502788831919895,1.249430561799356,2024
2024-10-18,3,3,0.01102461639404432,1.2632050544541893,2024
2024-10-21,3,3,-0.0038081939970917578,1.258394524548721,2024
2024-10-22,3,3,-0.006177639799057573,1.2506206164509526,2024
2024-10-23,3,3,0.004019894757489428,1.255647979710632,2024
2024-10-24,3,3,-0.010264592953889817,1.242759264305528,2024
2024-10-25,3,3,0.001743840848012601,1.2449264386748702,2024
2024-10-28,3,3,-0.0015409129047207666,1.243008115460088,2024
2024-10-29,3,3,-0.0035346146175057416,1.2386145608055046,2024
2024-10-30,3,3,-0.011062480687812423,1.2249124111469505,2024
2024-10-31,3,3,0.0013015718600045318,1.2265067226722697,2024
2024-11-01,3,3,-0.0034251068874552684,1.2223058060489347,2024
2024-11-04,3,3,0.007521522989860048,1.2314994072697711,2024
2024-11-05,3,3,0.018268163781938407,1.2539966401391354,2024
2024-11-06,3,3,0.00032304167036549075,1.2544017333083985,2024
2024-11-07,3,3,0.028849825253436972,1.2905910041119544,2024
2024-11-08,3,3,-0.016459041825200343,1.2693491127960486,2024
2024-11-11,3,3,0.006488012653443047,1.277584665901506,2024
2024-11-12,3,3,-0.0174298241644657,1.255316589819625,2024
2024-11-13,3,3,0.03446643195352742,1.2985828736427774,2024
2024-11-14,3,3,-0.01075986166294507,1.2846103015645114,2024
2024-11-15,3,3,-0.0046066071398982444,1.2786926065773374,2024
2024-11-18,3,3,-0.009581946146094497,1.266440242883704,2024
2024-11-19,3,3,-0.007584096893834176,1.256835437371423,2024
2024-11-20,3,3,0.005675341739645567,1.2639684079890028,2024
2024-11-21,3,3,0.004964969054389701,1.2702439720203946,2024
2024-11-22,3,3,-0.025536272165584368,1.2378066762341888,2024
2024-11-25,3,3,-0.009521392154486477,1.2260210334583217,2024
2024-11-26,3,3,-0.009892402670156711,1.2138927397132704,2024
2024-11-27,3,3,0.018469030709563256,1.2363121620011506,2024
2024-11-28,3,3,-0.005722424557749369,1.229237458924271,2024
2024-11-29,3,3,0.02635806270257531,1.2616377769429512,2024
2024-12-02,3,3,0.0003727237147449121,1.262108019261836,2024
2024-12-03,3,3,0.0006704716529254418,1.262954226911681,2024
2024-12-04,3,3,0.0026892299619571958,1.2663506012592722,2024
2024-12-05,3,3,0.004968863233523783,1.2726429242026203,2024
2024-12-06,3,3,0.012317331554612862,1.2883184890506558,2024
2024-12-09,3,3,0.004408816993074309,1.2939984494976742,2024
2024-12-10,3,3,0.020259783854028157,1.3202145783919446,2024
2024-12-11,3,3,-0.015786321143758997,1.2993732470787769,2024
2024-12-12,3,3,0.004939887377812147,1.305792004581088,2024
2024-12-13,3,3,-0.02293988032216332,1.27583729227036,2024
2024-12-16,3,3,-0.0034963302248380845,1.2713765437834197,2024
2024-12-17,3,3,-0.008891693009710155,1.2600718538563511,2024
2024-12-18,3,3,0.008439274609693959,1.270705946258991,2024
2024-12-19,3,3,0.004359601963576321,1.2762457183974296,2024
2024-12-20,3,3,0.003773203319169823,1.281061252978163,2024
2024-12-23,3,3,0.0063048509792297995,1.2891381532734558,2024
2024-12-24,3,3,0.011162104457149121,1.3035276479999904,2024
2024-12-25,3,3,0.006597251922671983,1.3121273482820146,2024
2024-12-26,3,3,0.004126521940207313,1.3175418705730464,2024
2024-12-27,3,3,-0.005739415682621041,1.3099799500985696,2024
2024-12-30,3,3,0.008182933932383563,1.3206994294829733,2024
2024-12-31,3,3,-0.025173025284416856,1.2874534293514834,2024
2025-01-02,3,3,-0.02746999590196338,1.2520870889232294,2025
2025-01-03,3,3,-0.017142946957248866,1.2306226263719624,2025
2025-01-06,3,3,0.004438215009304265,1.2360843941831159,2025
2025-01-07,3,3,0.012354105832324214,1.2513551116065385,2025
2025-01-08,3,3,-0.0001780526595692352,1.2511323045008513,2025
2025-01-09,3,3,-0.004394655340393035,1.2456340092373384,2025
2025-01-10,3,3,-0.009619013441916699,1.2336522389587758,2025
2025-01-13,3,3,-0.00511257655122029,1.2273450974495148,2025
2025-01-14,3,3,0.025138374146018123,1.2581985577154817,2025
2025-01-15,3,3,0.001106528828306123,1.259590790691327,2025
2025-01-16,3,3,0.01475706552291108,1.2781786545216143,2025
2025-01-17,3,3,-0.003200719973493508,1.274087562572394,2025
2025-01-20,3,3,0.0016227084114865953,1.2761550351771507,2025
2025-01-21,3,3,-0.0002574472775482839,1.2758264925376148,2025
2025-01-22,3,3,-0.021469626435216032,1.2484349743466803,2025
2025-01-23,3,3,0.014005035752774675,1.2659193507974198,2025
2025-01-24,3,3,0.02066631846304164,1.2920812432495261,2025
2025-01-27,3,3,0.018484416564008715,1.3159646111842926,2025
2025-02-05,3,3,0.013834281420162705,1.334170035954391,2025
2025-02-06,3,3,0.0014001737379516859,1.3360381058006965,2025
2025-02-07,3,3,-0.004209295674875824,1.3304143263804804,2025
2025-02-10,3,3,0.0037473366791243765,1.3353998367841584,2025
2025-02-11,3,3,-0.006149552310455479,1.3271877256324807,2025
2025-02-12,3,3,0.004822482981507485,1.333588065852609,2025
2025-02-13,3,3,-0.008956679068269505,1.3216435455374929,2025
2025-02-14,3,3,0.016285576994861994,1.3431672732581061,2025
2025-02-17,3,3,0.005210528433206685,1.3501658845259703,2025
2025-02-18,3,3,0.0012086499050942834,1.3517977623941642,2025
2025-02-19,3,3,-0.0012326878981366123,1.3501314176517327,2025
2025-02-20,3,3,-0.008071011803714797,1.3392344910432994,2025
2025-02-21,3,3,0.008389052450297418,1.350469399431909,2025
2025-02-24,3,3,0.006902393944728136,1.3597908712370885,2025
2025-02-25,3,3,-0.018017611922628296,1.335290687023206,2025
2025-02-26,3,3,0.002664212522652365,1.3388481851929543,2025
2025-02-27,3,3,-0.0011145920195230936,1.3373559156903851,2025
2025-02-28,3,3,-0.020588447258935345,1.3098218339537684,2025
2025-03-03,3,3,-0.0034851362718220833,1.3052569263706315,2025
2025-03-04,3,3,-0.0008025378426845068,1.304209408292793,2025
2025-03-05,3,3,0.01097268360382834,1.3185200854831263,2025
2025-03-06,3,3,0.004703851097833889,1.324722207634742,2025
2025-03-07,3,3,-0.004213734820812813,1.3191401795405275,2025
2025-03-10,3,3,-0.005182217032853524,1.312304108833391,2025
2025-03-11,3,3,0.0002059098016941041,1.3125743251122035,2025
2025-03-12,3,3,0.006109606672843178,1.3205936379675116,2025
2025-03-13,3,3,-0.005245098471033567,1.3136669942961514,2025
2025-03-14,3,3,0.0156113828389286,1.3341751526669732,2025
2025-03-17,3,3,-0.009870314287711457,1.3210064245952948,2025
2025-03-18,3,3,0.001199396173047429,1.3225908346455255,2025
2025-03-19,3,3,-0.003999038452768611,1.3173017430404987,2025
2025-03-20,3,3,-0.0044522623104107,1.3114367701385212,2025
2025-03-21,3,3,-0.015327698085245737,1.2913354632679481,2025
2025-03-24,3,3,0.006159093879499237,1.2992889196161421,2025
2025-03-25,3,3,-0.0037091822806108268,1.294469620178108,2025
2025-03-26,3,3,-0.005490008586692241,1.287362970848118,2025
2025-03-27,3,3,0.0030984041530398945,1.2913517416234637,2025
2025-03-28,3,3,-0.00810344918918308,1.280887338399855,2025
2025-03-31,3,3,-0.004799831315903151,1.2747392952408596,2025
2025-04-01,3,3,0.0010219012768769205,1.2760419529543514,2025
2025-04-02,3,3,0.008203160362788267,1.2865095297240816,2025
2025-04-03,3,3,-0.0005420676161419502,1.2858121545701602,2025
2025-04-07,3,3,-0.08073347553246786,1.1820040704498203,2025
2025-04-08,3,3,0.019181661260869103,1.204676872138157,2025
2025-04-09,3,3,-0.002046152546989144,1.2022119194879326,2025
2025-04-10,3,3,0.008458361232510278,1.212380662180991,2025
2025-04-11,3,3,0.004908678622990788,1.2183318492203663,2025
2025-04-14,3,3,0.006817038392085066,1.2266372642108017,2025
2025-04-15,3,3,0.007628721302609313,1.235994938038861,2025
2025-04-16,3,3,0.004938952406375763,1.2420994582123561,2025
2025-04-17,3,3,0.00615019262639042,1.2497386091414975,2025
2025-04-18,3,3,0.008331161655862044,1.2601503835218275,2025
2025-04-21,3,3,-0.006050078570328947,1.2525263746910904,2025
2025-04-22,3,3,0.0037606507416193904,1.2572366889309703,2025
2025-04-23,3,3,-0.002843893752219051,1.253661241366259,2025
2025-04-24,3,3,0.0035812805575684927,1.2581509539957412,2025
2025-04-25,3,3,-0.003261666253490262,1.2540472854872968,2025
2025-04-28,3,3,0.0072351405553091235,1.2631204938608012,2025
2025-04-29,3,3,0.0032831734219542774,1.2672675374949707,2025
2025-04-30,3,3,0.00873867841539692,1.278341780971411,2025
2025-05-06,3,3,0.014301877284992473,1.296624468251143,2025
2025-05-07,3,3,0.007888755000853101,1.3068532210092876,2025
2025-05-08,3,3,0.013427065824615244,1.3244004252308896,2025
2025-05-09,3,3,0.001809083326480813,1.3267963759577588,2025
2025-05-12,3,3,-0.0006994690407539084,1.325868322969392,2025
2025-05-13,3,3,0.014807905597207979,1.345501655930251,2025
2025-05-14,3,3,0.0069955288805664635,1.3549141516231613,2025
2025-05-15,3,3,-0.002571562580364284,1.3514299050912413,2025
2025-05-16,3,3,-0.00691933438142156,1.3420789096848622,2025
2025-05-19,3,3,-0.0016623669008844304,1.339847882127027,2025
2025-05-20,3,3,0.010373095943225996,1.3537462527576587,2025
2025-05-21,3,3,-0.0019502839867118205,1.3511060631188343,2025
2025-05-22,3,3,0.007142877055185422,1.3607568476162075,2025
2025-05-23,3,3,-0.013077570305384922,1.3429614542729726,2025
2025-05-26,3,3,-0.005723421939922961,1.3352751192211159,2025
2025-05-27,3,3,0.003992695836386469,1.3406064666300606,2025
2025-05-28,3,3,-0.0001868728545344478,1.340355943672834,2025
2025-05-29,3,3,0.005042386036041457,1.347114535766535,2025
2025-05-30,3,3,0.0029530194677917323,1.351092591215999,2025
2025-06-03,3,3,0.02690211786596623,1.3874398433527257,2025
2025-06-04,3,3,-0.002737345483794599,1.3836419411634875,2025
2025-06-05,3,3,-0.002396917045538386,1.380325466209791,2025
2025-06-06,3,3,0.0020027720376152303,1.3830899434563242,2025
2025-06-09,3,3,0.00036286574458880655,1.38359181941849,2025
2025-06-10,3,3,-0.001209429838956037,1.3819184621871499,2025
2025-06-11,3,3,0.001606368409683756,1.3841383323495662,2025
2025-06-12,3,3,0.007589428624604581,1.3946431514295123,2025
2025-06-13,3,3,-0.006790668589333637,1.3851725919877707,2025
2025-06-16,3,3,0.013157796890655105,1.403398411611648,2025
2025-06-17,3,3,-0.0038442363033321567,1.3980034164896917,2025
2025-06-18,3,3,0.007305357189913171,1.4082163307998679,2025
2025-06-19,3,3,-0.008214701859212211,1.3966482534890732,2025
2025-06-20,3,3,0.003674754488729892,1.401780592927759,2025
2025-06-23,3,3,0.011563842675606617,1.417990563170094,2025
2025-06-24,3,3,0.005226480836236928,1.4254016636744673,2025
2025-06-25,3,3,0.013371863261049407,1.4444619398131946,2025
2025-06-26,3,3,0.012622383512854348,1.4626944923872383,2025
2025-06-27,3,3,-0.008364569159049706,1.4504596831471042,2025
2025-06-30,3,3,0.009273723477520793,1.463910845163903,2025
2025-07-01,3,3,0.013555782777336897,1.4837553025863326,2025
2025-07-02,3,3,-0.003781836388071095,1.4781439827920182,2025
2025-07-03,3,3,0.00020264910571976547,1.478443527348256,2025
2025-07-04,3,3,0.01578444075282222,1.501779931612078,2025
2025-07-07,3,3,0.001203479309769273,1.5035872926875997,2025
2025-07-08,3,3,-0.007414582600023811,1.4924388205096213,2025
2025-07-09,3,3,0.002426557759969176,1.496060309510808,2025
2025-07-10,3,3,0.009650258534592856,1.5104976782809303,2025
2025-07-11,3,3,-0.015413452357035099,1.487215694281335,2025
2025-07-14,3,3,0.005230739645965987,1.4949949323755152,2025
2025-07-15,3,3,-0.004666596450796701,1.4880183943301326,2025
2025-07-16,3,3,-0.004517101565521246,1.4812968641115796,2025
2025-07-17,3,3,0.0013484708738857505,1.4832943497884123,2025
2025-07-18,3,3,0.003885160676956397,1.4890571866685618,2025
2025-07-21,3,3,-9.397380963360735e-05,1.4889172542919682,2025
2025-07-22,3,3,-0.012198042907492638,1.4707553777384086,2025
2025-07-23,3,3,0.00487058796582603,1.477918821181895,2025
2025-07-24,3,3,-0.0077902397150957,1.4664054792854364,2025
2025-07-25,3,3,0.013657650223361259,1.4864331324071371,2025
2025-07-28,3,3,-0.002694448615990145,1.482428014710761,2025
2025-07-29,3,3,-0.012557295512929056,1.4638127280533932,2025
2025-07-30,3,3,0.002397014054508132,1.4673215077357051,2025
2025-07-31,3,3,-0.006338741149262324,1.458020536515423,2025
2025-08-01,3,3,0.003159050119473039,1.4626264964654965,2025
2025-08-04,3,3,0.0090568166563559,1.4758732364807126,2025
2025-08-05,3,3,0.019691532275678696,1.504935441951683,2025
2025-08-06,3,3,0.001241805449683812,1.506804278984921,2025
2025-08-07,3,3,0.0025693240429680944,1.510675747446964,2025
2025-08-08,3,3,-0.0006656944183996613,1.509670099033877,2025
2025-08-11,3,3,-0.001404045446153801,1.507550453606134,2025
2025-08-12,3,3,-0.003626831830929637,1.5020828216342628,2025
2025-08-13,3,3,-0.0020699092156579355,1.4989736465590804,2025
2025-08-14,3,3,-0.003289596550998216,1.4940426280213224,2025
2025-08-15,3,3,-0.006364587300631904,1.484533663284415,2025
2025-08-18,3,3,0.0062532243711449125,1.49381678536745,2025
2025-08-19,3,3,-0.00027806020861890585,1.4934014143604724,2025
2025-08-20,3,3,0.006582564052854363,1.5032318248271233,2025
2025-08-21,3,3,0.006880198879514928,1.5135743587439499,2025
2025-08-22,3,3,0.009459206480363505,1.5278915711266927,2025
2025-08-25,3,3,0.013022723289933999,1.5477888802744981,2025
2025-08-26,3,3,-0.003414856863132809,1.542503402794012,2025
2025-08-27,3,3,-0.010868654449111817,1.525738466322465,2025
2025-08-28,3,3,0.009684744721827196,1.54051485388107,2025
2025-08-29,3,3,-0.008548663751177688,1.527345510391546,2025
2025-09-01,3,3,-0.009251856914398449,1.5132147282705546,2025
2025-09-02,3,3,0.010136338106974044,1.528553184384758,2025
2025-09-03,3,3,-0.019673547282796838,1.4984811210374949,2025
2025-09-04,3,3,-0.01292549840723641,1.479112505694251,2025
2025-09-05,3,3,0.0021585095030641397,1.4823051840938928,2025
2025-09-08,3,3,0.01551556341329178,1.5053039841755527,2025
2025-09-09,3,3,-0.002862484265481117,1.500995075206084,2025
2025-09-10,3,3,-0.00153715377209999,1.4986878149643277,2025
2025-09-11,3,3,0.014662086620286008,1.5206617055241018,2025
2025-09-12,3,3,-0.01613762138656209,1.4961218426633103,2025
2025-09-15,3,3,-0.005357272608086457,1.4881067100972503,2025
2025-09-16,3,3,-0.002665390764871267,1.4841403242150142,2025
2025-09-17,3,3,-0.00423682736876511,1.477852277870292,2025
2025-09-18,3,3,-0.010981342598792762,1.461623475696592,2025
2025-09-19,3,3,0.004157001120739838,1.4676994461231625,2025
2025-09-22,3,3,-0.006581983472493984,1.4580390726261914,2025
2025-09-23,3,3,-0.00791501562785705,1.4464986705803289,2025
2025-09-24,3,3,0.014011547277312094,1.4667663550897343,2025
2025-09-25,3,3,0.010727496638359332,1.482501086233218,2025
2025-09-26,3,3,-0.016517732224318255,1.4580135302685566,2025
2025-09-29,3,3,-0.007603640750034872,1.4469273191757044,2025
2025-09-30,3,3,0.00765417145327089,1.458002348957097,2025
2025-10-09,3,3,0.020350666485944895,1.4876736684964473,2025
2025-10-10,3,3,-0.01848595980231064,1.460172592861666,2025
2025-10-13,3,3,0.014693393273067993,1.481627483015138,2025
2025-10-14,3,3,-0.003151533634696483,1.476958084168325,2025
2025-10-15,3,3,0.02245645894735408,1.5101253327524138,2025
2025-10-16,3,3,0.0031788654584625022,1.5149258180106497,2025
2025-10-17,3,3,-0.018752525625723233,1.4865171327873352,2025
2025-10-20,3,3,-0.007608536303716051,1.475206913216427,2025
2025-10-21,3,3,0.00840613420143003,1.4876077005038018,2025
2025-10-22,3,3,-0.001735462768854834,1.4850260127249157,2025
2025-10-23,3,3,0.0022920733368925936,1.4884298012532744,2025
2025-10-24,3,3,0.002750858529398085,1.4925242610674623,2025
2025-10-27,3,3,0.0003024467356160058,1.4929756701580499,2025
2025-10-28,3,3,-0.011493682561424209,1.4758158817333236,2025
2025-10-29,3,3,-0.015440860883309093,1.4530280140141012,2025
2025-10-30,3,3,-0.004905628511318001,1.4458999983608098,2025
2025-10-31,3,3,0.0036964736125637923,1.4512447295511566,2025
